biosample,camda_species,gtdb_species,gtdb_ani,accession,genome,antibiotic,camda_phenotype,assigned_phenotype,camda_mic,recategorized_mic
ERS016478,Staphylococcus aureus,Staphylococcus aureus,0.9878620131804317,ERR029363,ENA_SAMEA800315,ERY,Resistant,Resistant,,
ERS016574,Staphylococcus aureus,Staphylococcus aureus,0.9951652888221396,ERR030214,ENA_SAMEA800355,ERY,Resistant,Resistant,,
ERS016583,Staphylococcus aureus,Staphylococcus aureus,0.994782001644168,ERR030213,ENA_SAMEA800258,ERY,Resistant,Resistant,,
ERS016635,Staphylococcus aureus,Staphylococcus aureus,0.9948424755923952,ERR030252,ENA_SAMEA800219,ERY,Resistant,Resistant,,
ERS016654,Staphylococcus aureus,Staphylococcus aureus,0.994617076863773,ERR030277,ENA_SAMEA800372,ERY,Resistant,Resistant,,
ERS016657,Staphylococcus aureus,Staphylococcus aureus,0.9947931633562862,ERR030281,ENA_SAMEA800369,ERY,Resistant,Resistant,,
ERS040914,Staphylococcus aureus,Staphylococcus aureus,0.994793464340286,ERR053018,ENA_SAMEA1021900,ERY,Resistant,Resistant,,
ERS040927,Staphylococcus aureus,Staphylococcus aureus,0.9947823161963688,ERR053031,ENA_SAMEA1021870,ERY,Resistant,Resistant,,
ERS135208,Neisseria gonorrhoeae,Neisseria gonorrhoeae,0.9970248934308144,ERR191734,ENA_SAMEA1690501,TET,Resistant,Resistant,4.0,4.0
ERS135230,Neisseria gonorrhoeae,Neisseria gonorrhoeae,0.997050371509203,ERR191756,ENA_SAMEA1690399,TET,Resistant,Resistant,4.0,4.0
ERS135250,Neisseria gonorrhoeae,Neisseria gonorrhoeae,0.997072955439539,ERR191776,ENA_SAMEA1690340,TET,Resistant,Resistant,4.0,4.0
ERS135253,Neisseria gonorrhoeae,Neisseria gonorrhoeae,0.9975936401666532,ERR191779,ENA_SAMEA1690453,TET,Susceptible,Susceptible,0.25,0.25
ERS135275,Neisseria gonorrhoeae,Neisseria gonorrhoeae,0.9970094361513042,ERR191801,ENA_SAMEA1690471,TET,Resistant,Resistant,2.0,2.0
ERS135278,Neisseria gonorrhoeae,Neisseria gonorrhoeae,0.9970413996459906,ERR191804,ENA_SAMEA1690335,TET,Resistant,Resistant,4.0,4.0
ERS135283,Neisseria gonorrhoeae,Neisseria gonorrhoeae,0.9972025824111432,ERR191809,ENA_SAMEA1690445,TET,Resistant,Resistant,4.0,4.0
ERS135313,Neisseria gonorrhoeae,Neisseria gonorrhoeae,0.9965319960599456,ERR223616,ENA_SAMEA1690342,TET,Resistant,Resistant,4.0,4.0
ERS135322,Neisseria gonorrhoeae,Neisseria gonorrhoeae,0.9969001518682388,ERR223625,ENA_SAMEA1690378,TET,Resistant,Resistant,2.0,2.0
ERS135346,Neisseria gonorrhoeae,Neisseria gonorrhoeae,0.9970758181650868,ERR223649,ENA_SAMEA1690508,TET,Resistant,Resistant,2.0,2.0
ERS135361,Neisseria gonorrhoeae,Neisseria gonorrhoeae,0.9972694293181034,ERR223664,ENA_SAMEA1690368,TET,Resistant,Resistant,2.0,2.0
ERS135365,Neisseria gonorrhoeae,Neisseria gonorrhoeae,0.9969196957781415,ERR223668,ENA_SAMEA1690489,TET,Intermediate,Susceptible,0.5,0.5
ERS135373,Neisseria gonorrhoeae,Neisseria gonorrhoeae,0.997372224437354,ERR223676,ENA_SAMEA1690487,TET,Resistant,Resistant,4.0,4.0
ERS135383,Neisseria gonorrhoeae,Neisseria gonorrhoeae,0.9968392089790395,ERR223686,ENA_SAMEA1690507,TET,Resistant,Resistant,16.0,16.0
ERS135389,Neisseria gonorrhoeae,Neisseria gonorrhoeae,0.9968120860283862,ERR223692,ENA_SAMEA1690314,TET,Resistant,Resistant,64.0,64.0
ERS135392,Neisseria gonorrhoeae,Neisseria gonorrhoeae,0.9970188269967646,ERR223695,ENA_SAMEA1690494,TET,Resistant,Resistant,4.0,4.0
ERS135401,Neisseria gonorrhoeae,Neisseria gonorrhoeae,0.9965564561884068,ERR222897,ENA_SAMEA1677404,TET,Intermediate,Susceptible,1.0,1.0
ERS135403,Neisseria gonorrhoeae,Neisseria gonorrhoeae,0.9975427322667548,ERR222899,ENA_SAMEA1677394,TET,Susceptible,Susceptible,0.25,0.25
ERS135406,Neisseria gonorrhoeae,Neisseria gonorrhoeae,0.99697520974817,ERR222902,ENA_SAMEA1677481,TET,Intermediate,Susceptible,1.0,1.0
ERS135419,Neisseria gonorrhoeae,Neisseria gonorrhoeae,0.9968514482877888,ERR222915,ENA_SAMEA1677297,TET,Resistant,Resistant,16.0,16.0
ERS135545,Neisseria gonorrhoeae,Neisseria gonorrhoeae,0.997050371509203,ERR191760,ENA_SAMEA1690401,TET,Resistant,Resistant,4.0,4.0
ERS135566,Neisseria gonorrhoeae,Neisseria gonorrhoeae,0.9972353570995212,ERR191823,ENA_SAMEA1690461,TET,Resistant,Resistant,2.0,2.0
ERS135578,Neisseria gonorrhoeae,Neisseria gonorrhoeae,0.9973210637933692,ERR223636,ENA_SAMEA1690443,TET,Resistant,Resistant,2.0,2.0
ERS135580,Neisseria gonorrhoeae,Neisseria gonorrhoeae,0.9965640389469655,ERR223642,ENA_SAMEA1690383,TET,Intermediate,Susceptible,1.0,1.0
ERS135586,Neisseria gonorrhoeae,Neisseria gonorrhoeae,0.9967020385507585,ERR223660,ENA_SAMEA1690500,TET,Resistant,Resistant,16.0,16.0
ERS135596,Neisseria gonorrhoeae,Neisseria gonorrhoeae,0.996688146136195,ERR223690,ENA_SAMEA1690415,TET,Susceptible,Susceptible,0.25,0.25
ERS135598,Neisseria gonorrhoeae,Neisseria gonorrhoeae,0.9973698141627968,ERR223696,ENA_SAMEA1690454,TET,Susceptible,Susceptible,0.25,0.25
ERS135649,Neisseria gonorrhoeae,Neisseria gonorrhoeae,0.9972114587303964,ERR191763,ENA_SAMEA1690317,TET,Resistant,Resistant,2.0,2.0
ERS135667,Neisseria gonorrhoeae,Neisseria gonorrhoeae,0.99726410227799,ERR222895,ENA_SAMEA1677456,TET,Resistant,Resistant,4.0,4.0
ERS135687,Neisseria gonorrhoeae,Neisseria gonorrhoeae,0.9970173675218176,ERR223630,ENA_SAMEA1690472,TET,Susceptible,Susceptible,0.25,0.25
ERS2006671,Salmonella enterica,Salmonella enterica,0.9905873185150365,SRR5573144,ENA_SAMN02912014,GEN,Resistant,Resistant,16.0,16.0
ERS2006696,Salmonella enterica,Salmonella enterica,0.988488788612526,SRR5573064,ENA_SAMN02911934,GEN,Resistant,Resistant,8.0,8.0
ERS2006728,Salmonella enterica,Salmonella enterica,0.9991501922040434,SRR5573056,ENA_SAMN02911926,GEN,Intermediate,Susceptible,4.0,4.0
ERS393288,Staphylococcus aureus,Staphylococcus aureus,0.9832021850318182,ERR410059,ENA_SAMEA2335094,ERY,Susceptible,Susceptible,,
ERS393297,Staphylococcus aureus,Staphylococcus aureus,0.9823477614904772,ERR410068,ENA_SAMEA2335103,ERY,Susceptible,Susceptible,,
ERS393323,Staphylococcus aureus,Staphylococcus aureus,0.9833644743753872,ERR410094,ENA_SAMEA2335129,ERY,Susceptible,Susceptible,,
ERS393334,Staphylococcus aureus,Staphylococcus aureus,0.9835859203387814,ERR410105,ENA_SAMEA2335140,ERY,Susceptible,Susceptible,,
ERS397514,Staphylococcus aureus,Staphylococcus aureus,0.9878537406511024,ERR418326,ENA_SAMEA2339843,ERY,Resistant,Resistant,,
ERS397520,Staphylococcus aureus,Staphylococcus aureus,0.9828355637588588,ERR418332,ENA_SAMEA2339849,ERY,Resistant,Resistant,,
ERS397552,Staphylococcus aureus,Staphylococcus aureus,0.9827922539417812,ERR418364,ENA_SAMEA2339881,ERY,Resistant,Resistant,,
ERS397564,Staphylococcus aureus,Staphylococcus aureus,0.9827977407106732,ERR418376,ENA_SAMEA2339893,ERY,Resistant,Resistant,,
ERS397585,Staphylococcus aureus,Staphylococcus aureus,0.9835511257900053,ERR418397,ENA_SAMEA2339914,ERY,Susceptible,Susceptible,,
ERS397613,Staphylococcus aureus,Staphylococcus aureus,0.9878243387779356,ERR418425,ENA_SAMEA2339942,ERY,Resistant,Resistant,,
ERS397620,Staphylococcus aureus,Staphylococcus aureus,0.9821933940309976,ERR418432,ENA_SAMEA2339949,ERY,Susceptible,Susceptible,,
ERS397745,Staphylococcus aureus,Staphylococcus aureus,0.9934822522168764,ERR418557,ENA_SAMEA2340074,ERY,Susceptible,Susceptible,,
ERS397763,Staphylococcus aureus,Staphylococcus aureus,0.9933135096392248,ERR418575,ENA_SAMEA2340092,ERY,Resistant,Resistant,,
ERS397790,Staphylococcus aureus,Staphylococcus aureus,0.9862360153852788,ERR418602,ENA_SAMEA2340119,ERY,Susceptible,Susceptible,,
ERS397792,Staphylococcus aureus,Staphylococcus aureus,0.9833066398018244,ERR418604,ENA_SAMEA2340121,ERY,Susceptible,Susceptible,,
ERS397795,Staphylococcus aureus,Staphylococcus aureus,0.9841544174337904,ERR418607,ENA_SAMEA2340124,ERY,Resistant,Resistant,,
ERS397822,Staphylococcus aureus,Staphylococcus aureus,0.992322122642158,ERR418634,ENA_SAMEA2340151,ERY,Susceptible,Susceptible,,
ERS397838,Staphylococcus aureus,Staphylococcus aureus,0.9935810082355347,ERR418650,ENA_SAMEA2340167,ERY,Susceptible,Susceptible,,
ERS397882,Staphylococcus aureus,Staphylococcus aureus,0.9821357471299516,ERR418694,ENA_SAMEA2340211,ERY,Susceptible,Susceptible,,
ERS397930,Staphylococcus aureus,Staphylococcus aureus,0.9828281717489212,ERR418742,ENA_SAMEA2340259,ERY,Resistant,Resistant,,
ERS397943,Staphylococcus aureus,Staphylococcus aureus,0.9879053453491844,ERR418755,ENA_SAMEA2340272,ERY,Resistant,Resistant,,
ERS397959,Staphylococcus aureus,Staphylococcus aureus,0.9879275498399394,ERR418771,ENA_SAMEA2340288,ERY,Resistant,Resistant,,
ERS397978,Staphylococcus aureus,Staphylococcus aureus,0.993646091143004,ERR418790,ENA_SAMEA2340307,ERY,Susceptible,Susceptible,,
ERS397994,Staphylococcus aureus,Staphylococcus aureus,0.9923307889503472,ERR418806,ENA_SAMEA2340323,ERY,Susceptible,Susceptible,,
ERS398040,Staphylococcus aureus,Staphylococcus aureus,0.992786520079868,ERR418852,ENA_SAMEA2340369,ERY,Susceptible,Susceptible,,
ERS398059,Staphylococcus aureus,Staphylococcus aureus,0.9834633499354902,ERR418871,ENA_SAMEA2340388,ERY,Susceptible,Susceptible,,
ERS398109,Staphylococcus aureus,Staphylococcus aureus,0.9935417606204364,ERR418921,ENA_SAMEA2340438,ERY,Susceptible,Susceptible,,
ERS398129,Staphylococcus aureus,Staphylococcus aureus,0.983673903437734,ERR418941,ENA_SAMEA2340458,ERY,Resistant,Resistant,,
ERS398164,Staphylococcus aureus,Staphylococcus aureus,0.9878504707198448,ERR418976,ENA_SAMEA2340493,ERY,Resistant,Resistant,,
ERS398171,Staphylococcus aureus,Staphylococcus aureus,0.9823371165929276,ERR418983,ENA_SAMEA2340500,ERY,Susceptible,Susceptible,,
ERS398179,Staphylococcus aureus,Staphylococcus aureus,0.9935137376508404,ERR418991,ENA_SAMEA2340508,ERY,Resistant,Resistant,,
ERS398182,Staphylococcus aureus,Staphylococcus aureus,0.9823985049590702,ERR418994,ENA_SAMEA2340511,ERY,Susceptible,Susceptible,,
ERS398227,Staphylococcus aureus,Staphylococcus aureus,0.9937573098259462,ERR419039,ENA_SAMEA2340556,ERY,Resistant,Resistant,,
ERS398248,Staphylococcus aureus,Staphylococcus aureus,0.9830704556137208,ERR419060,ENA_SAMEA2340577,ERY,Resistant,Resistant,,
ERS398255,Staphylococcus aureus,Staphylococcus aureus,0.9834848093097026,ERR419067,ENA_SAMEA2340584,ERY,Susceptible,Susceptible,,
ERS398402,Staphylococcus aureus,Staphylococcus aureus,0.9876715938021088,ERR419214,ENA_SAMEA2340731,ERY,Resistant,Resistant,,
ERS398425,Staphylococcus aureus,Staphylococcus aureus,0.9834309602223558,ERR419237,ENA_SAMEA2340754,ERY,Susceptible,Susceptible,,
SRS1016969,Escherichia coli,Escherichia coli,0.9862100725168048,SRR2134681,ENA_SAMN03892121,GEN,Resistant,Resistant,20.0,16.0
SRS1051655,Acinetobacter baumannii,Acinetobacter baumannii,0.9844744239522422,SRR2976831,ENA_SAMN04022941,CAZ,Resistant,Resistant,64.0,64.0
SRS1069056,Salmonella enterica,Salmonella enterica,0.9877644310224172,SRR2407795,ENA_SAMN03988475,GEN,Resistant,Resistant,16.0,16.0
SRS1069073,Salmonella enterica,Salmonella enterica,0.9914067691726016,SRR2407778,ENA_SAMN03988458,GEN,Resistant,Resistant,8.0,8.0
SRS1069235,Salmonella enterica,Salmonella enterica,0.9888918403861584,SRR2407616,ENA_SAMN03988296,GEN,Resistant,Resistant,16.0,16.0
SRS1069263,Salmonella enterica,Salmonella enterica,0.9899819578668484,SRR2407588,ENA_SAMN03988268,GEN,Resistant,Resistant,16.0,16.0
SRS1101912,Salmonella enterica,Salmonella enterica,0.9871872657577302,SRR2567206,ENA_SAMN03894404,GEN,Susceptible,Susceptible,1.0,1.0
SRS1101913,Salmonella enterica,Salmonella enterica,0.9874630330135244,SRR2567205,ENA_SAMN03894403,GEN,Resistant,Resistant,16.0,16.0
SRS1101949,Salmonella enterica,Salmonella enterica,0.9898697194985394,SRR2567174,ENA_SAMN03894372,GEN,Resistant,Resistant,16.0,16.0
SRS1101956,Salmonella enterica,Salmonella enterica,0.9874958807165553,SRR2567167,ENA_SAMN03894365,GEN,Resistant,Resistant,16.0,16.0
SRS1101977,Salmonella enterica,Salmonella enterica,0.9889946296934534,SRR2567151,ENA_SAMN03894349,GEN,Resistant,Resistant,16.0,16.0
SRS1101991,Salmonella enterica,Salmonella enterica,0.9907467423532134,SRR2567137,ENA_SAMN03894335,GEN,Resistant,Resistant,16.0,16.0
SRS1102007,Salmonella enterica,Salmonella enterica,0.9917356197309508,SRR2567122,ENA_SAMN03894320,GEN,Susceptible,Susceptible,0.5,0.5
SRS1102051,Salmonella enterica,Salmonella enterica,0.9870670907126032,SRR2567077,ENA_SAMN03894275,GEN,Susceptible,Susceptible,0.25,0.25
SRS1102061,Salmonella enterica,Salmonella enterica,0.99377443467681,SRR2567067,ENA_SAMN03894265,GEN,Resistant,Resistant,16.0,16.0
SRS1102104,Salmonella enterica,Salmonella enterica,0.9900123081512672,SRR2567036,ENA_SAMN03894234,GEN,Resistant,Resistant,16.0,16.0
SRS1102113,Salmonella enterica,Salmonella enterica,0.9937909856125784,SRR2567027,ENA_SAMN03894225,GEN,Resistant,Resistant,16.0,16.0
SRS1102156,Salmonella enterica,Salmonella enterica,0.9896130873930956,SRR2566984,ENA_SAMN03894182,GEN,Resistant,Resistant,16.0,16.0
SRS1102158,Salmonella enterica,Salmonella enterica,0.9847445899081196,SRR2566982,ENA_SAMN03894180,GEN,Resistant,Resistant,16.0,16.0
SRS1102178,Salmonella enterica,Salmonella enterica,0.993512974015282,SRR2566962,ENA_SAMN03894160,GEN,Resistant,Resistant,16.0,16.0
SRS1102202,Salmonella enterica,Salmonella enterica,0.99787091383336,SRR2566938,ENA_SAMN03894136,GEN,Resistant,Resistant,16.0,16.0
SRS1102250,Salmonella enterica,Salmonella enterica,0.9913167081630132,SRR2566892,ENA_SAMN03894090,GEN,Resistant,Resistant,16.0,16.0
SRS1155449,Acinetobacter baumannii,Acinetobacter baumannii,0.9815175286428228,SRR2911726,ENA_SAMN04229823,CAZ,Susceptible,Susceptible,8.0,8.0
SRS1158607,Salmonella enterica,Salmonella enterica,0.9897741873791138,SRR2912654,ENA_SAMN03938835,GEN,Intermediate,Susceptible,4.0,4.0
SRS1162479,Acinetobacter baumannii,Acinetobacter baumannii,0.9824417219565948,SRR2916633,ENA_SAMN04254728,CAZ,Resistant,Resistant,64.0,64.0
SRS1267047,Acinetobacter baumannii,Acinetobacter baumannii,0.9822992501499372,SRR3130309,ENA_SAMN04445874,CAZ,Resistant,Resistant,64.0,64.0
SRS1267048,Acinetobacter baumannii,Acinetobacter baumannii,0.9837959402691472,SRR3130307,ENA_SAMN04445872,CAZ,Resistant,Resistant,64.0,64.0
SRS1267420,Acinetobacter baumannii,Acinetobacter baumannii,0.983393825683354,SRR3131127,ENA_SAMN04446435,CAZ,Resistant,Resistant,64.0,64.0
SRS1267423,Acinetobacter baumannii,Acinetobacter baumannii,0.9830391734444354,SRR3131131,ENA_SAMN04446437,CAZ,Resistant,Resistant,64.0,64.0
SRS1267439,Acinetobacter baumannii,Acinetobacter baumannii,0.982654788224388,SRR3131146,ENA_SAMN04446440,CAZ,Intermediate,Resistant,16.0,16.0
SRS1267447,Acinetobacter baumannii,Acinetobacter baumannii,0.9826684426556944,SRR3131154,ENA_SAMN04446448,CAZ,Susceptible,Susceptible,8.0,8.0
SRS1267450,Acinetobacter baumannii,Acinetobacter baumannii,0.9804161452712886,SRR3131170,ENA_SAMN04446464,CAZ,Susceptible,Susceptible,8.0,8.0
SRS1267454,Acinetobacter baumannii,Acinetobacter baumannii,0.980749578810608,SRR3131166,ENA_SAMN04446460,CAZ,Resistant,Resistant,32.0,32.0
SRS1267455,Acinetobacter baumannii,Acinetobacter baumannii,0.9822801053234418,SRR3131165,ENA_SAMN04446459,CAZ,Intermediate,Resistant,16.0,16.0
SRS1267461,Acinetobacter baumannii,Acinetobacter baumannii,0.9822742895046102,SRR3131159,ENA_SAMN04446453,CAZ,Resistant,Resistant,64.0,64.0
SRS1267497,Acinetobacter baumannii,Acinetobacter baumannii,0.9826508187199646,SRR3131215,ENA_SAMN04446477,CAZ,Susceptible,Susceptible,8.0,8.0
SRS1267500,Acinetobacter baumannii,Acinetobacter baumannii,0.9826724127284724,SRR3131212,ENA_SAMN04446474,CAZ,Susceptible,Susceptible,8.0,8.0
SRS1267503,Acinetobacter baumannii,Acinetobacter baumannii,0.982654788224388,SRR3131210,ENA_SAMN04446472,CAZ,Intermediate,Resistant,16.0,16.0
SRS1267512,Acinetobacter baumannii,Acinetobacter baumannii,0.9831073832249144,SRR3131219,ENA_SAMN04446540,CAZ,Intermediate,Resistant,16.0,16.0
SRS1267514,Acinetobacter baumannii,Acinetobacter baumannii,0.98246149298342,SRR3131217,ENA_SAMN04446538,CAZ,Resistant,Resistant,64.0,64.0
SRS1267519,Acinetobacter baumannii,Acinetobacter baumannii,0.981793400665122,SRR3131230,ENA_SAMN04446551,CAZ,Susceptible,Susceptible,4.0,4.0
SRS1267522,Acinetobacter baumannii,Acinetobacter baumannii,0.9831073832249144,SRR3131227,ENA_SAMN04446548,CAZ,Resistant,Resistant,64.0,64.0
SRS1267525,Acinetobacter baumannii,Acinetobacter baumannii,0.9808099503357522,SRR3131224,ENA_SAMN04446545,CAZ,Susceptible,Susceptible,8.0,8.0
SRS1267526,Acinetobacter baumannii,Acinetobacter baumannii,0.9808138014820988,SRR3131223,ENA_SAMN04446544,CAZ,Susceptible,Susceptible,8.0,8.0
SRS1267527,Acinetobacter baumannii,Acinetobacter baumannii,0.9805734496765806,SRR3131222,ENA_SAMN04446543,CAZ,Susceptible,Susceptible,8.0,8.0
SRS1267528,Acinetobacter baumannii,Acinetobacter baumannii,0.983083747218996,SRR3131221,ENA_SAMN04446542,CAZ,Resistant,Resistant,64.0,64.0
SRS1267531,Acinetobacter baumannii,Acinetobacter baumannii,0.9807277465241304,SRR3131238,ENA_SAMN04446559,CAZ,Susceptible,Susceptible,8.0,8.0
SRS1267534,Acinetobacter baumannii,Acinetobacter baumannii,0.9830108562836888,SRR3131235,ENA_SAMN04446556,CAZ,Resistant,Resistant,64.0,64.0
SRS1267611,Acinetobacter baumannii,Acinetobacter baumannii,0.982654788224388,SRR3131150,ENA_SAMN04446444,CAZ,Resistant,Resistant,64.0,64.0
SRS1267612,Acinetobacter baumannii,Acinetobacter baumannii,0.9826543148643704,SRR3131149,ENA_SAMN04446443,CAZ,Intermediate,Resistant,16.0,16.0
SRS1268494,Acinetobacter baumannii,Acinetobacter baumannii,0.9826865627455752,SRR3133103,ENA_SAMN04447718,CAZ,Susceptible,Susceptible,4.0,4.0
SRS1268498,Acinetobacter baumannii,Acinetobacter baumannii,0.9824970299875664,SRR3133099,ENA_SAMN04447714,CAZ,Resistant,Resistant,64.0,64.0
SRS1268501,Acinetobacter baumannii,Acinetobacter baumannii,0.9826508187199646,SRR3133096,ENA_SAMN04447711,CAZ,Intermediate,Resistant,16.0,16.0
SRS1268523,Acinetobacter baumannii,Acinetobacter baumannii,0.982654788224388,SRR3133093,ENA_SAMN04447708,CAZ,Intermediate,Resistant,16.0,16.0
SRS1268525,Acinetobacter baumannii,Acinetobacter baumannii,0.9826684426556944,SRR3133091,ENA_SAMN04447706,CAZ,Intermediate,Resistant,16.0,16.0
SRS1269938,Acinetobacter baumannii,Acinetobacter baumannii,0.9825211409369718,SRR3135171,ENA_SAMN04448596,CAZ,Resistant,Resistant,64.0,64.0
SRS1271520,Acinetobacter baumannii,Acinetobacter baumannii,0.982362202188526,SRR3137585,ENA_SAMN04450971,CAZ,Resistant,Resistant,64.0,64.0
SRS1271521,Acinetobacter baumannii,Acinetobacter baumannii,0.9825302652319248,SRR3137584,ENA_SAMN04450970,CAZ,Resistant,Resistant,64.0,64.0
SRS1271524,Acinetobacter baumannii,Acinetobacter baumannii,0.9817447354826652,SRR3137582,ENA_SAMN04450968,CAZ,Resistant,Resistant,64.0,64.0
SRS1271526,Acinetobacter baumannii,Acinetobacter baumannii,0.98241815447526,SRR3137579,ENA_SAMN04450965,CAZ,Resistant,Resistant,64.0,64.0
SRS1271531,Acinetobacter baumannii,Acinetobacter baumannii,0.9827346575001266,SRR3137575,ENA_SAMN04450961,CAZ,Susceptible,Susceptible,4.0,4.0
SRS1271535,Acinetobacter baumannii,Acinetobacter baumannii,0.9823784045034388,SRR3137589,ENA_SAMN04450975,CAZ,Intermediate,Resistant,16.0,16.0
SRS1271536,Acinetobacter baumannii,Acinetobacter baumannii,0.9824766285922212,SRR3137588,ENA_SAMN04450974,CAZ,Intermediate,Resistant,16.0,16.0
SRS1271538,Acinetobacter baumannii,Acinetobacter baumannii,0.9824667605832148,SRR3137586,ENA_SAMN04450972,CAZ,Resistant,Resistant,64.0,64.0
SRS1279635,Acinetobacter baumannii,Acinetobacter baumannii,0.9815659801013245,SRR3152497,ENA_SAMN04480655,CAZ,Susceptible,Susceptible,2.0,2.0
SRS1279637,Acinetobacter baumannii,Acinetobacter baumannii,0.9831773527805812,SRR3152496,ENA_SAMN04480654,CAZ,Resistant,Resistant,64.0,64.0
SRS1279648,Acinetobacter baumannii,Acinetobacter baumannii,0.9840842751506164,SRR3152503,ENA_SAMN04480661,CAZ,Susceptible,Susceptible,4.0,4.0
SRS1279649,Acinetobacter baumannii,Acinetobacter baumannii,0.9833814983815786,SRR3152502,ENA_SAMN04480660,CAZ,Susceptible,Susceptible,4.0,4.0
SRS1283016,Acinetobacter baumannii,Acinetobacter baumannii,0.9826684426556944,SRR3159167,ENA_SAMN04482452,CAZ,Resistant,Resistant,64.0,64.0
SRS1283020,Acinetobacter baumannii,Acinetobacter baumannii,0.982654788224388,SRR3159163,ENA_SAMN04482448,CAZ,Intermediate,Resistant,16.0,16.0
SRS1283021,Acinetobacter baumannii,Acinetobacter baumannii,0.9826508187199646,SRR3159162,ENA_SAMN04482447,CAZ,Intermediate,Resistant,16.0,16.0
SRS1283029,Acinetobacter baumannii,Acinetobacter baumannii,0.9826508187199646,SRR3159168,ENA_SAMN04482453,CAZ,Susceptible,Susceptible,8.0,8.0
SRS1283033,Acinetobacter baumannii,Acinetobacter baumannii,0.982654788224388,SRR3159153,ENA_SAMN04482438,CAZ,Intermediate,Resistant,16.0,16.0
SRS1296687,Acinetobacter baumannii,Acinetobacter baumannii,0.9823443528147704,SRR3170237,ENA_SAMN04485915,CAZ,Resistant,Resistant,64.0,64.0
SRS1296692,Acinetobacter baumannii,Acinetobacter baumannii,0.9838278344464554,SRR3170232,ENA_SAMN04485910,CAZ,Resistant,Resistant,64.0,64.0
SRS1296695,Acinetobacter baumannii,Acinetobacter baumannii,0.9826627823855312,SRR3170229,ENA_SAMN04485907,CAZ,Intermediate,Resistant,16.0,16.0
SRS1296696,Acinetobacter baumannii,Acinetobacter baumannii,0.9825792800555732,SRR3170240,ENA_SAMN04485918,CAZ,Resistant,Resistant,64.0,64.0
SRS1296703,Acinetobacter baumannii,Acinetobacter baumannii,0.9817133092565388,SRR3170243,ENA_SAMN04485903,CAZ,Resistant,Resistant,64.0,64.0
SRS1296709,Acinetobacter baumannii,Acinetobacter baumannii,0.980200645917554,SRR3170255,ENA_SAMN04487136,CAZ,Intermediate,Resistant,16.0,16.0
SRS1296714,Acinetobacter baumannii,Acinetobacter baumannii,0.983246646067606,SRR3170267,ENA_SAMN04487148,CAZ,Susceptible,Susceptible,8.0,8.0
SRS1296719,Acinetobacter baumannii,Acinetobacter baumannii,0.9836688297557914,SRR3170262,ENA_SAMN04487143,CAZ,Susceptible,Susceptible,4.0,4.0
SRS1296787,Acinetobacter baumannii,Acinetobacter baumannii,0.9824998985899028,SRR3170594,ENA_SAMN04488275,CAZ,Resistant,Resistant,64.0,64.0
SRS1296790,Acinetobacter baumannii,Acinetobacter baumannii,0.982579840877291,SRR3170595,ENA_SAMN04488276,CAZ,Resistant,Resistant,64.0,64.0
SRS1296791,Acinetobacter baumannii,Acinetobacter baumannii,0.9828525688195444,SRR3170593,ENA_SAMN04488274,CAZ,Resistant,Resistant,64.0,64.0
SRS1296793,Acinetobacter baumannii,Acinetobacter baumannii,0.9827737550682925,SRR3170591,ENA_SAMN04488272,CAZ,Resistant,Resistant,64.0,64.0
SRS1296795,Acinetobacter baumannii,Acinetobacter baumannii,0.9822025095891213,SRR3170589,ENA_SAMN04488270,CAZ,Resistant,Resistant,64.0,64.0
SRS1296797,Acinetobacter baumannii,Acinetobacter baumannii,0.9820654231354355,SRR3170587,ENA_SAMN04488268,CAZ,Susceptible,Susceptible,8.0,8.0
SRS1296810,Acinetobacter baumannii,Acinetobacter baumannii,0.9822455729107654,SRR3170605,ENA_SAMN04488286,CAZ,Resistant,Resistant,64.0,64.0
SRS1296812,Acinetobacter baumannii,Acinetobacter baumannii,0.9807672723565494,SRR3170603,ENA_SAMN04488284,CAZ,Susceptible,Susceptible,8.0,8.0
SRS1296815,Acinetobacter baumannii,Acinetobacter baumannii,0.9835712479412074,SRR3170600,ENA_SAMN04488281,CAZ,Resistant,Resistant,64.0,64.0
SRS1296816,Acinetobacter baumannii,Acinetobacter baumannii,0.9835671810259704,SRR3170599,ENA_SAMN04488280,CAZ,Resistant,Resistant,64.0,64.0
SRS1296817,Acinetobacter baumannii,Acinetobacter baumannii,0.9830619655905772,SRR3170598,ENA_SAMN04488279,CAZ,Resistant,Resistant,64.0,64.0
SRS1296821,Acinetobacter baumannii,Acinetobacter baumannii,0.9810031183811628,SRR3170609,ENA_SAMN04488290,CAZ,Intermediate,Resistant,16.0,16.0
SRS1296917,Acinetobacter baumannii,Acinetobacter baumannii,0.9830654248066902,SRR3170738,ENA_SAMN04491040,CAZ,Resistant,Resistant,64.0,64.0
SRS1296918,Acinetobacter baumannii,Acinetobacter baumannii,0.9826282756119612,SRR3170737,ENA_SAMN04491039,CAZ,Resistant,Resistant,64.0,64.0
SRS1296920,Acinetobacter baumannii,Acinetobacter baumannii,0.9821615861974482,SRR3170736,ENA_SAMN04491038,CAZ,Resistant,Resistant,64.0,64.0
SRS1296923,Acinetobacter baumannii,Acinetobacter baumannii,0.9830953151280806,SRR3170733,ENA_SAMN04491035,CAZ,Resistant,Resistant,64.0,64.0
SRS1296949,Acinetobacter baumannii,Acinetobacter baumannii,0.9807252298575552,SRR3170781,ENA_SAMN04491446,CAZ,Susceptible,Susceptible,8.0,8.0
SRS1296952,Acinetobacter baumannii,Acinetobacter baumannii,0.9830342744679808,SRR3170778,ENA_SAMN04491443,CAZ,Resistant,Resistant,64.0,64.0
SRS1296955,Acinetobacter baumannii,Acinetobacter baumannii,0.9830350734063198,SRR3170775,ENA_SAMN04491440,CAZ,Resistant,Resistant,64.0,64.0
SRS1296957,Acinetobacter baumannii,Acinetobacter baumannii,0.9830060319198144,SRR3170773,ENA_SAMN04491438,CAZ,Intermediate,Resistant,16.0,16.0
SRS1296958,Acinetobacter baumannii,Acinetobacter baumannii,0.9829939359147468,SRR3170772,ENA_SAMN04491437,CAZ,Resistant,Resistant,64.0,64.0
SRS1296964,Acinetobacter baumannii,Acinetobacter baumannii,0.9830108562836888,SRR3170786,ENA_SAMN04491451,CAZ,Resistant,Resistant,64.0,64.0
SRS1317385,Acinetobacter baumannii,Acinetobacter baumannii,0.983147221335904,SRR3197603,ENA_SAMN04525202,CAZ,Susceptible,Susceptible,4.0,4.0
SRS1334247,Acinetobacter baumannii,Acinetobacter baumannii,0.9822772021116614,SRR3217272,ENA_SAMN04515405,CAZ,Susceptible,Susceptible,8.0,8.0
SRS1334251,Acinetobacter baumannii,Acinetobacter baumannii,0.983518591924239,SRR3217267,ENA_SAMN04515391,CAZ,Susceptible,Susceptible,4.0,4.0
SRS1334366,Acinetobacter baumannii,Acinetobacter baumannii,0.982510297094824,SRR3217406,ENA_SAMN04515808,CAZ,Susceptible,Susceptible,4.0,4.0
SRS1334367,Acinetobacter baumannii,Acinetobacter baumannii,0.9837005001565148,SRR3217405,ENA_SAMN04515807,CAZ,Susceptible,Susceptible,4.0,4.0
SRS1335152,Acinetobacter baumannii,Acinetobacter baumannii,0.9814109510728576,SRR3218399,ENA_SAMN04545407,CAZ,Susceptible,Susceptible,8.0,8.0
SRS1336826,Klebsiella pneumoniae,Klebsiella pneumoniae,0.9888960573290204,SRR3222424,ENA_SAMN04448247,GEN,Intermediate,Susceptible,4.0,4.0
SRS1336861,Acinetobacter baumannii,Acinetobacter baumannii,0.982348343067482,SRR3222491,ENA_SAMN04546723,CAZ,Susceptible,Susceptible,8.0,8.0
SRS1336865,Acinetobacter baumannii,Acinetobacter nosocomialis,0.9832828706537592,SRR3222486,ENA_SAMN04546718,CAZ,Susceptible,Susceptible,4.0,4.0
SRS1337492,Acinetobacter baumannii,Acinetobacter baumannii,0.983590656711011,SRR3223164,ENA_SAMN04547091,CAZ,Susceptible,Susceptible,4.0,4.0
SRS1337508,Acinetobacter baumannii,Acinetobacter baumannii,0.983422779859386,SRR3223161,ENA_SAMN04547088,CAZ,Susceptible,Susceptible,4.0,4.0
SRS1337601,Acinetobacter baumannii,Acinetobacter baumannii,0.9807611007296516,SRR3223472,ENA_SAMN04549262,CAZ,Intermediate,Resistant,16.0,16.0
SRS1337604,Acinetobacter baumannii,Acinetobacter baumannii,0.9842787598176423,SRR3223470,ENA_SAMN04549260,CAZ,Susceptible,Susceptible,4.0,4.0
SRS1337614,Acinetobacter baumannii,Acinetobacter baumannii,0.9831848663031834,SRR3223482,ENA_SAMN04549272,CAZ,Susceptible,Susceptible,8.0,8.0
SRS1337615,Acinetobacter baumannii,Acinetobacter baumannii,0.9835135145847465,SRR3223481,ENA_SAMN04549271,CAZ,Susceptible,Susceptible,4.0,4.0
SRS1337617,Acinetobacter baumannii,Acinetobacter baumannii,0.9835982743021516,SRR3223479,ENA_SAMN04549269,CAZ,Susceptible,Susceptible,2.0,2.0
SRS1337898,Acinetobacter baumannii,Acinetobacter baumannii,0.9826249944684098,SRR3223913,ENA_SAMN04549500,CAZ,Susceptible,Susceptible,4.0,4.0
SRS1337907,Acinetobacter baumannii,Acinetobacter baumannii,0.9827263271861854,SRR3223924,ENA_SAMN04549511,CAZ,Susceptible,Susceptible,8.0,8.0
SRS1338127,Acinetobacter baumannii,Acinetobacter baumannii,0.982785025144731,SRR3224236,ENA_SAMN04549555,CAZ,Susceptible,Susceptible,4.0,4.0
SRS1338128,Acinetobacter baumannii,Acinetobacter baumannii,0.9836073667355926,SRR3224234,ENA_SAMN04549553,CAZ,Susceptible,Susceptible,2.0,2.0
SRS1338142,Acinetobacter baumannii,Acinetobacter baumannii,0.9836949985343928,SRR3224240,ENA_SAMN04549559,CAZ,Susceptible,Susceptible,4.0,4.0
SRS1338145,Acinetobacter baumannii,Acinetobacter baumannii,0.9825389556770894,SRR3224237,ENA_SAMN04549556,CAZ,Susceptible,Susceptible,4.0,4.0
SRS1338325,Acinetobacter baumannii,Acinetobacter baumannii,0.9828221501043386,SRR3224801,ENA_SAMN04549832,CAZ,Susceptible,Susceptible,4.0,4.0
SRS1338473,Acinetobacter baumannii,Acinetobacter baumannii,0.9833554681713258,SRR3224993,ENA_SAMN04549875,CAZ,Susceptible,Susceptible,8.0,8.0
SRS1338477,Acinetobacter baumannii,Acinetobacter baumannii,0.9833038380992772,SRR3224989,ENA_SAMN04549871,CAZ,Susceptible,Susceptible,4.0,4.0
SRS1338509,Acinetobacter baumannii,Acinetobacter baumannii,0.982473396884892,SRR3225048,ENA_SAMN04550082,CAZ,Susceptible,Susceptible,4.0,4.0
SRS1338512,Acinetobacter baumannii,Acinetobacter baumannii,0.9819287040056894,SRR3225044,ENA_SAMN04550078,CAZ,Susceptible,Susceptible,4.0,4.0
SRS1338529,Acinetobacter baumannii,Acinetobacter baumannii,0.9822519144309956,SRR3225042,ENA_SAMN04550076,CAZ,Susceptible,Susceptible,4.0,4.0
SRS1338617,Acinetobacter baumannii,Acinetobacter baumannii,0.9828164543024206,SRR3225241,ENA_SAMN04550115,CAZ,Susceptible,Susceptible,4.0,4.0
SRS1338622,Acinetobacter baumannii,Acinetobacter baumannii,0.9827126660659898,SRR3225244,ENA_SAMN04550118,CAZ,Susceptible,Susceptible,8.0,8.0
SRS1338627,Acinetobacter baumannii,Acinetobacter baumannii,0.9824672837087226,SRR3225236,ENA_SAMN04550111,CAZ,Susceptible,Susceptible,4.0,4.0
SRS1338630,Acinetobacter baumannii,Acinetobacter baumannii,0.9825960633982124,SRR3225233,ENA_SAMN04550108,CAZ,Susceptible,Susceptible,8.0,8.0
SRS1338633,Acinetobacter baumannii,Acinetobacter baumannii,0.9821657669431584,SRR3225230,ENA_SAMN04550105,CAZ,Susceptible,Susceptible,8.0,8.0
SRS1339084,Acinetobacter baumannii,Acinetobacter baumannii,0.9827872385948776,SRR3227007,ENA_SAMN04555193,CAZ,Susceptible,Susceptible,4.0,4.0
SRS1339122,Acinetobacter baumannii,Acinetobacter baumannii,0.9818604392441576,SRR3227030,ENA_SAMN04555216,CAZ,Susceptible,Susceptible,4.0,4.0
SRS1339124,Acinetobacter baumannii,Acinetobacter baumannii,0.9827908289396454,SRR3227028,ENA_SAMN04555214,CAZ,Susceptible,Susceptible,4.0,4.0
SRS1340443,Acinetobacter baumannii,Acinetobacter baumannii,0.9822576946021366,SRR3228491,ENA_SAMN04555303,CAZ,Susceptible,Susceptible,8.0,8.0
SRS1340565,Acinetobacter baumannii,Acinetobacter baumannii,0.9815175286428228,SRR3228544,ENA_SAMN04555490,CAZ,Susceptible,Susceptible,8.0,8.0
SRS1340577,Acinetobacter baumannii,Acinetobacter baumannii,0.9820739744616234,SRR3228549,ENA_SAMN04555495,CAZ,Susceptible,Susceptible,4.0,4.0
SRS1340581,Acinetobacter baumannii,Acinetobacter baumannii,0.9825960633982124,SRR3228537,ENA_SAMN04555483,CAZ,Susceptible,Susceptible,4.0,4.0
SRS1340592,Acinetobacter baumannii,Acinetobacter baumannii,0.9819054365531544,SRR3228561,ENA_SAMN04555507,CAZ,Susceptible,Susceptible,2.0,2.0
SRS1350019,Acinetobacter baumannii,Acinetobacter baumannii,0.9828190494214128,SRR6799416,ENA_SAMN04014897,CAZ,Resistant,Resistant,128.0,64.0
SRS1350034,Acinetobacter baumannii,Acinetobacter courvalinii,0.9712517109607052,SRR3242034,ENA_SAMN04568503,CAZ,Susceptible,Susceptible,8.0,8.0
SRS1361945,Salmonella enterica,Salmonella enterica,0.9944796268459408,SRR3295552,ENA_SAMN04576636,GEN,Resistant,Resistant,16.0,16.0
SRS1362066,Salmonella enterica,Salmonella enterica,0.9881083994314762,SRR3295896,ENA_SAMN04577443,GEN,Susceptible,Susceptible,0.5,0.5
SRS1362085,Salmonella enterica,Salmonella enterica,0.9867614521806188,SRR3295877,ENA_SAMN04577424,GEN,Resistant,Resistant,16.0,16.0
SRS1362190,Salmonella enterica,Salmonella enterica,0.9856158188057011,SRR3295772,ENA_SAMN04577319,GEN,Susceptible,Susceptible,0.5,0.5
SRS1362298,Salmonella enterica,Salmonella enterica,0.9878525306215736,SRR3295665,ENA_SAMN04577212,GEN,Susceptible,Susceptible,0.5,0.5
SRS1362321,Salmonella enterica,Salmonella enterica,0.9869281345550248,SRR3295642,ENA_SAMN04577189,GEN,Resistant,Resistant,16.0,16.0
SRS1502037,Salmonella enterica,Salmonella enterica,0.9898519316227212,SRR3664628,ENA_SAMN02699288,GEN,Resistant,Resistant,16.0,16.0
SRS1502040,Salmonella enterica,Salmonella enterica,0.9871519079080422,SRR3664631,ENA_SAMN02699290,GEN,Resistant,Resistant,16.0,16.0
SRS1502042,Salmonella enterica,Salmonella enterica,0.989847766980546,SRR3664633,ENA_SAMN02699291,GEN,Resistant,Resistant,16.0,16.0
SRS1502105,Salmonella enterica,Salmonella enterica,0.9988936013637126,SRR3664701,ENA_SAMN02699307,GEN,Resistant,Resistant,16.0,16.0
SRS1502171,Salmonella enterica,Salmonella enterica,0.9871519527154166,SRR3664767,ENA_SAMN05201872,GEN,Resistant,Resistant,16.0,16.0
SRS1502176,Salmonella enterica,Salmonella enterica,0.9979263176905968,SRR3664772,ENA_SAMN02699321,GEN,Resistant,Resistant,16.0,16.0
SRS1502286,Salmonella enterica,Salmonella enterica,0.9990645890136556,SRR3664882,ENA_SAMN02699343,GEN,Resistant,Resistant,16.0,16.0
SRS1502304,Salmonella enterica,Salmonella enterica,0.9903345693837912,SRR3664900,ENA_SAMN02699348,GEN,Resistant,Resistant,16.0,16.0
SRS1502318,Salmonella enterica,Salmonella enterica,0.9902801538610808,SRR3664914,ENA_SAMN02699355,GEN,Resistant,Resistant,16.0,16.0
SRS1502353,Salmonella enterica,Salmonella enterica,0.9974920716456588,SRR3664949,ENA_SAMN02699363,GEN,Resistant,Resistant,16.0,16.0
SRS1502386,Salmonella enterica,Salmonella enterica,0.9874991534096916,SRR3664982,ENA_SAMN02699193,GEN,Resistant,Resistant,16.0,16.0
SRS1502403,Salmonella enterica,Salmonella enterica,0.9991145543744048,SRR3664999,ENA_SAMN02699195,GEN,Resistant,Resistant,16.0,16.0
SRS1502427,Salmonella enterica,Salmonella enterica,0.991339682280298,SRR3665023,ENA_SAMN02699203,GEN,Resistant,Resistant,16.0,16.0
SRS1502482,Salmonella enterica,Salmonella enterica,0.9912939893694376,SRR3665076,ENA_SAMN05201569,GEN,Resistant,Resistant,16.0,16.0
SRS1502495,Salmonella enterica,Salmonella enterica,0.9902557100501876,SRR3665091,ENA_SAMN05201579,GEN,Resistant,Resistant,16.0,16.0
SRS1502518,Salmonella enterica,Salmonella enterica,0.9874082717181536,SRR3665114,ENA_SAMN02699228,GEN,Resistant,Resistant,16.0,16.0
SRS1502592,Salmonella enterica,Salmonella enterica,0.9935337902435132,SRR3665188,ENA_SAMN02699251,GEN,Resistant,Resistant,16.0,16.0
SRS1502612,Salmonella enterica,Salmonella enterica,0.9870733799682444,SRR3665209,ENA_SAMN02699257,GEN,Resistant,Resistant,16.0,16.0
SRS1502667,Salmonella enterica,Salmonella enterica,0.9904850550566198,SRR3665263,ENA_SAMN02699265,GEN,Resistant,Resistant,16.0,16.0
SRS1502712,Salmonella enterica,Salmonella enterica,0.9978479666296122,SRR3665306,ENA_SAMN02699273,GEN,Resistant,Resistant,16.0,16.0
SRS1572163,Salmonella enterica,Salmonella enterica,0.9866811537616752,SRR3932939,ENA_SAMN05416433,GEN,Intermediate,Susceptible,4.0,4.0
SRS1572253,Salmonella enterica,Salmonella enterica,0.9842497550078196,SRR3933029,ENA_SAMN05416523,GEN,Intermediate,Susceptible,4.0,4.0
SRS1590861,Klebsiella pneumoniae,Klebsiella pneumoniae,0.9888477897714651,SRR3982097,ENA_SAMN05170061,GEN,Resistant,Resistant,16.0,16.0
SRS1593116,Klebsiella pneumoniae,Klebsiella pneumoniae,0.9890376584891178,SRR3987126,ENA_SAMN05170109,GEN,Intermediate,Susceptible,4.0,4.0
SRS1593125,Klebsiella pneumoniae,Klebsiella pneumoniae,0.9895229460631956,SRR3987135,ENA_SAMN05170118,GEN,Resistant,Resistant,16.0,16.0
SRS1609011,Klebsiella pneumoniae,Klebsiella quasipneumoniae,0.9707230183306464,SRR4017887,ENA_SAMN05170211,GEN,Susceptible,Susceptible,0.5,0.5
SRS1610047,Pseudomonas aeruginosa,Pseudomonas aeruginosa,0.9938485962444892,SRR4019389,ENA_SAMN05463124,CAZ,Intermediate,Susceptible,12.0,16.0
SRS1613998,Escherichia coli,Escherichia coli,0.9732691623456222,SRR5750477,ENA_SAMN04015003,GEN,Susceptible,Susceptible,1.0,1.0
SRS1620794,Klebsiella pneumoniae,Klebsiella pneumoniae,0.9894211575389892,SRR4035116,ENA_SAMN05170256,GEN,Susceptible,Susceptible,0.5,0.5
SRS1706157,Salmonella enterica,Salmonella enterica,0.985462970882176,SRR4280570,ENA_SAMN05771729,GEN,Resistant,Resistant,16.0,16.0
SRS1739262,Streptococcus pneumoniae,Streptococcus pneumoniae,0.9903842175560296,SRR4417287,ENA_SAMN05898543,ERY,Susceptible,Susceptible,0.25,0.25
SRS1739266,Streptococcus pneumoniae,Streptococcus pneumoniae,0.9904013242577632,SRR4417291,ENA_SAMN05898636,ERY,Susceptible,Susceptible,0.25,0.25
SRS1739267,Streptococcus pneumoniae,Streptococcus pneumoniae,0.9901722597941792,SRR4417292,ENA_SAMN05898637,ERY,Susceptible,Susceptible,0.25,0.25
SRS1739271,Streptococcus pneumoniae,Streptococcus pneumoniae,0.9903204392000168,SRR4417297,ENA_SAMN05898641,ERY,Susceptible,Susceptible,0.25,0.25
SRS1739275,Streptococcus pneumoniae,Streptococcus pneumoniae,0.9904606258665336,SRR4417302,ENA_SAMN05898644,ERY,Susceptible,Susceptible,0.25,0.25
SRS1739283,Streptococcus pneumoniae,Streptococcus pneumoniae,0.9900462656960172,SRR4417310,ENA_SAMN05898652,ERY,Susceptible,Susceptible,0.25,0.25
SRS1739284,Streptococcus pneumoniae,Streptococcus pneumoniae,0.9898157847565424,SRR4417311,ENA_SAMN05898545,ERY,Resistant,Resistant,2.0,2.0
SRS1739287,Streptococcus pneumoniae,Streptococcus pneumoniae,0.9901341310733388,SRR4417314,ENA_SAMN05898655,ERY,Susceptible,Susceptible,0.25,0.25
SRS1739291,Streptococcus pneumoniae,Streptococcus pneumoniae,0.9901192470258496,SRR4417318,ENA_SAMN05898659,ERY,Susceptible,Susceptible,0.25,0.25
SRS1739299,Streptococcus pneumoniae,Streptococcus pneumoniae,0.9900254224265396,SRR4417326,ENA_SAMN05898666,ERY,Resistant,Resistant,2.0,2.0
SRS1739302,Streptococcus pneumoniae,Streptococcus pneumoniae,0.9901690814281512,SRR4417329,ENA_SAMN05898669,ERY,Susceptible,Susceptible,0.25,0.25
SRS1739312,Streptococcus pneumoniae,Streptococcus pneumoniae,0.9900462656960172,SRR4417341,ENA_SAMN05898555,ERY,Susceptible,Susceptible,0.25,0.25
SRS1739315,Streptococcus pneumoniae,Streptococcus pneumoniae,0.9904066896883398,SRR4417346,ENA_SAMN05898558,ERY,Susceptible,Susceptible,0.25,0.25
SRS1739316,Streptococcus pneumoniae,Streptococcus pneumoniae,0.9903582819103672,SRR4417347,ENA_SAMN05898559,ERY,Susceptible,Susceptible,0.25,0.25
SRS1739328,Streptococcus pneumoniae,Streptococcus pneumoniae,0.9898620504983447,SRR4417360,ENA_SAMN05898570,ERY,Resistant,Resistant,2.0,2.0
SRS1739329,Streptococcus pneumoniae,Streptococcus pneumoniae,0.9900233518513022,SRR4417361,ENA_SAMN05898571,ERY,Resistant,Resistant,2.0,2.0
SRS1739330,Streptococcus pneumoniae,Streptococcus pneumoniae,0.9892682947516622,SRR4417362,ENA_SAMN05898572,ERY,Resistant,Resistant,2.0,2.0
SRS1739331,Streptococcus pneumoniae,Streptococcus pneumoniae,0.9898460501897026,SRR4417363,ENA_SAMN05898537,ERY,Resistant,Resistant,2.0,2.0
SRS1739333,Streptococcus pneumoniae,Streptococcus pneumoniae,0.9901722597941792,SRR4417365,ENA_SAMN05898574,ERY,Susceptible,Susceptible,0.25,0.25
SRS1739337,Streptococcus pneumoniae,Streptococcus pneumoniae,0.9901767804134578,SRR4417370,ENA_SAMN05898579,ERY,Susceptible,Susceptible,0.25,0.25
SRS1739341,Streptococcus pneumoniae,Streptococcus pneumoniae,0.9903589689363655,SRR4417374,ENA_SAMN05898538,ERY,Susceptible,Susceptible,0.25,0.25
SRS1739345,Streptococcus pneumoniae,Streptococcus pneumoniae,0.9903888244881924,SRR4417377,ENA_SAMN05898585,ERY,Susceptible,Susceptible,0.25,0.25
SRS1739349,Streptococcus pneumoniae,Streptococcus pneumoniae,0.9903560623406223,SRR4417381,ENA_SAMN05898589,ERY,Susceptible,Susceptible,0.25,0.25
SRS1739355,Streptococcus pneumoniae,Streptococcus pneumoniae,0.9902833669933216,SRR4417387,ENA_SAMN05898594,ERY,Susceptible,Susceptible,0.25,0.25
SRS1739361,Streptococcus pneumoniae,Streptococcus pneumoniae,0.9900118296225632,SRR4417393,ENA_SAMN05898600,ERY,Resistant,Resistant,2.0,2.0
SRS1739367,Streptococcus pneumoniae,Streptococcus pneumoniae,0.9900233518513022,SRR4417399,ENA_SAMN05898605,ERY,Resistant,Resistant,2.0,2.0
SRS1739369,Streptococcus pneumoniae,Streptococcus pneumoniae,0.9904321481163734,SRR4417401,ENA_SAMN05898607,ERY,Susceptible,Susceptible,0.25,0.25
SRS1739370,Streptococcus pneumoniae,Streptococcus pneumoniae,0.990037336621138,SRR4417402,ENA_SAMN05898608,ERY,Resistant,Resistant,2.0,2.0
SRS1739372,Streptococcus pneumoniae,Streptococcus pneumoniae,0.9904059980376848,SRR4417404,ENA_SAMN05898610,ERY,Susceptible,Susceptible,0.25,0.25
SRS1739374,Streptococcus pneumoniae,Streptococcus pneumoniae,0.99003099121514,SRR4417406,ENA_SAMN05898612,ERY,Resistant,Resistant,2.0,2.0
SRS1739376,Streptococcus pneumoniae,Streptococcus pneumoniae,0.990471287220116,SRR4417408,ENA_SAMN05898613,ERY,Susceptible,Susceptible,0.25,0.25
SRS1739379,Streptococcus pneumoniae,Streptococcus pneumoniae,0.9900254224265396,SRR4417411,ENA_SAMN05898616,ERY,Resistant,Resistant,2.0,2.0
SRS1739387,Streptococcus pneumoniae,Streptococcus pneumoniae,0.9903589689363655,SRR4417419,ENA_SAMN05898623,ERY,Susceptible,Susceptible,0.25,0.25
SRS1739389,Streptococcus pneumoniae,Streptococcus pneumoniae,0.990228954027108,SRR4417421,ENA_SAMN05898625,ERY,Susceptible,Susceptible,0.25,0.25
SRS1739392,Streptococcus pneumoniae,Streptococcus pneumoniae,0.990304023287547,SRR4417424,ENA_SAMN05898628,ERY,Susceptible,Susceptible,0.25,0.25
SRS1739514,Acinetobacter baumannii,Acinetobacter baumannii,0.9834243632658612,SRR4417570,ENA_SAMN04901664,CAZ,Resistant,Resistant,64.0,64.0
SRS1739518,Acinetobacter baumannii,Acinetobacter baumannii,0.9822107571156568,SRR4417573,ENA_SAMN04901675,CAZ,Resistant,Resistant,128.0,64.0
SRS1739520,Acinetobacter baumannii,Acinetobacter baumannii,0.982427698157512,SRR4417572,ENA_SAMN04901674,CAZ,Resistant,Resistant,32.0,32.0
SRS1739524,Acinetobacter baumannii,Acinetobacter baumannii,0.9828758743137592,SRR4417581,ENA_SAMN04901681,CAZ,Resistant,Resistant,128.0,64.0
SRS1739525,Acinetobacter baumannii,Acinetobacter baumannii,0.9832226333467908,SRR4417582,ENA_SAMN04901682,CAZ,Resistant,Resistant,128.0,64.0
SRS1739526,Acinetobacter baumannii,Acinetobacter baumannii,0.9829455687058216,SRR4417583,ENA_SAMN04901665,CAZ,Resistant,Resistant,128.0,64.0
SRS1739527,Acinetobacter baumannii,Acinetobacter baumannii,0.9833692779430456,SRR4417585,ENA_SAMN04901683,CAZ,Resistant,Resistant,128.0,64.0
SRS1739528,Acinetobacter baumannii,Acinetobacter baumannii,0.983099593258398,SRR4417586,ENA_SAMN04901684,CAZ,Resistant,Resistant,128.0,64.0
SRS1739530,Acinetobacter baumannii,Acinetobacter baumannii,0.9829523366598976,SRR4417590,ENA_SAMN04901687,CAZ,Resistant,Resistant,128.0,64.0
SRS1739532,Acinetobacter baumannii,Acinetobacter baumannii,0.981743014500524,SRR4417592,ENA_SAMN04901689,CAZ,Resistant,Resistant,128.0,64.0
SRS1739533,Acinetobacter baumannii,Acinetobacter baumannii,0.9819306385695028,SRR4417589,ENA_SAMN04901686,CAZ,Resistant,Resistant,128.0,64.0
SRS1739536,Acinetobacter baumannii,Acinetobacter baumannii,0.9828575131745874,SRR4417598,ENA_SAMN04901693,CAZ,Resistant,Resistant,128.0,64.0
SRS1739539,Acinetobacter baumannii,Acinetobacter baumannii,0.9831851331356692,SRR4417595,ENA_SAMN04901692,CAZ,Resistant,Resistant,128.0,64.0
SRS1739540,Acinetobacter baumannii,Acinetobacter baumannii,0.9825401774679816,SRR4417601,ENA_SAMN04901696,CAZ,Resistant,Resistant,128.0,64.0
SRS1739544,Acinetobacter baumannii,Acinetobacter baumannii,0.983117884542134,SRR4417604,ENA_SAMN04901699,CAZ,Resistant,Resistant,128.0,64.0
SRS1739549,Acinetobacter baumannii,Acinetobacter baumannii,0.9824374758882332,SRR4417610,ENA_SAMN04901668,CAZ,Resistant,Resistant,128.0,64.0
SRS1739550,Acinetobacter baumannii,Acinetobacter baumannii,0.9824374758882332,SRR4417611,ENA_SAMN04901669,CAZ,Resistant,Resistant,128.0,64.0
SRS1739551,Acinetobacter baumannii,Acinetobacter baumannii,0.9829697581843808,SRR4417609,ENA_SAMN04901703,CAZ,Resistant,Resistant,128.0,64.0
SRS1739554,Acinetobacter baumannii,Acinetobacter baumannii,0.98287060143177,SRR4417614,ENA_SAMN04901672,CAZ,Resistant,Resistant,128.0,64.0
SRS1870442,Acinetobacter baumannii,Acinetobacter baumannii,0.9835005464679606,SRR5120223,ENA_SAMN06007771,CAZ,Resistant,Resistant,64.0,64.0
SRS1963406,Acinetobacter baumannii,Acinetobacter baumannii,0.9836636945322434,SRR5237398,ENA_SAMN06311521,CAZ,Resistant,Resistant,64.0,64.0
SRS2077757,Klebsiella pneumoniae,Klebsiella pneumoniae,0.9906183013003244,SRR5385424,ENA_SAMN06437559,GEN,Susceptible,Susceptible,2.0,2.0
SRS2077778,Klebsiella pneumoniae,Klebsiella pneumoniae,0.9892768216234228,SRR5385445,ENA_SAMN06437538,GEN,Intermediate,Susceptible,4.0,4.0
SRS2077843,Klebsiella pneumoniae,Klebsiella pneumoniae,0.990646186570356,SRR5385510,ENA_SAMN06437473,GEN,Resistant,Resistant,8.0,8.0
SRS2077844,Klebsiella pneumoniae,Klebsiella pneumoniae,0.9905075460846332,SRR5385511,ENA_SAMN06437472,GEN,Susceptible,Susceptible,2.0,2.0
SRS2077959,Klebsiella pneumoniae,Klebsiella pneumoniae,0.9891920305521876,SRR5385626,ENA_SAMN06438234,GEN,Intermediate,Susceptible,4.0,4.0
SRS2078017,Klebsiella pneumoniae,Klebsiella pneumoniae,0.9891891606311194,SRR5385684,ENA_SAMN06438021,GEN,Susceptible,Susceptible,2.0,2.0
SRS2078222,Klebsiella pneumoniae,Klebsiella pneumoniae,0.9901432248104408,SRR5385889,ENA_SAMN06437816,GEN,Intermediate,Susceptible,4.0,4.0
SRS2078261,Klebsiella pneumoniae,Klebsiella pneumoniae,0.989107909864654,SRR5385928,ENA_SAMN06437777,GEN,Intermediate,Susceptible,4.0,4.0
SRS2078280,Klebsiella pneumoniae,Klebsiella pneumoniae,0.9892798967726264,SRR5385946,ENA_SAMN06438728,GEN,Intermediate,Susceptible,4.0,4.0
SRS2078298,Klebsiella pneumoniae,Klebsiella pneumoniae,0.9900278404181116,SRR5385964,ENA_SAMN06438710,GEN,Resistant,Resistant,8.0,8.0
SRS2078383,Klebsiella pneumoniae,Klebsiella pneumoniae,0.9891850807930824,SRR5386050,ENA_SAMN06438641,GEN,Intermediate,Susceptible,4.0,4.0
SRS2078425,Klebsiella pneumoniae,Klebsiella pneumoniae,0.9892012784875456,SRR5386092,ENA_SAMN06438600,GEN,Intermediate,Susceptible,4.0,4.0
SRS2078436,Klebsiella pneumoniae,Klebsiella pneumoniae,0.990564384614242,SRR5386103,ENA_SAMN06438589,GEN,Susceptible,Susceptible,2.0,2.0
SRS2078456,Klebsiella pneumoniae,Klebsiella pneumoniae,0.9892240802346076,SRR5386122,ENA_SAMN06438570,GEN,Intermediate,Susceptible,4.0,4.0
SRS2078460,Klebsiella pneumoniae,Klebsiella pneumoniae,0.989211106041276,SRR5386126,ENA_SAMN06438566,GEN,Intermediate,Susceptible,4.0,4.0
SRS2078464,Klebsiella pneumoniae,Klebsiella pneumoniae,0.9903101577155612,SRR5386130,ENA_SAMN06438562,GEN,Susceptible,Susceptible,2.0,2.0
SRS2078471,Klebsiella pneumoniae,Klebsiella pneumoniae,0.9903333114536302,SRR5386137,ENA_SAMN06438555,GEN,Susceptible,Susceptible,2.0,2.0
SRS2078476,Klebsiella pneumoniae,Klebsiella pneumoniae,0.9899845552176232,SRR5386143,ENA_SAMN06438550,GEN,Susceptible,Susceptible,2.0,2.0
SRS2078481,Klebsiella pneumoniae,Klebsiella pneumoniae,0.9905588631034372,SRR5386148,ENA_SAMN06438545,GEN,Susceptible,Susceptible,2.0,2.0
SRS2078516,Klebsiella pneumoniae,Klebsiella pneumoniae,0.9892681750081832,SRR5386183,ENA_SAMN06437421,GEN,Resistant,Resistant,8.0,8.0
SRS2078524,Klebsiella pneumoniae,Klebsiella pneumoniae,0.9899854611365694,SRR5386191,ENA_SAMN06437413,GEN,Susceptible,Susceptible,2.0,2.0
SRS2078539,Klebsiella pneumoniae,Klebsiella pneumoniae,0.9907973189992968,SRR5386206,ENA_SAMN06437398,GEN,Resistant,Resistant,8.0,8.0
SRS2078559,Klebsiella pneumoniae,Klebsiella pneumoniae,0.9904776982347676,SRR5386225,ENA_SAMN06437379,GEN,Susceptible,Susceptible,2.0,2.0
SRS2078592,Klebsiella pneumoniae,Klebsiella pneumoniae,0.9907815569834152,SRR5386259,ENA_SAMN06437346,GEN,Resistant,Resistant,8.0,8.0
SRS2078603,Klebsiella pneumoniae,Klebsiella pneumoniae,0.9905397304638156,SRR5386270,ENA_SAMN06437335,GEN,Resistant,Resistant,8.0,8.0
SRS2078617,Klebsiella pneumoniae,Klebsiella pneumoniae,0.9896672671022316,SRR5386285,ENA_SAMN06437320,GEN,Resistant,Resistant,8.0,8.0
SRS2078666,Klebsiella pneumoniae,Klebsiella pneumoniae,0.9906461006054676,SRR5386333,ENA_SAMN06437272,GEN,Resistant,Resistant,8.0,8.0
SRS2078678,Klebsiella pneumoniae,Klebsiella pneumoniae,0.9892122659314964,SRR5386345,ENA_SAMN06437260,GEN,Susceptible,Susceptible,2.0,2.0
SRS2078689,Klebsiella pneumoniae,Klebsiella pneumoniae,0.9895904403462128,SRR5386356,ENA_SAMN06437249,GEN,Resistant,Resistant,8.0,8.0
SRS2078786,Klebsiella pneumoniae,Klebsiella pneumoniae,0.9904709656479754,SRR5386453,ENA_SAMN06437152,GEN,Resistant,Resistant,8.0,8.0
SRS2078831,Klebsiella pneumoniae,Klebsiella pneumoniae,0.9906081583333076,SRR5386498,ENA_SAMN06437732,GEN,Resistant,Resistant,8.0,8.0
SRS2078840,Klebsiella pneumoniae,Klebsiella pneumoniae,0.9905042965922582,SRR5386507,ENA_SAMN06437723,GEN,Resistant,Resistant,8.0,8.0
SRS2078853,Klebsiella pneumoniae,Klebsiella pneumoniae,0.9902845206832496,SRR5386520,ENA_SAMN06437710,GEN,Resistant,Resistant,8.0,8.0
SRS2078889,Klebsiella pneumoniae,Klebsiella pneumoniae,0.9906208229932306,SRR5386556,ENA_SAMN06437674,GEN,Susceptible,Susceptible,2.0,2.0
SRS2078900,Klebsiella pneumoniae,Klebsiella pneumoniae,0.988998233105713,SRR5386568,ENA_SAMN06437663,GEN,Intermediate,Susceptible,4.0,4.0
SRS2078958,Klebsiella pneumoniae,Klebsiella pneumoniae,0.9902275413859,SRR5386627,ENA_SAMN06438521,GEN,Susceptible,Susceptible,2.0,2.0
SRS2078993,Klebsiella pneumoniae,Klebsiella pneumoniae,0.9895616891563416,SRR5386661,ENA_SAMN06438487,GEN,Intermediate,Susceptible,4.0,4.0
SRS2079037,Klebsiella pneumoniae,Klebsiella pneumoniae,0.98947041928911,SRR5386706,ENA_SAMN06438442,GEN,Intermediate,Susceptible,4.0,4.0
SRS2079087,Klebsiella pneumoniae,Klebsiella pneumoniae,0.9902495271169548,SRR5386756,ENA_SAMN06438406,GEN,Susceptible,Susceptible,2.0,2.0
SRS2079127,Klebsiella pneumoniae,Klebsiella pneumoniae,0.9900577727748278,SRR5386796,ENA_SAMN06438366,GEN,Resistant,Resistant,8.0,8.0
SRS2079174,Klebsiella pneumoniae,Klebsiella pneumoniae,0.9898463930149456,SRR5386843,ENA_SAMN06438319,GEN,Susceptible,Susceptible,2.0,2.0
SRS2079300,Klebsiella pneumoniae,Klebsiella pneumoniae,0.9895117976657476,SRR5386969,ENA_SAMN06438260,GEN,Intermediate,Susceptible,4.0,4.0
SRS2079315,Klebsiella pneumoniae,Klebsiella pneumoniae,0.9891821895549596,SRR5386984,ENA_SAMN06438245,GEN,Intermediate,Susceptible,4.0,4.0
SRS2079467,Klebsiella pneumoniae,Klebsiella pneumoniae,0.9893197622387636,SRR5387365,ENA_SAMN06438804,GEN,Susceptible,Susceptible,2.0,2.0
SRS2079575,Klebsiella pneumoniae,Klebsiella pneumoniae,0.9907372931176336,SRR5387258,ENA_SAMN06438911,GEN,Resistant,Resistant,8.0,8.0
SRS2079613,Klebsiella pneumoniae,Klebsiella pneumoniae,0.9890003085663291,SRR5387296,ENA_SAMN06438873,GEN,Resistant,Resistant,8.0,8.0
SRS2079624,Klebsiella pneumoniae,Klebsiella pneumoniae,0.9900591148784632,SRR5387307,ENA_SAMN06438862,GEN,Susceptible,Susceptible,2.0,2.0
SRS2079627,Klebsiella pneumoniae,Klebsiella pneumoniae,0.9897704815774034,SRR5387310,ENA_SAMN06438859,GEN,Susceptible,Susceptible,2.0,2.0
SRS2079639,Klebsiella pneumoniae,Klebsiella pneumoniae,0.9897668696580164,SRR5387322,ENA_SAMN06438847,GEN,Susceptible,Susceptible,2.0,2.0
SRS2079652,Klebsiella pneumoniae,Klebsiella pneumoniae,0.9891007941286624,SRR5387335,ENA_SAMN06438834,GEN,Intermediate,Susceptible,4.0,4.0
SRS2122761,Acinetobacter baumannii,Acinetobacter baumannii,0.9837284854517664,SRR5445923,ENA_SAMN06754731,CAZ,Resistant,Resistant,64.0,64.0
SRS2122764,Acinetobacter baumannii,Acinetobacter baumannii,0.9839839223111132,SRR5445925,ENA_SAMN06754729,CAZ,Resistant,Resistant,64.0,64.0
SRS2403186,Acinetobacter baumannii,Acinetobacter baumannii,0.9832606781700852,SRR5891475,ENA_SAMN07445126,CAZ,Resistant,Resistant,64.0,64.0
SRS2403189,Acinetobacter baumannii,Acinetobacter baumannii,0.9832606781700852,SRR5891479,ENA_SAMN07445124,CAZ,Resistant,Resistant,64.0,64.0
SRS2403193,Acinetobacter baumannii,Acinetobacter baumannii,0.9832566761485236,SRR5891485,ENA_SAMN07445119,CAZ,Resistant,Resistant,64.0,64.0
SRS2403198,Acinetobacter baumannii,Acinetobacter baumannii,0.9832646807129574,SRR5891492,ENA_SAMN07445115,CAZ,Resistant,Resistant,64.0,64.0
SRS2407853,Acinetobacter baumannii,Acinetobacter baumannii,0.983495310380842,SRR5901132,ENA_SAMN07450848,CAZ,Resistant,Resistant,64.0,64.0
SRS3601413,Klebsiella pneumoniae,Klebsiella pneumoniae,0.9904172747322484,SRR5973264,ENA_SAMN07525392,GEN,Susceptible,Susceptible,1.0,1.0
SRS3601480,Klebsiella pneumoniae,Klebsiella pneumoniae,0.9897625589900864,SRR5973331,ENA_SAMN07525440,GEN,Susceptible,Susceptible,0.5,0.5
SRS3601497,Klebsiella pneumoniae,Klebsiella pneumoniae,0.9901601812468922,SRR5973349,ENA_SAMN07525427,GEN,Susceptible,Susceptible,0.5,0.5
SRS659988,Salmonella enterica,Salmonella enterica,0.984779631528892,SRR1514746,ENA_SAMN02777642,GEN,Resistant,Resistant,16.0,16.0
SRS693339,Salmonella enterica,Salmonella enterica,0.9834402077748234,SRR10992709,ENA_SAMN02782579,GEN,Resistant,Resistant,16.0,16.0
SRS925054,Acinetobacter baumannii,Acinetobacter baumannii,0.9810378799814032,SRR2075860,ENA_SAMN03571960,CAZ,Resistant,Resistant,256.0,64.0
SRS926091,Acinetobacter baumannii,Acinetobacter baumannii,0.9809660197567188,SRR2075876,ENA_SAMN03575971,CAZ,Resistant,Resistant,256.0,64.0
SRS927391,Acinetobacter baumannii,Acinetobacter baumannii,0.9829025679773704,SRR2075880,ENA_SAMN03576358,CAZ,Resistant,Resistant,256.0,64.0
SRS927395,Acinetobacter baumannii,Acinetobacter baumannii,0.9836554088391056,SRR2075884,ENA_SAMN03576363,CAZ,Resistant,Resistant,256.0,64.0
SRS927396,Acinetobacter baumannii,Acinetobacter baumannii,0.9835691801593904,SRR2075885,ENA_SAMN03576364,CAZ,Resistant,Resistant,256.0,64.0
SRS927399,Acinetobacter baumannii,Acinetobacter baumannii,0.9832821791696774,SRR2075893,ENA_SAMN03576442,CAZ,Resistant,Resistant,256.0,64.0
SRS927402,Acinetobacter baumannii,Acinetobacter baumannii,0.98334855471182,SRR2075896,ENA_SAMN03576446,CAZ,Resistant,Resistant,256.0,64.0
SRS927403,Acinetobacter baumannii,Acinetobacter baumannii,0.9830518791587408,SRR2075897,ENA_SAMN03576448,CAZ,Resistant,Resistant,256.0,64.0
SRS927406,Acinetobacter baumannii,Acinetobacter baumannii,0.9808624619209908,SRR2075900,ENA_SAMN03576511,CAZ,Susceptible,Susceptible,8.0,8.0
SRS927410,Acinetobacter baumannii,Acinetobacter baumannii,0.9819685471985072,SRR2075907,ENA_SAMN03577727,CAZ,Resistant,Resistant,32.0,32.0
SRS927411,Acinetobacter baumannii,Acinetobacter baumannii,0.9823697901987732,SRR2075948,ENA_SAMN03577728,CAZ,Resistant,Resistant,256.0,64.0
SRS927412,Acinetobacter baumannii,Acinetobacter baumannii,0.9834387660032516,SRR2075950,ENA_SAMN03577729,CAZ,Resistant,Resistant,256.0,64.0
SRS965892,Salmonella enterica,Salmonella enterica,0.9843887444059732,SRR1783221,ENA_SAMN03269474,GEN,Intermediate,Susceptible,4.0,4.0
SRS965893,Salmonella enterica,Salmonella enterica,0.984334504427912,SRR1783160,ENA_SAMN03269475,GEN,Intermediate,Susceptible,4.0,4.0
DRS058671,Neisseria gonorrhoeae,Neisseria gonorrhoeae,0.9970273051780862,DRR124693,ENA_SAMD00099405,TET,Intermediate,Susceptible,0.5,0.5
DRS091762,Staphylococcus aureus,Staphylococcus aureus,0.9916718883732852,DRR170693,ENA_SAMD00164374,ERY,Intermediate,Susceptible,4.0,4.0
DRS091764,Staphylococcus aureus,Staphylococcus aureus,0.9915757818849568,DRR170697,ENA_SAMD00164376,ERY,Intermediate,Susceptible,4.0,4.0
DRS091766,Staphylococcus aureus,Staphylococcus aureus,0.9916511215265328,DRR170701,ENA_SAMD00164378,ERY,Intermediate,Susceptible,4.0,4.0
ERS004829,Streptococcus pneumoniae,Streptococcus pneumoniae,0.98909752596562,ERR016681,ENA_SAMEA677622,ERY,Resistant,Resistant,32.0,32.0
ERS036307,Streptococcus pneumoniae,Streptococcus pneumoniae,0.9893982694065226,ERR052526,ENA_SAMEA1020022,ERY,Resistant,Resistant,32.0,32.0
ERS040904,Staphylococcus aureus,Staphylococcus aureus,0.9984227528569076,ERR053008,ENA_SAMEA1021972,ERY,Resistant,Resistant,,
ERS040912,Staphylococcus aureus,Staphylococcus aureus,0.9947973785144618,ERR053016,ENA_SAMEA1021856,ERY,Resistant,Resistant,,
ERS040918,Staphylococcus aureus,Staphylococcus aureus,0.9948383429485728,ERR053022,ENA_SAMEA1022012,ERY,Resistant,Resistant,,
ERS040921,Staphylococcus aureus,Staphylococcus aureus,0.9949948724965328,ERR053025,ENA_SAMEA1021934,ERY,Resistant,Resistant,,
ERS040928,Staphylococcus aureus,Staphylococcus aureus,0.9947918077917388,ERR053032,ENA_SAMEA1021849,ERY,Resistant,Resistant,,
ERS040930,Staphylococcus aureus,Staphylococcus aureus,0.9950715739500956,ERR053034,ENA_SAMEA1021821,ERY,Resistant,Resistant,,
ERS040931,Staphylococcus aureus,Staphylococcus aureus,0.9948101940556288,ERR053035,ENA_SAMEA1021995,ERY,Resistant,Resistant,,
ERS040935,Staphylococcus aureus,Staphylococcus aureus,0.9949406627006148,ERR053039,ENA_SAMEA1022005,ERY,Resistant,Resistant,,
ERS040942,Staphylococcus aureus,Staphylococcus aureus,0.994749250064841,ERR053046,ENA_SAMEA1021915,ERY,Resistant,Resistant,,
ERS043832,Streptococcus pneumoniae,Streptococcus pneumoniae,0.9898122990791404,ERR065337,ENA_SAMEA1032536,ERY,Intermediate,Susceptible,0.5,0.5
ERS043834,Streptococcus pneumoniae,Streptococcus pneumoniae,0.9902235182445908,ERR065339,ENA_SAMEA1032590,ERY,Susceptible,Susceptible,0.06,0.06
ERS043835,Streptococcus pneumoniae,Streptococcus pneumoniae,0.9900582044837628,ERR065340,ENA_SAMEA1032606,ERY,Intermediate,Susceptible,0.5,0.5
ERS043837,Streptococcus pneumoniae,Streptococcus pneumoniae,0.98927949403047,ERR065342,ENA_SAMEA1032634,ERY,Susceptible,Susceptible,0.06,0.06
ERS043839,Streptococcus pneumoniae,Streptococcus pneumoniae,0.9899056858270082,ERR065344,ENA_SAMEA1032678,ERY,Intermediate,Susceptible,0.5,0.5
ERS043843,Streptococcus pneumoniae,Streptococcus pneumoniae,0.9905113264798544,ERR065348,ENA_SAMEA1032467,ERY,Susceptible,Susceptible,0.06,0.06
ERS043847,Streptococcus pneumoniae,Streptococcus pneumoniae,0.990421664167579,ERR065352,ENA_SAMEA1032535,ERY,Intermediate,Susceptible,0.5,0.5
ERS043848,Streptococcus pneumoniae,Streptococcus pneumoniae,0.9899013778866608,ERR065353,ENA_SAMEA1032553,ERY,Intermediate,Susceptible,0.5,0.5
ERS043850,Streptococcus pneumoniae,Streptococcus pneumoniae,0.9903153119130916,ERR065355,ENA_SAMEA1032572,ERY,Susceptible,Susceptible,0.06,0.06
ERS043857,Streptococcus pneumoniae,Streptococcus pneumoniae,0.990025931689352,ERR065293,ENA_SAMEA1032435,ERY,Susceptible,Susceptible,0.06,0.06
ERS043858,Streptococcus pneumoniae,Streptococcus pneumoniae,0.9899162415423656,ERR065294,ENA_SAMEA1032430,ERY,Intermediate,Susceptible,0.5,0.5
ERS043859,Streptococcus pneumoniae,Streptococcus pneumoniae,0.9905254912427486,ERR065295,ENA_SAMEA1032741,ERY,Susceptible,Susceptible,0.06,0.06
ERS043860,Streptococcus pneumoniae,Streptococcus pneumoniae,0.9840643861199564,ERR065296,ENA_SAMEA1032730,ERY,Susceptible,Susceptible,0.06,0.06
ERS043861,Streptococcus pneumoniae,Streptococcus pneumoniae,0.9899734833574092,ERR065297,ENA_SAMEA1032580,ERY,Intermediate,Susceptible,0.5,0.5
ERS043864,Streptococcus pneumoniae,Streptococcus pneumoniae,0.9899281521789274,ERR065300,ENA_SAMEA1032644,ERY,Susceptible,Susceptible,0.06,0.06
ERS043865,Streptococcus pneumoniae,Streptococcus pneumoniae,0.9894301570258044,ERR065301,ENA_SAMEA1032660,ERY,Susceptible,Susceptible,0.06,0.06
ERS043868,Streptococcus pneumoniae,Streptococcus pneumoniae,0.9906007418978456,ERR065304,ENA_SAMEA1032541,ERY,Susceptible,Susceptible,0.06,0.06
ERS043871,Streptococcus pneumoniae,Streptococcus pneumoniae,0.9898841350479244,ERR065307,ENA_SAMEA1032477,ERY,Susceptible,Susceptible,0.06,0.06
ERS043873,Streptococcus pneumoniae,Streptococcus pneumoniae,0.9897025524056292,ERR065309,ENA_SAMEA1032640,ERY,Intermediate,Susceptible,0.5,0.5
ERS043874,Streptococcus pneumoniae,Streptococcus pneumoniae,0.9910711080169587,ERR065310,ENA_SAMEA1032628,ERY,Susceptible,Susceptible,0.06,0.06
ERS043875,Streptococcus pneumoniae,Streptococcus pneumoniae,0.990497322801608,ERR065311,ENA_SAMEA1032651,ERY,Susceptible,Susceptible,0.06,0.06
ERS043876,Streptococcus pneumoniae,Streptococcus pneumoniae,0.9908867688074376,ERR065312,ENA_SAMEA1032581,ERY,Susceptible,Susceptible,0.06,0.06
ERS043878,Streptococcus pneumoniae,Streptococcus pneumoniae,0.9900435104265088,ERR065314,ENA_SAMEA1032719,ERY,Intermediate,Susceptible,0.5,0.5
ERS043880,Streptococcus pneumoniae,Streptococcus pneumoniae,0.989695018301224,ERR065316,ENA_SAMEA1032667,ERY,Susceptible,Susceptible,0.06,0.06
ERS043881,Streptococcus pneumoniae,Streptococcus pneumoniae,0.9902561321996628,ERR065317,ENA_SAMEA1032470,ERY,Susceptible,Susceptible,0.06,0.06
ERS043882,Streptococcus pneumoniae,Streptococcus pneumoniae,0.9901951595991908,ERR065318,ENA_SAMEA1032443,ERY,Susceptible,Susceptible,0.06,0.06
ERS043884,Streptococcus pneumoniae,Streptococcus pneumoniae,0.9899165983578752,ERR065320,ENA_SAMEA1032412,ERY,Intermediate,Susceptible,0.5,0.5
ERS043889,Streptococcus pneumoniae,Streptococcus pneumoniae,0.9903075292147514,ERR065325,ENA_SAMEA1032489,ERY,Susceptible,Susceptible,0.06,0.06
ERS043890,Streptococcus pneumoniae,Streptococcus pneumoniae,0.9910100423702562,ERR065326,ENA_SAMEA1032584,ERY,Susceptible,Susceptible,0.06,0.06
ERS043891,Streptococcus pneumoniae,Streptococcus pneumoniae,0.99019190479906,ERR065327,ENA_SAMEA1032647,ERY,Susceptible,Susceptible,0.06,0.06
ERS043892,Streptococcus pneumoniae,Streptococcus pneumoniae,0.9898657644760072,ERR065328,ENA_SAMEA1032638,ERY,Susceptible,Susceptible,0.06,0.06
ERS043896,Streptococcus pneumoniae,Streptococcus pneumoniae,0.9899909332295962,ERR065332,ENA_SAMEA1032729,ERY,Intermediate,Susceptible,0.5,0.5
ERS043897,Streptococcus pneumoniae,Streptococcus pneumoniae,0.9912584992412736,ERR067983,ENA_SAMEA1032713,ERY,Susceptible,Susceptible,0.06,0.06
ERS043899,Streptococcus pneumoniae,Streptococcus pneumoniae,0.9910506474045924,ERR067985,ENA_SAMEA1032411,ERY,Susceptible,Susceptible,0.06,0.06
ERS043900,Streptococcus pneumoniae,Streptococcus pneumoniae,0.9911317031027604,ERR067986,ENA_SAMEA1032426,ERY,Susceptible,Susceptible,0.06,0.06
ERS043902,Streptococcus pneumoniae,Streptococcus pneumoniae,0.9899415592241272,ERR067988,ENA_SAMEA1032462,ERY,Susceptible,Susceptible,0.06,0.06
ERS043904,Streptococcus pneumoniae,Streptococcus pneumoniae,0.9897513835324636,ERR067990,ENA_SAMEA1032509,ERY,Intermediate,Susceptible,0.5,0.5
ERS043909,Streptococcus pneumoniae,Streptococcus pneumoniae,0.9903339519734482,ERR067995,ENA_SAMEA1032587,ERY,Susceptible,Susceptible,0.06,0.06
ERS043912,Streptococcus pneumoniae,Streptococcus pneumoniae,0.989484795080714,ERR067998,ENA_SAMEA1032625,ERY,Intermediate,Susceptible,0.5,0.5
ERS043913,Streptococcus pneumoniae,Streptococcus pneumoniae,0.9898702505096626,ERR067999,ENA_SAMEA1032641,ERY,Intermediate,Susceptible,0.5,0.5
ERS043914,Streptococcus pneumoniae,Streptococcus pneumoniae,0.9907937249652352,ERR068000,ENA_SAMEA1032623,ERY,Susceptible,Susceptible,0.06,0.06
ERS043915,Streptococcus pneumoniae,Streptococcus pneumoniae,0.9900393524989496,ERR068001,ENA_SAMEA1032594,ERY,Intermediate,Susceptible,0.5,0.5
ERS043917,Streptococcus pneumoniae,Streptococcus pneumoniae,0.9896230740326232,ERR068003,ENA_SAMEA1032568,ERY,Intermediate,Susceptible,0.5,0.5
ERS043918,Streptococcus pneumoniae,Streptococcus pneumoniae,0.9897062244128914,ERR068004,ENA_SAMEA1032508,ERY,Intermediate,Susceptible,0.5,0.5
ERS043919,Streptococcus pneumoniae,Streptococcus pneumoniae,0.9907780251236612,ERR068005,ENA_SAMEA1032493,ERY,Susceptible,Susceptible,0.06,0.06
ERS043921,Streptococcus pneumoniae,Streptococcus pneumoniae,0.990775659042682,ERR068007,ENA_SAMEA1032473,ERY,Intermediate,Susceptible,0.5,0.5
ERS043926,Streptococcus pneumoniae,Streptococcus pneumoniae,0.9895979274415312,ERR068012,ENA_SAMEA1032743,ERY,Susceptible,Susceptible,0.06,0.06
ERS043933,Streptococcus pneumoniae,Streptococcus pneumoniae,0.9895379860526068,ERR068019,ENA_SAMEA1032533,ERY,Susceptible,Susceptible,0.06,0.06
ERS043935,Streptococcus pneumoniae,Streptococcus pneumoniae,0.9906152491376776,ERR068021,ENA_SAMEA1032575,ERY,Susceptible,Susceptible,0.06,0.06
ERS043937,Streptococcus pneumoniae,Streptococcus pneumoniae,0.9896852733684036,ERR068023,ENA_SAMEA1032442,ERY,Susceptible,Susceptible,0.06,0.06
ERS043940,Streptococcus pneumoniae,Streptococcus pneumoniae,0.9896209802335636,ERR068026,ENA_SAMEA1032671,ERY,Intermediate,Susceptible,0.5,0.5
ERS043942,Streptococcus pneumoniae,Streptococcus pneumoniae,0.9896287126744742,ERR068028,ENA_SAMEA1032712,ERY,Intermediate,Susceptible,0.5,0.5
ERS043943,Streptococcus pneumoniae,Streptococcus pneumoniae,0.9896612468706713,ERR068029,ENA_SAMEA1032616,ERY,Susceptible,Susceptible,0.06,0.06
ERS043944,Streptococcus pneumoniae,Streptococcus pneumoniae,0.989046136930698,ERR068030,ENA_SAMEA1032598,ERY,Intermediate,Susceptible,0.5,0.5
ERS043945,Streptococcus pneumoniae,Streptococcus pneumoniae,0.989692281331456,ERR068031,ENA_SAMEA1032664,ERY,Susceptible,Susceptible,0.06,0.06
ERS043946,Streptococcus pneumoniae,Streptococcus pneumoniae,0.9899089871861708,ERR068032,ENA_SAMEA1032646,ERY,Intermediate,Susceptible,0.5,0.5
ERS043947,Streptococcus pneumoniae,Streptococcus pneumoniae,0.9899127144618256,ERR068033,ENA_SAMEA1032627,ERY,Susceptible,Susceptible,0.06,0.06
ERS043949,Streptococcus pneumoniae,Streptococcus pneumoniae,0.9894336722892436,ERR068035,ENA_SAMEA1032556,ERY,Intermediate,Susceptible,0.5,0.5
ERS043950,Streptococcus pneumoniae,Streptococcus pneumoniae,0.9894412816200616,ERR068036,ENA_SAMEA1032469,ERY,Intermediate,Susceptible,0.5,0.5
ERS043952,Streptococcus pneumoniae,Streptococcus pneumoniae,0.9900315553036,ERR068038,ENA_SAMEA1032458,ERY,Intermediate,Susceptible,0.5,0.5
ERS043953,Streptococcus pneumoniae,Streptococcus pneumoniae,0.9896256926745608,ERR068039,ENA_SAMEA1032439,ERY,Susceptible,Susceptible,0.06,0.06
ERS043957,Streptococcus pneumoniae,Streptococcus pneumoniae,0.9899745015717256,ERR068043,ENA_SAMEA1032711,ERY,Intermediate,Susceptible,0.5,0.5
ERS043958,Streptococcus pneumoniae,Streptococcus pneumoniae,0.9901686924543004,ERR068044,ENA_SAMEA1032692,ERY,Susceptible,Susceptible,0.06,0.06
ERS043960,Streptococcus pneumoniae,Streptococcus pneumoniae,0.9911338042455388,ERR068046,ENA_SAMEA1032717,ERY,Susceptible,Susceptible,0.06,0.06
ERS043963,Streptococcus pneumoniae,Streptococcus pneumoniae,0.9899602808755202,ERR068049,ENA_SAMEA1032427,ERY,Intermediate,Susceptible,0.5,0.5
ERS043966,Streptococcus pneumoniae,Streptococcus pneumoniae,0.9901489375147534,ERR067960,ENA_SAMEA1032455,ERY,Susceptible,Susceptible,0.06,0.06
ERS043967,Streptococcus pneumoniae,Streptococcus pneumoniae,0.990483450929998,ERR067961,ENA_SAMEA1032527,ERY,Susceptible,Susceptible,0.06,0.06
ERS043968,Streptococcus pneumoniae,Streptococcus pneumoniae,0.9899127144618256,ERR067962,ENA_SAMEA1032514,ERY,Susceptible,Susceptible,0.06,0.06
ERS043969,Streptococcus pneumoniae,Streptococcus pneumoniae,0.9895521286171872,ERR067963,ENA_SAMEA1032487,ERY,Intermediate,Susceptible,0.5,0.5
ERS043972,Streptococcus pneumoniae,Streptococcus pneumoniae,0.9898442835635696,ERR067966,ENA_SAMEA1032582,ERY,Intermediate,Susceptible,0.5,0.5
ERS043973,Streptococcus pneumoniae,Streptococcus pneumoniae,0.9904817168309232,ERR067967,ENA_SAMEA1032592,ERY,Susceptible,Susceptible,0.06,0.06
ERS043975,Streptococcus pneumoniae,Streptococcus pneumoniae,0.9898650921640986,ERR067969,ENA_SAMEA1032720,ERY,Intermediate,Susceptible,0.5,0.5
ERS043976,Streptococcus pneumoniae,Streptococcus pneumoniae,0.989860508684924,ERR067970,ENA_SAMEA1032733,ERY,Intermediate,Susceptible,0.5,0.5
ERS043980,Streptococcus pneumoniae,Streptococcus pneumoniae,0.9902225909127198,ERR067974,ENA_SAMEA1032735,ERY,Susceptible,Susceptible,0.06,0.06
ERS043981,Streptococcus pneumoniae,Streptococcus pneumoniae,0.9899389532328372,ERR067975,ENA_SAMEA1032715,ERY,Susceptible,Susceptible,0.06,0.06
ERS043982,Streptococcus pneumoniae,Streptococcus pneumoniae,0.9898476388842292,ERR067976,ENA_SAMEA1032607,ERY,Susceptible,Susceptible,0.06,0.06
ERS043984,Streptococcus pneumoniae,Streptococcus pneumoniae,0.9901365450739976,ERR067978,ENA_SAMEA1032595,ERY,Intermediate,Susceptible,0.5,0.5
ERS043985,Streptococcus pneumoniae,Streptococcus pneumoniae,0.9907603300899688,ERR067979,ENA_SAMEA1032662,ERY,Susceptible,Susceptible,0.06,0.06
ERS043988,Streptococcus pneumoniae,Streptococcus pneumoniae,0.9900175833713304,ERR067982,ENA_SAMEA1032499,ERY,Intermediate,Susceptible,0.5,0.5
ERS043989,Streptococcus pneumoniae,Streptococcus pneumoniae,0.9897130754477108,ERR069683,ENA_SAMEA1032563,ERY,Susceptible,Susceptible,0.06,0.06
ERS043997,Streptococcus pneumoniae,Streptococcus pneumoniae,0.9901203203828596,ERR069691,ENA_SAMEA1032702,ERY,Susceptible,Susceptible,0.06,0.06
ERS043999,Streptococcus pneumoniae,Streptococcus pneumoniae,0.9896609831050818,ERR069693,ENA_SAMEA1032645,ERY,Susceptible,Susceptible,0.06,0.06
ERS044000,Streptococcus pneumoniae,Streptococcus pneumoniae,0.9904822553931548,ERR069694,ENA_SAMEA1032408,ERY,Intermediate,Susceptible,0.5,0.5
ERS044004,Streptococcus pneumoniae,Streptococcus pneumoniae,0.9898977280765132,ERR069698,ENA_SAMEA1032737,ERY,Intermediate,Susceptible,0.5,0.5
ERS044005,Streptococcus pneumoniae,Streptococcus pneumoniae,0.9900296814759356,ERR069699,ENA_SAMEA1032577,ERY,Intermediate,Susceptible,0.5,0.5
ERS044006,Streptococcus pneumoniae,Streptococcus pneumoniae,0.989443938573064,ERR069700,ENA_SAMEA1032601,ERY,Intermediate,Susceptible,0.5,0.5
ERS044010,Streptococcus pneumoniae,Streptococcus pneumoniae,0.990252619078256,ERR069704,ENA_SAMEA1032492,ERY,Susceptible,Susceptible,0.06,0.06
ERS044011,Streptococcus pneumoniae,Streptococcus pneumoniae,0.9902448742587352,ERR069705,ENA_SAMEA1032557,ERY,Susceptible,Susceptible,0.06,0.06
ERS044012,Streptococcus pneumoniae,Streptococcus pneumoniae,0.9897364220924147,ERR069706,ENA_SAMEA1032538,ERY,Intermediate,Susceptible,0.5,0.5
ERS044013,Streptococcus pneumoniae,Streptococcus pneumoniae,0.9912941792269392,ERR069707,ENA_SAMEA1032441,ERY,Susceptible,Susceptible,0.06,0.06
ERS044014,Streptococcus pneumoniae,Streptococcus pneumoniae,0.98970860604904,ERR069708,ENA_SAMEA1032423,ERY,Susceptible,Susceptible,0.06,0.06
ERS044015,Streptococcus pneumoniae,Streptococcus pneumoniae,0.989961354324358,ERR069709,ENA_SAMEA1032475,ERY,Intermediate,Susceptible,0.5,0.5
ERS044016,Streptococcus pneumoniae,Streptococcus pneumoniae,0.989982084329364,ERR069710,ENA_SAMEA1032456,ERY,Intermediate,Susceptible,0.5,0.5
ERS044018,Streptococcus pneumoniae,Streptococcus pneumoniae,0.9894565358194504,ERR069712,ENA_SAMEA1032468,ERY,Susceptible,Susceptible,0.06,0.06
ERS044019,Streptococcus pneumoniae,Streptococcus pneumoniae,0.9910711080169587,ERR069713,ENA_SAMEA1032450,ERY,Susceptible,Susceptible,0.06,0.06
ERS044020,Streptococcus pneumoniae,Streptococcus pneumoniae,0.9892612857386264,ERR069714,ENA_SAMEA1032548,ERY,Intermediate,Susceptible,0.5,0.5
ERS044022,Streptococcus pneumoniae,Streptococcus pneumoniae,0.991199834293411,ERR069716,ENA_SAMEA1032554,ERY,Susceptible,Susceptible,0.06,0.06
ERS044026,Streptococcus pneumoniae,Streptococcus pneumoniae,0.9894342880918596,ERR069720,ENA_SAMEA1032648,ERY,Intermediate,Susceptible,0.5,0.5
ERS044030,Streptococcus pneumoniae,Streptococcus pneumoniae,0.9900231961705346,ERR069724,ENA_SAMEA1032732,ERY,Intermediate,Susceptible,0.5,0.5
ERS044031,Streptococcus pneumoniae,Streptococcus pneumoniae,0.990007812748265,ERR069725,ENA_SAMEA1032709,ERY,Intermediate,Susceptible,0.5,0.5
ERS044038,Streptococcus pneumoniae,Streptococcus pneumoniae,0.9899644251680004,ERR069732,ENA_SAMEA1032522,ERY,Susceptible,Susceptible,0.03,0.06
ERS044039,Streptococcus pneumoniae,Streptococcus pneumoniae,0.9898415375978328,ERR069733,ENA_SAMEA1032515,ERY,Resistant,Resistant,1.0,1.0
ERS044040,Streptococcus pneumoniae,Streptococcus pneumoniae,0.9899633697655972,ERR069734,ENA_SAMEA1032745,ERY,Resistant,Resistant,1.0,1.0
ERS044041,Streptococcus pneumoniae,Streptococcus pneumoniae,0.9897162789140992,ERR069735,ENA_SAMEA1032723,ERY,Resistant,Resistant,1.0,1.0
ERS044046,Streptococcus pneumoniae,Streptococcus pneumoniae,0.989582226428526,ERR069740,ENA_SAMEA1032633,ERY,Resistant,Resistant,1.0,1.0
ERS044047,Streptococcus pneumoniae,Streptococcus pneumoniae,0.9906817463678232,ERR069741,ENA_SAMEA1032613,ERY,Susceptible,Susceptible,0.03,0.06
ERS044050,Streptococcus pneumoniae,Streptococcus pneumoniae,0.989876345264438,ERR069744,ENA_SAMEA1032574,ERY,Resistant,Resistant,1.0,1.0
ERS044053,Streptococcus pneumoniae,Streptococcus pneumoniae,0.9897760690444474,ERR069747,ENA_SAMEA1032407,ERY,Resistant,Resistant,1.0,1.0
ERS044054,Streptococcus pneumoniae,Streptococcus pneumoniae,0.991334850335498,ERR069748,ENA_SAMEA1032421,ERY,Susceptible,Susceptible,0.03,0.06
ERS044055,Streptococcus pneumoniae,Streptococcus pneumoniae,0.9900336523336308,ERR069749,ENA_SAMEA1032480,ERY,Susceptible,Susceptible,0.03,0.06
ERS044061,Streptococcus pneumoniae,Streptococcus pneumoniae,0.9897255892558664,ERR069755,ENA_SAMEA1032603,ERY,Susceptible,Susceptible,0.03,0.06
ERS044063,Streptococcus pneumoniae,Streptococcus pneumoniae,0.9900884385423728,ERR069757,ENA_SAMEA1032661,ERY,Susceptible,Susceptible,0.03,0.06
ERS044065,Streptococcus pneumoniae,Streptococcus pneumoniae,0.9907578035125474,ERR069759,ENA_SAMEA1032677,ERY,Susceptible,Susceptible,0.03,0.06
ERS044066,Streptococcus pneumoniae,Streptococcus pneumoniae,0.9911822041383976,ERR069760,ENA_SAMEA1032693,ERY,Susceptible,Susceptible,0.03,0.06
ERS044067,Streptococcus pneumoniae,Streptococcus pneumoniae,0.989699466883375,ERR069761,ENA_SAMEA1032710,ERY,Intermediate,Susceptible,0.5,0.5
ERS044068,Streptococcus pneumoniae,Streptococcus pneumoniae,0.9901125291944364,ERR069762,ENA_SAMEA1032746,ERY,Susceptible,Susceptible,0.03,0.06
ERS044071,Streptococcus pneumoniae,Streptococcus pneumoniae,0.9899187691126052,ERR069765,ENA_SAMEA1032631,ERY,Susceptible,Susceptible,0.03,0.06
ERS044072,Streptococcus pneumoniae,Streptococcus pneumoniae,0.9903826487663532,ERR069766,ENA_SAMEA1032525,ERY,Susceptible,Susceptible,0.03,0.06
ERS044073,Streptococcus pneumoniae,Streptococcus pneumoniae,0.9901228110134934,ERR069767,ENA_SAMEA1032496,ERY,Susceptible,Susceptible,0.03,0.06
ERS044079,Streptococcus pneumoniae,Streptococcus pneumoniae,0.989692281331456,ERR069773,ENA_SAMEA1032471,ERY,Susceptible,Susceptible,0.03,0.06
ERS044083,Streptococcus pneumoniae,Streptococcus pneumoniae,0.9903118271833456,ERR069777,ENA_SAMEA1032674,ERY,Resistant,Resistant,1.0,1.0
ERS044086,Streptococcus pneumoniae,Streptococcus pneumoniae,0.9904694770824592,ERR069780,ENA_SAMEA1032614,ERY,Susceptible,Susceptible,0.03,0.06
ERS044087,Streptococcus pneumoniae,Streptococcus pneumoniae,0.990231624470698,ERR069781,ENA_SAMEA1032608,ERY,Susceptible,Susceptible,0.03,0.06
ERS044088,Streptococcus pneumoniae,Streptococcus pneumoniae,0.9903159593138288,ERR069782,ENA_SAMEA1032583,ERY,Susceptible,Susceptible,0.06,0.06
ERS044092,Streptococcus pneumoniae,Streptococcus pneumoniae,0.989821757156621,ERR069786,ENA_SAMEA1032491,ERY,Susceptible,Susceptible,0.03,0.06
ERS044095,Streptococcus pneumoniae,Streptococcus pneumoniae,0.9907064991774156,ERR069789,ENA_SAMEA1032562,ERY,Susceptible,Susceptible,0.03,0.06
ERS044097,Streptococcus pneumoniae,Streptococcus pneumoniae,0.9899795928591092,ERR069791,ENA_SAMEA1032578,ERY,Susceptible,Susceptible,0.25,0.25
ERS044098,Streptococcus pneumoniae,Streptococcus pneumoniae,0.9898585345652194,ERR069792,ENA_SAMEA1032597,ERY,Susceptible,Susceptible,0.03,0.06
ERS044099,Streptococcus pneumoniae,Streptococcus pneumoniae,0.9899739961206262,ERR069793,ENA_SAMEA1032659,ERY,Resistant,Resistant,1.0,1.0
ERS044102,Streptococcus pneumoniae,Streptococcus pneumoniae,0.9901530740193832,ERR069796,ENA_SAMEA1032519,ERY,Susceptible,Susceptible,0.03,0.06
ERS044105,Streptococcus pneumoniae,Streptococcus pneumoniae,0.9893723486153548,ERR069799,ENA_SAMEA1032573,ERY,Susceptible,Susceptible,0.03,0.06
ERS044107,Streptococcus pneumoniae,Streptococcus pneumoniae,0.9910711080169587,ERR069801,ENA_SAMEA1032586,ERY,Susceptible,Susceptible,0.03,0.06
ERS044112,Streptococcus pneumoniae,Streptococcus pneumoniae,0.9905773063034976,ERR069806,ENA_SAMEA1032700,ERY,Susceptible,Susceptible,0.06,0.06
ERS044115,Streptococcus pneumoniae,Streptococcus pneumoniae,0.989982084329364,ERR069809,ENA_SAMEA1032448,ERY,Susceptible,Susceptible,0.03,0.06
ERS044118,Streptococcus pneumoniae,Streptococcus pneumoniae,0.9899056858270082,ERR069812,ENA_SAMEA1032414,ERY,Susceptible,Susceptible,0.03,0.06
ERS044119,Streptococcus pneumoniae,Streptococcus pneumoniae,0.9906522253832823,ERR069813,ENA_SAMEA1032551,ERY,Resistant,Resistant,1.0,1.0
ERS044121,Streptococcus pneumoniae,Streptococcus pneumoniae,0.9897294107327118,ERR069815,ENA_SAMEA1032524,ERY,Susceptible,Susceptible,0.03,0.06
ERS044123,Streptococcus pneumoniae,Streptococcus pneumoniae,0.9896551066928618,ERR069817,ENA_SAMEA1032668,ERY,Resistant,Resistant,1.0,1.0
ERS044125,Streptococcus pneumoniae,Streptococcus pneumoniae,0.9910672672022958,ERR069819,ENA_SAMEA1032718,ERY,Susceptible,Susceptible,0.03,0.06
ERS044126,Streptococcus pneumoniae,Streptococcus pneumoniae,0.9902345525258536,ERR069820,ENA_SAMEA1032605,ERY,Susceptible,Susceptible,0.03,0.06
ERS044128,Streptococcus pneumoniae,Streptococcus pneumoniae,0.991081640984932,ERR069822,ENA_SAMEA1032593,ERY,Susceptible,Susceptible,0.03,0.06
ERS044130,Streptococcus pneumoniae,Streptococcus pneumoniae,0.9903221222878054,ERR069824,ENA_SAMEA1032526,ERY,Susceptible,Susceptible,0.03,0.06
ERS044136,Streptococcus pneumoniae,Streptococcus pneumoniae,0.9902570141641198,ERR069830,ENA_SAMEA1032453,ERY,Susceptible,Susceptible,0.03,0.06
ERS044141,Streptococcus pneumoniae,Streptococcus pneumoniae,0.9899151821841324,ERR069835,ENA_SAMEA1032630,ERY,Susceptible,Susceptible,0.03,0.06
ERS044143,Streptococcus pneumoniae,Streptococcus pneumoniae,0.9912498341162396,ERR069837,ENA_SAMEA1032655,ERY,Susceptible,Susceptible,0.03,0.06
ERS044144,Streptococcus pneumoniae,Streptococcus pneumoniae,0.9897401471363882,ERR069838,ENA_SAMEA1032596,ERY,Resistant,Resistant,1.0,1.0
ERS044148,Streptococcus pneumoniae,Streptococcus pneumoniae,0.9899928132454888,ERR069842,ENA_SAMEA1032501,ERY,Resistant,Resistant,1.0,1.0
ERS044149,Streptococcus pneumoniae,Streptococcus pneumoniae,0.9898310470344416,ERR069843,ENA_SAMEA1032498,ERY,Resistant,Resistant,1.0,1.0
ERS044150,Streptococcus pneumoniae,Streptococcus pneumoniae,0.9899497598958578,ERR065953,ENA_SAMEA1032731,ERY,Resistant,Resistant,1.0,1.0
ERS044155,Streptococcus pneumoniae,Streptococcus pneumoniae,0.9903865194512428,ERR065958,ENA_SAMEA1032451,ERY,Susceptible,Susceptible,0.03,0.06
ERS044156,Streptococcus pneumoniae,Streptococcus pneumoniae,0.9906134715952092,ERR065959,ENA_SAMEA1032434,ERY,Susceptible,Susceptible,0.03,0.06
ERS044161,Streptococcus pneumoniae,Streptococcus pneumoniae,0.9909107049569668,ERR065964,ENA_SAMEA1032585,ERY,Susceptible,Susceptible,0.06,0.06
ERS044166,Streptococcus pneumoniae,Streptococcus pneumoniae,0.9896136029050554,ERR065969,ENA_SAMEA1032685,ERY,Susceptible,Susceptible,0.03,0.06
ERS044168,Streptococcus pneumoniae,Streptococcus pneumoniae,0.989541144186834,ERR065971,ENA_SAMEA1032707,ERY,Susceptible,Susceptible,0.03,0.06
ERS068552,Streptococcus pneumoniae,Streptococcus pneumoniae,0.9898650921640986,ERR051794,ENA_SAMEA1020510,ERY,Resistant,Resistant,16.0,16.0
ERS068559,Streptococcus pneumoniae,Streptococcus pneumoniae,0.9897134250786428,ERR051801,ENA_SAMEA1020603,ERY,Resistant,Resistant,32.0,32.0
ERS068614,Streptococcus pneumoniae,Streptococcus pneumoniae,0.9902628415122474,ERR051924,ENA_SAMEA1020097,ERY,Resistant,Resistant,32.0,32.0
ERS068622,Streptococcus pneumoniae,Streptococcus pneumoniae,0.990454208813439,ERR052017,ENA_SAMEA1020841,ERY,Resistant,Resistant,256.0,64.0
ERS068632,Streptococcus pneumoniae,Streptococcus pneumoniae,0.9903387174749306,ERR051930,ENA_SAMEA1020533,ERY,Resistant,Resistant,256.0,64.0
ERS068633,Streptococcus pneumoniae,Streptococcus pneumoniae,0.9903291901649216,ERR052023,ENA_SAMEA1020473,ERY,Resistant,Resistant,256.0,64.0
ERS068634,Streptococcus pneumoniae,Streptococcus pneumoniae,0.989730597369205,ERR052024,ENA_SAMEA1020464,ERY,Resistant,Resistant,4.0,4.0
ERS068667,Streptococcus pneumoniae,Streptococcus pneumoniae,0.9897742107000308,ERR052039,ENA_SAMEA1020285,ERY,Resistant,Resistant,2.0,2.0
ERS068727,Streptococcus pneumoniae,Streptococcus pneumoniae,0.9898147850285548,ERR051948,ENA_SAMEA1020490,ERY,Resistant,Resistant,64.0,64.0
ERS068803,Streptococcus pneumoniae,Streptococcus pneumoniae,0.990370385705634,ERR051829,ENA_SAMEA1020037,ERY,Resistant,Resistant,16.0,16.0
ERS068807,Streptococcus pneumoniae,Streptococcus pneumoniae,0.989653940595182,ERR051833,ENA_SAMEA1019995,ERY,Resistant,Resistant,16.0,16.0
ERS068844,Streptococcus pneumoniae,Streptococcus pneumoniae,0.9896329033744186,ERR051858,ENA_SAMEA1020482,ERY,Resistant,Resistant,8.0,8.0
ERS068857,Streptococcus pneumoniae,Streptococcus pneumoniae,0.9897115730635953,ERR051871,ENA_SAMEA1020025,ERY,Resistant,Resistant,32.0,32.0
ERS068864,Streptococcus pneumoniae,Streptococcus pneumoniae,0.9896243040341572,ERR051878,ENA_SAMEA1020619,ERY,Resistant,Resistant,4.0,4.0
ERS068875,Streptococcus pneumoniae,Streptococcus pneumoniae,0.9900008661924028,ERR271785,ENA_SAMEA1886125,ERY,Resistant,Resistant,8.0,8.0
ERS068887,Streptococcus pneumoniae,Streptococcus pneumoniae,0.9901158922731228,ERR051978,ENA_SAMEA1020235,ERY,Resistant,Resistant,1.0,1.0
ERS068891,Streptococcus pneumoniae,Streptococcus pneumoniae,0.9900455788856702,ERR051982,ENA_SAMEA1020284,ERY,Resistant,Resistant,8.0,8.0
ERS068916,Streptococcus pneumoniae,Streptococcus pneumoniae,0.9897647296105236,ERR051896,ENA_SAMEA1020242,ERY,Resistant,Resistant,64.0,64.0
ERS068923,Streptococcus pneumoniae,Streptococcus pneumoniae,0.9897666147162828,ERR051990,ENA_SAMEA1020769,ERY,Resistant,Resistant,64.0,64.0
ERS068934,Streptococcus pneumoniae,Streptococcus pneumoniae,0.9897609671158188,ERR051993,ENA_SAMEA1020559,ERY,Resistant,Resistant,64.0,64.0
ERS068935,Streptococcus pneumoniae,Streptococcus pneumoniae,0.9897552785800722,ERR051994,ENA_SAMEA1020625,ERY,Resistant,Resistant,32.0,32.0
ERS068939,Streptococcus pneumoniae,Streptococcus pneumoniae,0.9900175487656844,ERR051995,ENA_SAMEA1020333,ERY,Resistant,Resistant,8.0,8.0
ERS068941,Streptococcus pneumoniae,Streptococcus pneumoniae,0.989188104787608,ERR051996,ENA_SAMEA1019974,ERY,Resistant,Resistant,32.0,32.0
ERS068944,Streptococcus pneumoniae,Streptococcus pneumoniae,0.9897247355586344,ERR051902,ENA_SAMEA1019955,ERY,Resistant,Resistant,64.0,64.0
ERS068949,Streptococcus pneumoniae,Streptococcus pneumoniae,0.9897931396070268,ERR051999,ENA_SAMEA1020142,ERY,Resistant,Resistant,16.0,16.0
ERS068973,Streptococcus pneumoniae,Streptococcus pneumoniae,0.9896509795413458,ERR391724,ENA_SAMEA1020597,ERY,Resistant,Resistant,4.0,4.0
ERS068994,Streptococcus pneumoniae,Streptococcus pneumoniae,0.9888818837633848,ERR391745,ENA_SAMEA1020322,ERY,Resistant,Resistant,64.0,64.0
ERS069344,Streptococcus pneumoniae,Streptococcus pneumoniae,0.9896130172589848,ERR052325,ENA_SAMEA1020205,ERY,Resistant,Resistant,128.0,64.0
ERS069350,Streptococcus pneumoniae,Streptococcus pneumoniae,0.9904040124936784,ERR052331,ENA_SAMEA1020294,ERY,Resistant,Resistant,128.0,64.0
ERS069366,Streptococcus pneumoniae,Streptococcus pneumoniae,0.9894422811084578,ERR052438,ENA_SAMEA1020167,ERY,Resistant,Resistant,32.0,32.0
ERS069392,Streptococcus pneumoniae,Streptococcus pneumoniae,0.990365914729532,ERR052464,ENA_SAMEA1020698,ERY,Resistant,Resistant,128.0,64.0
ERS069393,Streptococcus pneumoniae,Streptococcus pneumoniae,0.9906653912002046,ERR052465,ENA_SAMEA1020851,ERY,Resistant,Resistant,16.0,16.0
ERS069395,Streptococcus pneumoniae,Streptococcus pneumoniae,0.9905318042993349,ERR052466,ENA_SAMEA1020830,ERY,Resistant,Resistant,64.0,64.0
ERS069396,Streptococcus pneumoniae,Streptococcus pneumoniae,0.9908505391471398,ERR052467,ENA_SAMEA1020842,ERY,Resistant,Resistant,128.0,64.0
ERS069920,Streptococcus pneumoniae,Streptococcus pneumoniae,0.9901623144744204,ERR129029,ENA_SAMEA1463208,ERY,Susceptible,Susceptible,0.064,0.06
ERS069922,Streptococcus pneumoniae,Streptococcus pneumoniae,0.9898616200147312,ERR129031,ENA_SAMEA1463206,ERY,Resistant,Resistant,256.0,64.0
ERS069927,Streptococcus pneumoniae,Streptococcus pneumoniae,0.989874884281815,ERR129036,ENA_SAMEA1463193,ERY,Resistant,Resistant,256.0,64.0
ERS069928,Streptococcus pneumoniae,Streptococcus pneumoniae,0.9910506474045924,ERR129037,ENA_SAMEA1463195,ERY,Susceptible,Susceptible,0.047,0.06
ERS069929,Streptococcus pneumoniae,Streptococcus pneumoniae,0.9906113299290624,ERR129038,ENA_SAMEA1463184,ERY,Susceptible,Susceptible,0.064,0.06
ERS069932,Streptococcus pneumoniae,Streptococcus pneumoniae,0.9897193140097102,ERR129041,ENA_SAMEA1463145,ERY,Susceptible,Susceptible,0.047,0.06
ERS069933,Streptococcus pneumoniae,Streptococcus pneumoniae,0.9897335998502522,ERR129042,ENA_SAMEA1463155,ERY,Susceptible,Susceptible,0.047,0.06
ERS069935,Streptococcus pneumoniae,Streptococcus pneumoniae,0.9904751890559084,ERR129044,ENA_SAMEA1463126,ERY,Susceptible,Susceptible,0.064,0.06
ERS069938,Streptococcus pneumoniae,Streptococcus pneumoniae,0.9900699773339962,ERR129047,ENA_SAMEA1463188,ERY,Susceptible,Susceptible,0.032,0.06
ERS069940,Streptococcus pneumoniae,Streptococcus pneumoniae,0.9898616200147312,ERR129049,ENA_SAMEA1463026,ERY,Resistant,Resistant,256.0,64.0
ERS069942,Streptococcus pneumoniae,Streptococcus pneumoniae,0.9896466744353264,ERR129051,ENA_SAMEA1463059,ERY,Susceptible,Susceptible,0.064,0.06
ERS069946,Streptococcus pneumoniae,Streptococcus pneumoniae,0.9897895662129896,ERR129055,ENA_SAMEA1463096,ERY,Susceptible,Susceptible,0.094,0.12
ERS069951,Streptococcus pneumoniae,Streptococcus pneumoniae,0.9898653150954289,ERR129060,ENA_SAMEA1463286,ERY,Resistant,Resistant,256.0,64.0
ERS069954,Streptococcus pneumoniae,Streptococcus pneumoniae,0.9900490994045852,ERR129063,ENA_SAMEA1463296,ERY,Susceptible,Susceptible,0.094,0.12
ERS069957,Streptococcus pneumoniae,Streptococcus pneumoniae,0.9906240169411256,ERR129066,ENA_SAMEA1463248,ERY,Susceptible,Susceptible,0.064,0.06
ERS069958,Streptococcus pneumoniae,Streptococcus pneumoniae,0.9903589689363655,ERR129067,ENA_SAMEA1463237,ERY,Susceptible,Susceptible,0.064,0.06
ERS069964,Streptococcus pneumoniae,Streptococcus pneumoniae,0.990446872175152,ERR129073,ENA_SAMEA1462971,ERY,Susceptible,Susceptible,0.094,0.12
ERS069967,Streptococcus pneumoniae,Streptococcus pneumoniae,0.9899905397608884,ERR129076,ENA_SAMEA1462991,ERY,Susceptible,Susceptible,0.064,0.06
ERS069970,Streptococcus pneumoniae,Streptococcus pneumoniae,0.9910251803955918,ERR129079,ENA_SAMEA1463130,ERY,Susceptible,Susceptible,0.032,0.06
ERS069973,Streptococcus pneumoniae,Streptococcus pneumoniae,0.989797361640409,ERR129082,ENA_SAMEA1463112,ERY,Susceptible,Susceptible,0.094,0.12
ERS069981,Streptococcus pneumoniae,Streptococcus pneumoniae,0.9896278906302536,ERR129090,ENA_SAMEA1463207,ERY,Susceptible,Susceptible,0.094,0.12
ERS069983,Streptococcus pneumoniae,Streptococcus pneumoniae,0.9897911498924132,ERR129092,ENA_SAMEA1463222,ERY,Resistant,Resistant,3.0,4.0
ERS069984,Streptococcus pneumoniae,Streptococcus pneumoniae,0.9910838120941172,ERR129093,ENA_SAMEA1463085,ERY,Susceptible,Susceptible,0.064,0.06
ERS069986,Streptococcus pneumoniae,Streptococcus pneumoniae,0.9901788488535708,ERR129095,ENA_SAMEA1463108,ERY,Resistant,Resistant,256.0,64.0
ERS069989,Streptococcus pneumoniae,Streptococcus pneumoniae,0.9899110462573936,ERR129098,ENA_SAMEA1463120,ERY,Susceptible,Susceptible,0.094,0.12
ERS069990,Streptococcus pneumoniae,Streptococcus pneumoniae,0.9898589526260066,ERR129099,ENA_SAMEA1463273,ERY,Susceptible,Susceptible,0.064,0.06
ERS069995,Streptococcus pneumoniae,Streptococcus pneumoniae,0.9897219629331638,ERR129104,ENA_SAMEA1463166,ERY,Susceptible,Susceptible,0.064,0.06
ERS069997,Streptococcus pneumoniae,Streptococcus pneumoniae,0.9906126145734514,ERR129106,ENA_SAMEA1463218,ERY,Resistant,Resistant,12.0,16.0
ERS069999,Streptococcus pneumoniae,Streptococcus pneumoniae,0.9890669183348748,ERR129108,ENA_SAMEA1463213,ERY,Resistant,Resistant,6.0,8.0
ERS070008,Streptococcus pneumoniae,Streptococcus pneumoniae,0.9897817989291936,ERR129117,ENA_SAMEA1463290,ERY,Susceptible,Susceptible,0.064,0.06
ERS070009,Streptococcus pneumoniae,Streptococcus pneumoniae,0.9894066087112512,ERR129118,ENA_SAMEA1463299,ERY,Susceptible,Susceptible,0.064,0.06
ERS070025,Streptococcus pneumoniae,Streptococcus pneumoniae,0.9896000859732544,ERR129134,ENA_SAMEA1463114,ERY,Susceptible,Susceptible,0.064,0.06
ERS070026,Streptococcus pneumoniae,Streptococcus pneumoniae,0.990576520850349,ERR129135,ENA_SAMEA1463100,ERY,Susceptible,Susceptible,0.094,0.12
ERS070027,Streptococcus pneumoniae,Streptococcus pneumoniae,0.990022403175946,ERR129136,ENA_SAMEA1463107,ERY,Susceptible,Susceptible,0.094,0.12
ERS070030,Streptococcus pneumoniae,Streptococcus pneumoniae,0.9910251803955918,ERR129139,ENA_SAMEA1463189,ERY,Susceptible,Susceptible,0.094,0.12
ERS070031,Streptococcus pneumoniae,Streptococcus pneumoniae,0.9900072126976256,ERR129140,ENA_SAMEA1463196,ERY,Susceptible,Susceptible,0.094,0.12
ERS070033,Streptococcus pneumoniae,Streptococcus pneumoniae,0.989686760067228,ERR129142,ENA_SAMEA1463168,ERY,Susceptible,Susceptible,0.094,0.12
ERS070035,Streptococcus pneumoniae,Streptococcus pneumoniae,0.9892454495830988,ERR129144,ENA_SAMEA1463159,ERY,Susceptible,Susceptible,0.064,0.06
ERS070043,Streptococcus pneumoniae,Streptococcus pneumoniae,0.9901702204785422,ERR129152,ENA_SAMEA1463247,ERY,Susceptible,Susceptible,0.064,0.06
ERS070049,Streptococcus pneumoniae,Streptococcus pneumoniae,0.9896688870955682,ERR129158,ENA_SAMEA1463277,ERY,Susceptible,Susceptible,0.047,0.06
ERS070051,Streptococcus pneumoniae,Streptococcus pneumoniae,0.989609162404906,ERR129160,ENA_SAMEA1463185,ERY,Resistant,Resistant,4.0,4.0
ERS070052,Streptococcus pneumoniae,Streptococcus pneumoniae,0.9905136985634188,ERR129161,ENA_SAMEA1463179,ERY,Susceptible,Susceptible,0.032,0.06
ERS070054,Streptococcus pneumoniae,Streptococcus pneumoniae,0.989901696563222,ERR129163,ENA_SAMEA1463172,ERY,Susceptible,Susceptible,0.064,0.06
ERS070060,Streptococcus pneumoniae,Streptococcus pneumoniae,0.990226620932108,ERR129169,ENA_SAMEA1463088,ERY,Susceptible,Susceptible,0.064,0.06
ERS070062,Streptococcus pneumoniae,Streptococcus pneumoniae,0.9900206534247632,ERR129171,ENA_SAMEA1463146,ERY,Susceptible,Susceptible,0.094,0.12
ERS070063,Streptococcus pneumoniae,Streptococcus pneumoniae,0.9892837012790716,ERR129172,ENA_SAMEA1463158,ERY,Susceptible,Susceptible,0.047,0.06
ERS070067,Streptococcus pneumoniae,Streptococcus pneumoniae,0.9896973915206184,ERR129176,ENA_SAMEA1463214,ERY,Susceptible,Susceptible,0.032,0.06
ERS070068,Streptococcus pneumoniae,Streptococcus pneumoniae,0.9910101656108028,ERR129177,ENA_SAMEA1463203,ERY,Susceptible,Susceptible,0.032,0.06
ERS070070,Streptococcus pneumoniae,Streptococcus pneumoniae,0.989918410817661,ERR129179,ENA_SAMEA1462976,ERY,Susceptible,Susceptible,0.094,0.12
ERS070076,Streptococcus pneumoniae,Streptococcus pneumoniae,0.9904746380566934,ERR129185,ENA_SAMEA1463135,ERY,Resistant,Resistant,2.0,2.0
ERS070078,Streptococcus pneumoniae,Streptococcus pneumoniae,0.9901036618897842,ERR129187,ENA_SAMEA1463157,ERY,Susceptible,Susceptible,0.094,0.12
ERS070079,Streptococcus pneumoniae,Streptococcus pneumoniae,0.9896274916342106,ERR129188,ENA_SAMEA1463089,ERY,Susceptible,Susceptible,0.094,0.12
ERS070084,Streptococcus pneumoniae,Streptococcus pneumoniae,0.9898387879424392,ERR129193,ENA_SAMEA1463022,ERY,Resistant,Resistant,256.0,64.0
ERS070086,Streptococcus pneumoniae,Streptococcus pneumoniae,0.9892657925284666,ERR129195,ENA_SAMEA1462994,ERY,Resistant,Resistant,12.0,16.0
ERS070089,Streptococcus pneumoniae,Streptococcus pneumoniae,0.9896346102834293,ERR129198,ENA_SAMEA1462974,ERY,Resistant,Resistant,256.0,64.0
ERS070092,Streptococcus pneumoniae,Streptococcus pneumoniae,0.989966920672208,ERR129201,ENA_SAMEA1462973,ERY,Susceptible,Susceptible,0.094,0.12
ERS070095,Streptococcus pneumoniae,Streptococcus pneumoniae,0.9900734265047216,ERR129204,ENA_SAMEA1463066,ERY,Intermediate,Susceptible,0.64,0.5
ERS070096,Streptococcus pneumoniae,Streptococcus pneumoniae,0.9898108593375672,ERR129205,ENA_SAMEA1463013,ERY,Susceptible,Susceptible,0.064,0.06
ERS070099,Streptococcus pneumoniae,Streptococcus pneumoniae,0.990518918757597,ERR129208,ENA_SAMEA1463261,ERY,Susceptible,Susceptible,0.064,0.06
ERS070106,Streptococcus pneumoniae,Streptococcus pneumoniae,0.9913392667100124,ERR129215,ENA_SAMEA1463063,ERY,Susceptible,Susceptible,0.047,0.06
ERS070111,Streptococcus pneumoniae,Streptococcus pneumoniae,0.9902094225797964,ERR124220,ENA_SAMEA1463115,ERY,Susceptible,Susceptible,0.032,0.06
ERS070113,Streptococcus pneumoniae,Streptococcus pneumoniae,0.9894385823044294,ERR124222,ENA_SAMEA1463137,ERY,Resistant,Resistant,256.0,64.0
ERS070114,Streptococcus pneumoniae,Streptococcus pneumoniae,0.9906620128304648,ERR124223,ENA_SAMEA1463148,ERY,Susceptible,Susceptible,0.064,0.06
ERS070116,Streptococcus pneumoniae,Streptococcus pneumoniae,0.9902513704376308,ERR124225,ENA_SAMEA1463162,ERY,Susceptible,Susceptible,0.094,0.12
ERS070117,Streptococcus pneumoniae,Streptococcus pneumoniae,0.9908717764160934,ERR124226,ENA_SAMEA1462970,ERY,Susceptible,Susceptible,0.094,0.12
ERS070118,Streptococcus pneumoniae,Streptococcus pneumoniae,0.9891881598476164,ERR124227,ENA_SAMEA1462987,ERY,Susceptible,Susceptible,0.064,0.06
ERS070124,Streptococcus pneumoniae,Streptococcus pneumoniae,0.9898255068732672,ERR124233,ENA_SAMEA1463076,ERY,Resistant,Resistant,256.0,64.0
ERS070128,Streptococcus pneumoniae,Streptococcus pneumoniae,0.9896849246882876,ERR124237,ENA_SAMEA1463023,ERY,Susceptible,Susceptible,0.064,0.06
ERS070129,Streptococcus pneumoniae,Streptococcus pneumoniae,0.9905500797949944,ERR124238,ENA_SAMEA1463011,ERY,Susceptible,Susceptible,0.094,0.12
ERS070130,Streptococcus pneumoniae,Streptococcus pneumoniae,0.9900042642031254,ERR124239,ENA_SAMEA1463180,ERY,Resistant,Resistant,256.0,64.0
ERS070134,Streptococcus pneumoniae,Streptococcus pneumoniae,0.990460063810362,ERR124243,ENA_SAMEA1463268,ERY,Susceptible,Susceptible,0.094,0.12
ERS070135,Streptococcus pneumoniae,Streptococcus pneumoniae,0.99003099121514,ERR124244,ENA_SAMEA1463282,ERY,Susceptible,Susceptible,0.064,0.06
ERS070138,Streptococcus pneumoniae,Streptococcus pneumoniae,0.989860148204164,ERR124247,ENA_SAMEA1463266,ERY,Susceptible,Susceptible,0.094,0.12
ERS070140,Streptococcus pneumoniae,Streptococcus pneumoniae,0.9900231961705346,ERR124249,ENA_SAMEA1463212,ERY,Resistant,Resistant,256.0,64.0
ERS070141,Streptococcus pneumoniae,Streptococcus pneumoniae,0.9895397395991626,ERR124250,ENA_SAMEA1463223,ERY,Resistant,Resistant,6.0,8.0
ERS070142,Streptococcus pneumoniae,Streptococcus pneumoniae,0.9900644124624656,ERR124251,ENA_SAMEA1463217,ERY,Susceptible,Susceptible,0.094,0.12
ERS070143,Streptococcus pneumoniae,Streptococcus pneumoniae,0.9909946510171364,ERR124252,ENA_SAMEA1463226,ERY,Susceptible,Susceptible,0.094,0.12
ERS070144,Streptococcus pneumoniae,Streptococcus pneumoniae,0.9903410700356188,ERR124253,ENA_SAMEA1463170,ERY,Susceptible,Susceptible,0.094,0.12
ERS070147,Streptococcus pneumoniae,Streptococcus pneumoniae,0.9896970630909552,ERR124256,ENA_SAMEA1463200,ERY,Susceptible,Susceptible,0.094,0.12
ERS070149,Streptococcus pneumoniae,Streptococcus pneumoniae,0.9911565777465092,ERR124258,ENA_SAMEA1463274,ERY,Susceptible,Susceptible,0.064,0.06
ERS070156,Streptococcus pneumoniae,Streptococcus pneumoniae,0.9894173331902972,ERR124265,ENA_SAMEA1463183,ERY,Susceptible,Susceptible,0.032,0.06
ERS070158,Streptococcus pneumoniae,Streptococcus pneumoniae,0.9900350757041964,ERR124267,ENA_SAMEA1463171,ERY,Resistant,Resistant,6.0,8.0
ERS070160,Streptococcus pneumoniae,Streptococcus pneumoniae,0.9900821504213798,ERR124269,ENA_SAMEA1463015,ERY,Susceptible,Susceptible,0.047,0.06
ERS070162,Streptococcus pneumoniae,Streptococcus pneumoniae,0.9901711187214396,ERR124271,ENA_SAMEA1463048,ERY,Susceptible,Susceptible,0.064,0.06
ERS070163,Streptococcus pneumoniae,Streptococcus pneumoniae,0.9899906049029256,ERR124272,ENA_SAMEA1463097,ERY,Resistant,Resistant,256.0,64.0
ERS070165,Streptococcus pneumoniae,Streptococcus pneumoniae,0.9900167391640812,ERR124274,ENA_SAMEA1463079,ERY,Resistant,Resistant,256.0,64.0
ERS070168,Streptococcus pneumoniae,Streptococcus pneumoniae,0.989891574224552,ERR124277,ENA_SAMEA1463139,ERY,Susceptible,Susceptible,0.094,0.12
ERS070169,Streptococcus pneumoniae,Streptococcus pneumoniae,0.9840569266222976,ERR124278,ENA_SAMEA1463131,ERY,Susceptible,Susceptible,0.094,0.12
ERS070170,Streptococcus pneumoniae,Streptococcus pneumoniae,0.9898721659057834,ERR124279,ENA_SAMEA1463294,ERY,Susceptible,Susceptible,0.094,0.12
ERS070172,Streptococcus pneumoniae,Streptococcus pneumoniae,0.990313233619158,ERR124281,ENA_SAMEA1463298,ERY,Susceptible,Susceptible,0.094,0.12
ERS070177,Streptococcus pneumoniae,Streptococcus pneumoniae,0.9893598179041884,ERR124286,ENA_SAMEA1463260,ERY,Intermediate,Susceptible,0.5,0.5
ERS070185,Streptococcus pneumoniae,Streptococcus pneumoniae,0.9893385769781204,ERR124294,ENA_SAMEA1462978,ERY,Intermediate,Susceptible,0.38,0.5
ERS070190,Streptococcus pneumoniae,Streptococcus pneumoniae,0.9898664474815588,ERR124299,ENA_SAMEA1463151,ERY,Susceptible,Susceptible,0.064,0.06
ERS070191,Streptococcus pneumoniae,Streptococcus pneumoniae,0.9899180444913688,ERR124300,ENA_SAMEA1463090,ERY,Resistant,Resistant,32.0,32.0
ERS070193,Streptococcus pneumoniae,Streptococcus pneumoniae,0.9909239974994536,ERR124302,ENA_SAMEA1463116,ERY,Susceptible,Susceptible,0.047,0.06
ERS070194,Streptococcus pneumoniae,Streptococcus pneumoniae,0.989863141760868,ERR124303,ENA_SAMEA1463103,ERY,Resistant,Resistant,3.0,4.0
ERS070199,Streptococcus pneumoniae,Streptococcus pneumoniae,0.98970860604904,ERR124308,ENA_SAMEA1463054,ERY,Susceptible,Susceptible,0.047,0.06
ERS070202,Streptococcus pneumoniae,Streptococcus pneumoniae,0.9905817991282398,ERR124311,ENA_SAMEA1463083,ERY,Susceptible,Susceptible,0.047,0.06
ERS070208,Streptococcus pneumoniae,Streptococcus pneumoniae,0.9901962575225132,ERR124317,ENA_SAMEA1463071,ERY,Susceptible,Susceptible,0.094,0.12
ERS070210,Streptococcus pneumoniae,Streptococcus pneumoniae,0.9893734253910051,ERR124319,ENA_SAMEA1463291,ERY,Intermediate,Susceptible,0.5,0.5
ERS1025866,Salmonella enterica,Salmonella enterica,0.9860369250365608,ERR1197666,ENA_SAMEA3718717,GEN,Resistant,Resistant,28.0,32.0
ERS1025868,Salmonella enterica,Salmonella enterica,0.9860608089149288,ERR1197668,ENA_SAMEA3718719,GEN,Resistant,Resistant,26.0,32.0
ERS1025869,Salmonella enterica,Salmonella enterica,0.9860473749810308,ERR1197669,ENA_SAMEA3718720,GEN,Resistant,Resistant,26.0,32.0
ERS1025870,Salmonella enterica,Salmonella enterica,0.9860540912158878,ERR1197670,ENA_SAMEA3718721,GEN,Resistant,Resistant,26.0,32.0
ERS1025872,Salmonella enterica,Salmonella enterica,0.9860809708034431,ERR1197672,ENA_SAMEA3718723,GEN,Resistant,Resistant,28.0,32.0
ERS1025877,Salmonella enterica,Salmonella enterica,0.9860809708034431,ERR1197677,ENA_SAMEA3718728,GEN,Resistant,Resistant,26.0,32.0
ERS1025882,Salmonella enterica,Salmonella enterica,0.9860809708034431,ERR1197682,ENA_SAMEA3718733,GEN,Resistant,Resistant,24.0,32.0
ERS1025894,Salmonella enterica,Salmonella enterica,0.9860809708034431,ERR1197694,ENA_SAMEA3718745,GEN,Resistant,Resistant,26.0,32.0
ERS1092938,Neisseria gonorrhoeae,Neisseria gonorrhoeae,0.9972734109963723,ERR1448254,ENA_SAMEA3905804,TET,Susceptible,Susceptible,0.25,0.25
ERS1117675,Escherichia coli,Escherichia coli,0.9735877439793692,ERR1359224,ENA_SAMEA3930541,GEN,Susceptible,Susceptible,1.0,1.0
ERS1151577,Escherichia coli,Escherichia coli,0.9729226167573396,ERR1407278,ENA_SAMEA3980467,GEN,Susceptible,Susceptible,1.0,1.0
ERS1151578,Escherichia coli,Escherichia coli,0.973377125970547,ERR1407279,ENA_SAMEA3980468,GEN,Susceptible,Susceptible,1.0,1.0
ERS1151579,Escherichia coli,Escherichia coli,0.9868008115031576,ERR1407280,ENA_SAMEA3980469,GEN,Susceptible,Susceptible,1.0,1.0
ERS135211,Neisseria gonorrhoeae,Neisseria gonorrhoeae,0.9966950734798444,ERR191737,ENA_SAMEA1690356,TET,Resistant,Resistant,16.0,16.0
ERS135212,Neisseria gonorrhoeae,Neisseria gonorrhoeae,0.9964719735647064,ERR191738,ENA_SAMEA1690379,TET,Resistant,Resistant,2.0,2.0
ERS135215,Neisseria gonorrhoeae,Neisseria gonorrhoeae,0.9972372638280792,ERR191741,ENA_SAMEA1690458,TET,Resistant,Resistant,2.0,2.0
ERS135220,Neisseria gonorrhoeae,Neisseria gonorrhoeae,0.997050371509203,ERR191746,ENA_SAMEA1690497,TET,Resistant,Resistant,4.0,4.0
ERS135223,Neisseria gonorrhoeae,Neisseria gonorrhoeae,0.9973760663525428,ERR191749,ENA_SAMEA1690352,TET,Intermediate,Susceptible,0.5,0.5
ERS135224,Neisseria gonorrhoeae,Neisseria gonorrhoeae,0.997050371509203,ERR191750,ENA_SAMEA1690375,TET,Resistant,Resistant,2.0,2.0
ERS135227,Neisseria gonorrhoeae,Neisseria gonorrhoeae,0.9962227308506382,ERR191753,ENA_SAMEA1690431,TET,Resistant,Resistant,16.0,16.0
ERS135232,Neisseria gonorrhoeae,Neisseria gonorrhoeae,0.9969962706892364,ERR191758,ENA_SAMEA1690349,TET,Resistant,Resistant,4.0,4.0
ERS135235,Neisseria gonorrhoeae,Neisseria gonorrhoeae,0.9969225870946958,ERR191761,ENA_SAMEA1690485,TET,Resistant,Resistant,2.0,2.0
ERS135236,Neisseria gonorrhoeae,Neisseria gonorrhoeae,0.9968421393905604,ERR191762,ENA_SAMEA1690441,TET,Intermediate,Susceptible,0.5,0.5
ERS135238,Neisseria gonorrhoeae,Neisseria gonorrhoeae,0.9970489274979176,ERR191764,ENA_SAMEA1690388,TET,Resistant,Resistant,4.0,4.0
ERS135242,Neisseria gonorrhoeae,Neisseria gonorrhoeae,0.997065425643818,ERR191768,ENA_SAMEA1690361,TET,Resistant,Resistant,4.0,4.0
ERS135244,Neisseria gonorrhoeae,Neisseria gonorrhoeae,0.9970665111156092,ERR191770,ENA_SAMEA1690371,TET,Intermediate,Susceptible,1.0,1.0
ERS135247,Neisseria gonorrhoeae,Neisseria gonorrhoeae,0.9968600157571162,ERR191773,ENA_SAMEA1690462,TET,Resistant,Resistant,4.0,4.0
ERS135248,Neisseria gonorrhoeae,Neisseria gonorrhoeae,0.9970819156040835,ERR191774,ENA_SAMEA1690482,TET,Resistant,Resistant,2.0,2.0
ERS135257,Neisseria gonorrhoeae,Neisseria gonorrhoeae,0.9972702985528136,ERR191783,ENA_SAMEA1690476,TET,Resistant,Resistant,4.0,4.0
ERS135259,Neisseria gonorrhoeae,Neisseria gonorrhoeae,0.9973256809940522,ERR191785,ENA_SAMEA1690420,TET,Resistant,Resistant,2.0,2.0
ERS135260,Neisseria gonorrhoeae,Neisseria gonorrhoeae,0.9970578976673276,ERR191786,ENA_SAMEA1690322,TET,Resistant,Resistant,2.0,2.0
ERS135262,Neisseria gonorrhoeae,Neisseria gonorrhoeae,0.9970668612204958,ERR191788,ENA_SAMEA1690474,TET,Resistant,Resistant,4.0,4.0
ERS135263,Neisseria gonorrhoeae,Neisseria gonorrhoeae,0.9969149764757088,ERR191789,ENA_SAMEA1690456,TET,Resistant,Resistant,2.0,2.0
ERS135269,Neisseria gonorrhoeae,Neisseria gonorrhoeae,0.9968911231270248,ERR191795,ENA_SAMEA1690323,TET,Resistant,Resistant,4.0,4.0
ERS135271,Neisseria gonorrhoeae,Neisseria gonorrhoeae,0.9969889062964392,ERR191797,ENA_SAMEA1690406,TET,Resistant,Resistant,32.0,32.0
ERS135272,Neisseria gonorrhoeae,Neisseria gonorrhoeae,0.9970489274979176,ERR191798,ENA_SAMEA1690374,TET,Resistant,Resistant,4.0,4.0
ERS135274,Neisseria gonorrhoeae,Neisseria gonorrhoeae,0.996963166844736,ERR191800,ENA_SAMEA1690450,TET,Resistant,Resistant,4.0,4.0
ERS135277,Neisseria gonorrhoeae,Neisseria gonorrhoeae,0.9968146300881796,ERR191803,ENA_SAMEA1690498,TET,Intermediate,Susceptible,0.5,0.5
ERS135281,Neisseria gonorrhoeae,Neisseria gonorrhoeae,0.9973823261557028,ERR191807,ENA_SAMEA1690481,TET,Susceptible,Susceptible,0.25,0.25
ERS135284,Neisseria gonorrhoeae,Neisseria gonorrhoeae,0.9970231968581936,ERR191810,ENA_SAMEA1690424,TET,Intermediate,Susceptible,1.0,1.0
ERS135286,Neisseria gonorrhoeae,Neisseria gonorrhoeae,0.9966803086641128,ERR191812,ENA_SAMEA1690385,TET,Resistant,Resistant,2.0,2.0
ERS135292,Neisseria gonorrhoeae,Neisseria gonorrhoeae,0.997030708748866,ERR191818,ENA_SAMEA1690459,TET,Resistant,Resistant,2.0,2.0
ERS135293,Neisseria gonorrhoeae,Neisseria gonorrhoeae,0.996868122785064,ERR191819,ENA_SAMEA1690451,TET,Resistant,Resistant,32.0,32.0
ERS135295,Neisseria gonorrhoeae,Neisseria gonorrhoeae,0.996656606212707,ERR191821,ENA_SAMEA1690486,TET,Intermediate,Susceptible,1.0,1.0
ERS135296,Neisseria gonorrhoeae,Neisseria gonorrhoeae,0.9970173675218176,ERR191822,ENA_SAMEA1690484,TET,Resistant,Resistant,2.0,2.0
ERS135298,Neisseria gonorrhoeae,Neisseria gonorrhoeae,0.9970231968581936,ERR191824,ENA_SAMEA1690325,TET,Resistant,Resistant,4.0,4.0
ERS135299,Neisseria gonorrhoeae,Neisseria gonorrhoeae,0.9965023131106652,ERR191825,ENA_SAMEA1690331,TET,Intermediate,Susceptible,1.0,1.0
ERS135304,Neisseria gonorrhoeae,Neisseria gonorrhoeae,0.9969992063624886,ERR223607,ENA_SAMEA1690416,TET,Resistant,Resistant,2.0,2.0
ERS135305,Neisseria gonorrhoeae,Neisseria gonorrhoeae,0.9970127679638257,ERR223608,ENA_SAMEA1690338,TET,Resistant,Resistant,4.0,4.0
ERS135308,Neisseria gonorrhoeae,Neisseria gonorrhoeae,0.9970998161195508,ERR223611,ENA_SAMEA1690480,TET,Resistant,Resistant,2.0,2.0
ERS135310,Neisseria gonorrhoeae,Neisseria gonorrhoeae,0.9970202850430782,ERR223613,ENA_SAMEA1690437,TET,Resistant,Resistant,4.0,4.0
ERS135323,Neisseria gonorrhoeae,Neisseria gonorrhoeae,0.9965657459189728,ERR223626,ENA_SAMEA1690465,TET,Intermediate,Susceptible,0.5,0.5
ERS135328,Neisseria gonorrhoeae,Neisseria gonorrhoeae,0.997074387503092,ERR223631,ENA_SAMEA1690365,TET,Resistant,Resistant,4.0,4.0
ERS135329,Neisseria gonorrhoeae,Neisseria gonorrhoeae,0.9965523017628044,ERR223632,ENA_SAMEA1690332,TET,Intermediate,Susceptible,0.5,0.5
ERS135334,Neisseria gonorrhoeae,Neisseria gonorrhoeae,0.9970442932744392,ERR223637,ENA_SAMEA1690329,TET,Resistant,Resistant,4.0,4.0
ERS135335,Neisseria gonorrhoeae,Neisseria gonorrhoeae,0.9972707578364488,ERR223638,ENA_SAMEA1690488,TET,Resistant,Resistant,2.0,2.0
ERS135337,Neisseria gonorrhoeae,Neisseria gonorrhoeae,0.9974263283953512,ERR223640,ENA_SAMEA1690452,TET,Resistant,Resistant,2.0,2.0
ERS135338,Neisseria gonorrhoeae,Neisseria gonorrhoeae,0.9970442932744392,ERR223641,ENA_SAMEA1690430,TET,Resistant,Resistant,4.0,4.0
ERS135349,Neisseria gonorrhoeae,Neisseria gonorrhoeae,0.9968363266066104,ERR223652,ENA_SAMEA1690407,TET,Resistant,Resistant,16.0,16.0
ERS135350,Neisseria gonorrhoeae,Neisseria gonorrhoeae,0.9970593367554308,ERR223653,ENA_SAMEA1690405,TET,Resistant,Resistant,4.0,4.0
ERS135355,Neisseria gonorrhoeae,Neisseria gonorrhoeae,0.9972622821849751,ERR223658,ENA_SAMEA1690511,TET,Resistant,Resistant,2.0,2.0
ERS135358,Neisseria gonorrhoeae,Neisseria gonorrhoeae,0.9970396692295096,ERR223661,ENA_SAMEA1690428,TET,Resistant,Resistant,4.0,4.0
ERS135362,Neisseria gonorrhoeae,Neisseria gonorrhoeae,0.9970593367554308,ERR223665,ENA_SAMEA1690457,TET,Resistant,Resistant,2.0,2.0
ERS135368,Neisseria gonorrhoeae,Neisseria gonorrhoeae,0.997030708748866,ERR223671,ENA_SAMEA1690336,TET,Intermediate,Susceptible,1.0,1.0
ERS135374,Neisseria gonorrhoeae,Neisseria gonorrhoeae,0.9969256952010388,ERR223677,ENA_SAMEA1690321,TET,Intermediate,Susceptible,1.0,1.0
ERS135377,Neisseria gonorrhoeae,Neisseria gonorrhoeae,0.996487139642754,ERR223680,ENA_SAMEA1690389,TET,Intermediate,Susceptible,1.0,1.0
ERS135380,Neisseria gonorrhoeae,Neisseria gonorrhoeae,0.997030708748866,ERR223683,ENA_SAMEA1690346,TET,Resistant,Resistant,4.0,4.0
ERS135386,Neisseria gonorrhoeae,Neisseria gonorrhoeae,0.9969962706892364,ERR223689,ENA_SAMEA1690381,TET,Resistant,Resistant,2.0,2.0
ERS135388,Neisseria gonorrhoeae,Neisseria gonorrhoeae,0.9970127679638257,ERR223691,ENA_SAMEA1690404,TET,Resistant,Resistant,2.0,2.0
ERS135395,Neisseria gonorrhoeae,Neisseria gonorrhoeae,0.9965826079986118,ERR223698,ENA_SAMEA1690347,TET,Intermediate,Susceptible,1.0,1.0
ERS135398,Neisseria gonorrhoeae,Neisseria gonorrhoeae,0.9970758181650868,ERR222894,ENA_SAMEA1677304,TET,Resistant,Resistant,2.0,2.0
ERS135404,Neisseria gonorrhoeae,Neisseria gonorrhoeae,0.9969916982164004,ERR222900,ENA_SAMEA1677487,TET,Resistant,Resistant,2.0,2.0
ERS135409,Neisseria gonorrhoeae,Neisseria gonorrhoeae,0.9973571374245462,ERR222905,ENA_SAMEA1677491,TET,Intermediate,Susceptible,0.5,0.5
ERS135410,Neisseria gonorrhoeae,Neisseria gonorrhoeae,0.9969226849296652,ERR222906,ENA_SAMEA1677323,TET,Intermediate,Susceptible,1.0,1.0
ERS135422,Neisseria gonorrhoeae,Neisseria gonorrhoeae,0.9969076610779708,ERR222918,ENA_SAMEA1677425,TET,Intermediate,Susceptible,1.0,1.0
ERS135424,Neisseria gonorrhoeae,Neisseria gonorrhoeae,0.996984191879232,ERR222920,ENA_SAMEA1677418,TET,Intermediate,Susceptible,0.5,0.5
ERS135427,Neisseria gonorrhoeae,Neisseria gonorrhoeae,0.996533718984304,ERR222923,ENA_SAMEA1677411,TET,Intermediate,Susceptible,1.0,1.0
ERS135428,Neisseria gonorrhoeae,Neisseria gonorrhoeae,0.99697520974817,ERR222924,ENA_SAMEA1677414,TET,Intermediate,Susceptible,1.0,1.0
ERS135430,Neisseria gonorrhoeae,Neisseria gonorrhoeae,0.9970098434302618,ERR222926,ENA_SAMEA1677451,TET,Resistant,Resistant,4.0,4.0
ERS135431,Neisseria gonorrhoeae,Neisseria gonorrhoeae,0.9966146259644464,ERR222927,ENA_SAMEA1677449,TET,Resistant,Resistant,4.0,4.0
ERS135437,Neisseria gonorrhoeae,Neisseria gonorrhoeae,0.9973047455662776,ERR222933,ENA_SAMEA1677289,TET,Resistant,Resistant,2.0,2.0
ERS135439,Neisseria gonorrhoeae,Neisseria gonorrhoeae,0.9973197613719246,ERR222935,ENA_SAMEA1677300,TET,Resistant,Resistant,2.0,2.0
ERS135440,Neisseria gonorrhoeae,Neisseria gonorrhoeae,0.9970098434302618,ERR222936,ENA_SAMEA1677343,TET,Resistant,Resistant,4.0,4.0
ERS135442,Neisseria gonorrhoeae,Neisseria gonorrhoeae,0.9970263493962782,ERR222938,ENA_SAMEA1677345,TET,Resistant,Resistant,4.0,4.0
ERS135443,Neisseria gonorrhoeae,Neisseria gonorrhoeae,0.9974074840270536,ERR222939,ENA_SAMEA1677347,TET,Resistant,Resistant,4.0,4.0
ERS135445,Neisseria gonorrhoeae,Neisseria gonorrhoeae,0.9970202850430782,ERR222941,ENA_SAMEA1677355,TET,Intermediate,Susceptible,0.5,0.5
ERS135535,Neisseria gonorrhoeae,Neisseria gonorrhoeae,0.997065079047415,ERR191730,ENA_SAMEA1690394,TET,Resistant,Resistant,4.0,4.0
ERS135538,Neisseria gonorrhoeae,Neisseria gonorrhoeae,0.9963518221137788,ERR191739,ENA_SAMEA1690468,TET,Intermediate,Susceptible,0.5,0.5
ERS135547,Neisseria gonorrhoeae,Neisseria gonorrhoeae,0.9970202850430782,ERR191766,ENA_SAMEA1690348,TET,Resistant,Resistant,16.0,16.0
ERS135550,Neisseria gonorrhoeae,Neisseria gonorrhoeae,0.997089445524336,ERR191775,ENA_SAMEA1690432,TET,Resistant,Resistant,4.0,4.0
ERS135556,Neisseria gonorrhoeae,Neisseria gonorrhoeae,0.9965350889866964,ERR191793,ENA_SAMEA1690363,TET,Resistant,Resistant,32.0,32.0
ERS135559,Neisseria gonorrhoeae,Neisseria gonorrhoeae,0.9969992063624886,ERR191802,ENA_SAMEA1690440,TET,Intermediate,Susceptible,0.5,0.5
ERS135560,Neisseria gonorrhoeae,Neisseria gonorrhoeae,0.996982852892453,ERR191805,ENA_SAMEA1690318,TET,Resistant,Resistant,2.0,2.0
ERS135562,Neisseria gonorrhoeae,Neisseria gonorrhoeae,0.9965994971120856,ERR191811,ENA_SAMEA1690376,TET,Resistant,Resistant,2.0,2.0
ERS135571,Neisseria gonorrhoeae,Neisseria gonorrhoeae,0.9970633042535296,ERR223615,ENA_SAMEA1690493,TET,Resistant,Resistant,4.0,4.0
ERS135575,Neisseria gonorrhoeae,Neisseria gonorrhoeae,0.9970593367554308,ERR223627,ENA_SAMEA1690392,TET,Resistant,Resistant,2.0,2.0
ERS135583,Neisseria gonorrhoeae,Neisseria gonorrhoeae,0.9970127679638257,ERR223651,ENA_SAMEA1690353,TET,Resistant,Resistant,4.0,4.0
ERS135587,Neisseria gonorrhoeae,Neisseria gonorrhoeae,0.9969887555475244,ERR223663,ENA_SAMEA1690439,TET,Resistant,Resistant,4.0,4.0
ERS135590,Neisseria gonorrhoeae,Neisseria gonorrhoeae,0.9969452343006858,ERR223672,ENA_SAMEA1690478,TET,Resistant,Resistant,4.0,4.0
ERS135593,Neisseria gonorrhoeae,Neisseria gonorrhoeae,0.9969317019471736,ERR223681,ENA_SAMEA1690355,TET,Intermediate,Susceptible,1.0,1.0
ERS135595,Neisseria gonorrhoeae,Neisseria gonorrhoeae,0.997065425643818,ERR223687,ENA_SAMEA1690400,TET,Resistant,Resistant,2.0,2.0
ERS135599,Neisseria gonorrhoeae,Neisseria gonorrhoeae,0.996984191879232,ERR222892,ENA_SAMEA1677331,TET,Intermediate,Susceptible,1.0,1.0
ERS135608,Neisseria gonorrhoeae,Neisseria gonorrhoeae,0.9973672495948585,ERR222919,ENA_SAMEA1677393,TET,Susceptible,Susceptible,0.25,0.25
ERS135611,Neisseria gonorrhoeae,Neisseria gonorrhoeae,0.9970188269967646,ERR222928,ENA_SAMEA1677437,TET,Resistant,Resistant,2.0,2.0
ERS135613,Neisseria gonorrhoeae,Neisseria gonorrhoeae,0.99705613344053,ERR222934,ENA_SAMEA1677445,TET,Resistant,Resistant,2.0,2.0
ERS135614,Neisseria gonorrhoeae,Neisseria gonorrhoeae,0.9972932940110528,ERR222937,ENA_SAMEA1677444,TET,Resistant,Resistant,4.0,4.0
ERS135651,Neisseria gonorrhoeae,Neisseria gonorrhoeae,0.9973184576827328,ERR191781,ENA_SAMEA1690506,TET,Resistant,Resistant,2.0,2.0
ERS135652,Neisseria gonorrhoeae,Neisseria gonorrhoeae,0.9970819156040835,ERR191790,ENA_SAMEA1690436,TET,Resistant,Resistant,2.0,2.0
ERS135655,Neisseria gonorrhoeae,Neisseria gonorrhoeae,0.9970772474275816,ERR191817,ENA_SAMEA1690414,TET,Intermediate,Susceptible,0.5,0.5
ERS135658,Neisseria gonorrhoeae,Neisseria gonorrhoeae,0.9970367742567864,ERR223621,ENA_SAMEA1690344,TET,Resistant,Resistant,32.0,32.0
ERS135663,Neisseria gonorrhoeae,Neisseria gonorrhoeae,0.9968790305596036,ERR223666,ENA_SAMEA1690369,TET,Resistant,Resistant,2.0,2.0
ERS135664,Neisseria gonorrhoeae,Neisseria gonorrhoeae,0.9969226849296652,ERR223675,ENA_SAMEA1690382,TET,Intermediate,Susceptible,1.0,1.0
ERS135666,Neisseria gonorrhoeae,Neisseria gonorrhoeae,0.997071521972366,ERR223693,ENA_SAMEA1690426,TET,Resistant,Resistant,2.0,2.0
ERS135670,Neisseria gonorrhoeae,Neisseria gonorrhoeae,0.9969766873501248,ERR222922,ENA_SAMEA1677410,TET,Intermediate,Susceptible,1.0,1.0
ERS135672,Neisseria gonorrhoeae,Neisseria gonorrhoeae,0.9970127679638257,ERR222940,ENA_SAMEA1677419,TET,Resistant,Resistant,4.0,4.0
ERS135684,Neisseria gonorrhoeae,Neisseria gonorrhoeae,0.9970682953923397,ERR191772,ENA_SAMEA1690351,TET,Resistant,Resistant,2.0,2.0
ERS135685,Neisseria gonorrhoeae,Neisseria gonorrhoeae,0.9974162827685876,ERR191799,ENA_SAMEA1690324,TET,Intermediate,Susceptible,1.0,1.0
ERS135688,Neisseria gonorrhoeae,Neisseria gonorrhoeae,0.9969016682277436,ERR223657,ENA_SAMEA1690447,TET,Resistant,Resistant,2.0,2.0
ERS135690,Neisseria gonorrhoeae,Neisseria gonorrhoeae,0.9970081785079904,ERR222904,ENA_SAMEA1677479,TET,Resistant,Resistant,2.0,2.0
ERS135697,Neisseria gonorrhoeae,Neisseria gonorrhoeae,0.9969602762870682,ERR223684,ENA_SAMEA1690470,TET,Resistant,Resistant,4.0,4.0
ERS1589059,Salmonella enterica,Salmonella enterica,0.9842157761888686,ERR1877610,ENA_SAMEA103899891,GEN,Resistant,Resistant,24.0,32.0
ERS1589297,Salmonella enterica,Salmonella enterica,0.98610806229767,ERR1877999,ENA_SAMEA103900129,GEN,Resistant,Resistant,26.0,32.0
ERS1589318,Salmonella enterica,Salmonella enterica,0.9860357452398572,ERR1878020,ENA_SAMEA103900150,GEN,Resistant,Resistant,24.0,32.0
ERS1589353,Salmonella enterica,Salmonella enterica,0.9848482638177416,ERR1878055,ENA_SAMEA103900185,GEN,Resistant,Resistant,26.0,32.0
ERS1589366,Salmonella enterica,Salmonella enterica,0.984830441345428,ERR1878068,ENA_SAMEA103900198,GEN,Resistant,Resistant,24.0,32.0
ERS1589369,Salmonella enterica,Salmonella enterica,0.9852472143131216,ERR1878071,ENA_SAMEA103900201,GEN,Resistant,Resistant,24.0,32.0
ERS1612652,Escherichia coli,Escherichia coli,0.9722224650307576,ERR1912619,ENA_SAMEA103923484,GEN,Susceptible,Susceptible,2.0,2.0
ERS1938177,Neisseria gonorrhoeae,Neisseria gonorrhoeae,0.9972095232669566,ERR2133894,ENA_SAMEA104313199,TET,Susceptible,Susceptible,0.08,0.06
ERS1938178,Neisseria gonorrhoeae,Neisseria gonorrhoeae,0.9972639978458506,ERR2133895,ENA_SAMEA104313200,TET,Susceptible,Susceptible,0.08,0.06
ERS1938179,Neisseria gonorrhoeae,Neisseria gonorrhoeae,0.996661822763676,ERR2133896,ENA_SAMEA104313201,TET,Susceptible,Susceptible,0.08,0.06
ERS1938180,Neisseria gonorrhoeae,Neisseria gonorrhoeae,0.997312567637,ERR2133897,ENA_SAMEA104313202,TET,Susceptible,Susceptible,0.08,0.06
ERS1938181,Neisseria gonorrhoeae,Neisseria gonorrhoeae,0.9970853966241416,ERR2133898,ENA_SAMEA104313203,TET,Susceptible,Susceptible,0.08,0.06
ERS1938182,Neisseria gonorrhoeae,Neisseria gonorrhoeae,0.9972870058459176,ERR2133899,ENA_SAMEA104313204,TET,Susceptible,Susceptible,0.08,0.06
ERS1938183,Neisseria gonorrhoeae,Neisseria gonorrhoeae,0.9972843866396256,ERR2133900,ENA_SAMEA104313205,TET,Susceptible,Susceptible,0.08,0.06
ERS1938184,Neisseria gonorrhoeae,Neisseria gonorrhoeae,0.9972242331380428,ERR2133901,ENA_SAMEA104313206,TET,Susceptible,Susceptible,0.08,0.06
ERS1938185,Neisseria gonorrhoeae,Neisseria gonorrhoeae,0.9972303543752647,ERR2133902,ENA_SAMEA104313207,TET,Susceptible,Susceptible,0.08,0.06
ERS1938186,Neisseria gonorrhoeae,Neisseria gonorrhoeae,0.9970219772154048,ERR2133903,ENA_SAMEA104313208,TET,Susceptible,Susceptible,0.08,0.06
ERS1938187,Neisseria gonorrhoeae,Neisseria gonorrhoeae,0.997074387503092,ERR2133904,ENA_SAMEA104313209,TET,Susceptible,Susceptible,0.08,0.06
ERS1938188,Neisseria gonorrhoeae,Neisseria gonorrhoeae,0.9973720742243596,ERR2133905,ENA_SAMEA104313210,TET,Susceptible,Susceptible,0.08,0.06
ERS1938189,Neisseria gonorrhoeae,Neisseria gonorrhoeae,0.9973480794796276,ERR2133906,ENA_SAMEA104313211,TET,Susceptible,Susceptible,0.08,0.06
ERS1938190,Neisseria gonorrhoeae,Neisseria gonorrhoeae,0.9973834867845413,ERR2133907,ENA_SAMEA104313212,TET,Susceptible,Susceptible,0.08,0.06
ERS1938191,Neisseria gonorrhoeae,Neisseria gonorrhoeae,0.9973935961181306,ERR2133908,ENA_SAMEA104313213,TET,Susceptible,Susceptible,0.08,0.06
ERS1938192,Neisseria gonorrhoeae,Neisseria gonorrhoeae,0.9965969029531304,ERR2133909,ENA_SAMEA104313214,TET,Susceptible,Susceptible,0.08,0.06
ERS1938193,Neisseria gonorrhoeae,Neisseria gonorrhoeae,0.9966928232945208,ERR2133910,ENA_SAMEA104313215,TET,Susceptible,Susceptible,0.08,0.06
ERS1938194,Neisseria gonorrhoeae,Neisseria gonorrhoeae,0.9966390563181284,ERR2133911,ENA_SAMEA104313216,TET,Susceptible,Susceptible,0.08,0.06
ERS1938195,Neisseria gonorrhoeae,Neisseria gonorrhoeae,0.9966836011338888,ERR2133912,ENA_SAMEA104313217,TET,Susceptible,Susceptible,0.08,0.06
ERS1938196,Neisseria gonorrhoeae,Neisseria gonorrhoeae,0.9972409802750168,ERR2133913,ENA_SAMEA104313218,TET,Susceptible,Susceptible,0.08,0.06
ERS1938197,Neisseria gonorrhoeae,Neisseria gonorrhoeae,0.9972778316593066,ERR2133914,ENA_SAMEA104313219,TET,Susceptible,Susceptible,0.08,0.06
ERS1938198,Neisseria gonorrhoeae,Neisseria gonorrhoeae,0.9973119201555872,ERR2133915,ENA_SAMEA104313220,TET,Susceptible,Susceptible,0.08,0.06
ERS1938199,Neisseria gonorrhoeae,Neisseria gonorrhoeae,0.997245022147594,ERR2133916,ENA_SAMEA104313221,TET,Susceptible,Susceptible,0.08,0.06
ERS1938200,Neisseria gonorrhoeae,Neisseria gonorrhoeae,0.9972955439332282,ERR2133917,ENA_SAMEA104313222,TET,Susceptible,Susceptible,0.08,0.06
ERS1938201,Neisseria gonorrhoeae,Neisseria gonorrhoeae,0.996903183103309,ERR2133918,ENA_SAMEA104313223,TET,Susceptible,Susceptible,0.08,0.06
ERS1938202,Neisseria gonorrhoeae,Neisseria gonorrhoeae,0.9968251591573848,ERR2133919,ENA_SAMEA104313224,TET,Susceptible,Susceptible,0.08,0.06
ERS1938203,Neisseria gonorrhoeae,Neisseria gonorrhoeae,0.996859560829764,ERR2133920,ENA_SAMEA104313225,TET,Susceptible,Susceptible,0.08,0.06
ERS1938204,Neisseria gonorrhoeae,Neisseria gonorrhoeae,0.9968445519529698,ERR2133921,ENA_SAMEA104313226,TET,Susceptible,Susceptible,0.08,0.06
ERS1938205,Neisseria gonorrhoeae,Neisseria gonorrhoeae,0.9972978032021949,ERR2133922,ENA_SAMEA104313227,TET,Susceptible,Susceptible,0.08,0.06
ERS1938206,Neisseria gonorrhoeae,Neisseria gonorrhoeae,0.997183358885048,ERR2133923,ENA_SAMEA104313228,TET,Susceptible,Susceptible,0.08,0.06
ERS1938207,Neisseria gonorrhoeae,Neisseria gonorrhoeae,0.9970173675218176,ERR2133924,ENA_SAMEA104313229,TET,Susceptible,Susceptible,0.08,0.06
ERS1938208,Neisseria gonorrhoeae,Neisseria gonorrhoeae,0.997086192868798,ERR2133925,ENA_SAMEA104313230,TET,Susceptible,Susceptible,0.08,0.06
ERS1938209,Neisseria gonorrhoeae,Neisseria gonorrhoeae,0.9970829505235794,ERR2133926,ENA_SAMEA104313231,TET,Susceptible,Susceptible,0.08,0.06
ERS1938210,Neisseria gonorrhoeae,Neisseria gonorrhoeae,0.9974112381790344,ERR2133927,ENA_SAMEA104313232,TET,Susceptible,Susceptible,0.08,0.06
ERS1938211,Neisseria gonorrhoeae,Neisseria gonorrhoeae,0.9973834867845413,ERR2133928,ENA_SAMEA104313233,TET,Susceptible,Susceptible,0.08,0.06
ERS1938212,Neisseria gonorrhoeae,Neisseria gonorrhoeae,0.9964292310488616,ERR2133929,ENA_SAMEA104313234,TET,Susceptible,Susceptible,0.08,0.06
ERS1938213,Neisseria gonorrhoeae,Neisseria gonorrhoeae,0.9964421588878484,ERR2133930,ENA_SAMEA104313235,TET,Susceptible,Susceptible,0.08,0.06
ERS1938214,Neisseria gonorrhoeae,Neisseria gonorrhoeae,0.9968759674012628,ERR2133931,ENA_SAMEA104313236,TET,Susceptible,Susceptible,0.08,0.06
ERS1938215,Neisseria gonorrhoeae,Neisseria gonorrhoeae,0.9968458791614307,ERR2133932,ENA_SAMEA104313237,TET,Susceptible,Susceptible,0.08,0.06
ERS1938216,Neisseria gonorrhoeae,Neisseria gonorrhoeae,0.9965057924028324,ERR2133933,ENA_SAMEA104313238,TET,Susceptible,Susceptible,0.08,0.06
ERS1938217,Neisseria gonorrhoeae,Neisseria gonorrhoeae,0.9965261436038484,ERR2133934,ENA_SAMEA104313239,TET,Susceptible,Susceptible,0.08,0.06
ERS1938218,Neisseria gonorrhoeae,Neisseria gonorrhoeae,0.9963630592670616,ERR2133935,ENA_SAMEA104313240,TET,Susceptible,Susceptible,0.04,0.06
ERS1938219,Neisseria gonorrhoeae,Neisseria gonorrhoeae,0.9963366258315776,ERR2133936,ENA_SAMEA104313241,TET,Susceptible,Susceptible,0.04,0.06
ERS1938220,Neisseria gonorrhoeae,Neisseria gonorrhoeae,0.9969874290792368,ERR2133937,ENA_SAMEA104313242,TET,Susceptible,Susceptible,0.04,0.06
ERS1938221,Neisseria gonorrhoeae,Neisseria gonorrhoeae,0.9970144442776104,ERR2133938,ENA_SAMEA104313243,TET,Susceptible,Susceptible,0.04,0.06
ERS1938222,Neisseria gonorrhoeae,Neisseria gonorrhoeae,0.997028055241784,ERR2133939,ENA_SAMEA104313244,TET,Susceptible,Susceptible,0.04,0.06
ERS1938223,Neisseria gonorrhoeae,Neisseria gonorrhoeae,0.9964386085803122,ERR2133940,ENA_SAMEA104313245,TET,Susceptible,Susceptible,0.04,0.06
ERS1938224,Neisseria gonorrhoeae,Neisseria gonorrhoeae,0.996431012442169,ERR2133941,ENA_SAMEA104313246,TET,Susceptible,Susceptible,0.04,0.06
ERS1938225,Neisseria gonorrhoeae,Neisseria gonorrhoeae,0.9970113064129948,ERR2133942,ENA_SAMEA104313247,TET,Susceptible,Susceptible,0.04,0.06
ERS1938226,Neisseria gonorrhoeae,Neisseria gonorrhoeae,0.9968939782954672,ERR2133943,ENA_SAMEA104313248,TET,Susceptible,Susceptible,0.04,0.06
ERS1938229,Neisseria gonorrhoeae,Neisseria gonorrhoeae,0.9964573424215946,ERR2133946,ENA_SAMEA104313251,TET,Susceptible,Susceptible,0.04,0.06
ERS1938230,Neisseria gonorrhoeae,Neisseria gonorrhoeae,0.9964695669298538,ERR2133947,ENA_SAMEA104313252,TET,Susceptible,Susceptible,0.04,0.06
ERS1938231,Neisseria gonorrhoeae,Neisseria gonorrhoeae,0.996478375229744,ERR2133948,ENA_SAMEA104313253,TET,Susceptible,Susceptible,0.04,0.06
ERS1938232,Neisseria gonorrhoeae,Neisseria gonorrhoeae,0.9973086085011228,ERR2133949,ENA_SAMEA104313254,TET,Susceptible,Susceptible,0.04,0.06
ERS1938233,Neisseria gonorrhoeae,Neisseria gonorrhoeae,0.997274273702428,ERR2133950,ENA_SAMEA104313255,TET,Susceptible,Susceptible,0.04,0.06
ERS1938234,Neisseria gonorrhoeae,Neisseria gonorrhoeae,0.997062891577326,ERR2133951,ENA_SAMEA104313256,TET,Susceptible,Susceptible,0.04,0.06
ERS1938235,Neisseria gonorrhoeae,Neisseria gonorrhoeae,0.9971233934431027,ERR2133952,ENA_SAMEA104313257,TET,Susceptible,Susceptible,0.04,0.06
ERS1938236,Neisseria gonorrhoeae,Neisseria gonorrhoeae,0.9971757946091472,ERR2133953,ENA_SAMEA104313258,TET,Susceptible,Susceptible,0.04,0.06
ERS1938238,Neisseria gonorrhoeae,Neisseria gonorrhoeae,0.997225296172425,ERR2133955,ENA_SAMEA104313260,TET,Susceptible,Susceptible,0.04,0.06
ERS1938239,Neisseria gonorrhoeae,Neisseria gonorrhoeae,0.9971620640668244,ERR2133956,ENA_SAMEA104313261,TET,Susceptible,Susceptible,0.04,0.06
ERS1938241,Neisseria gonorrhoeae,Neisseria gonorrhoeae,0.9966983367160636,ERR2133958,ENA_SAMEA104313263,TET,Resistant,Resistant,4.0,4.0
ERS1938242,Neisseria gonorrhoeae,Neisseria gonorrhoeae,0.9967322889253772,ERR2133959,ENA_SAMEA104313264,TET,Resistant,Resistant,4.0,4.0
ERS1938243,Neisseria gonorrhoeae,Neisseria gonorrhoeae,0.9968530008509427,ERR2133960,ENA_SAMEA104313265,TET,Resistant,Resistant,4.0,4.0
ERS1938245,Neisseria gonorrhoeae,Neisseria gonorrhoeae,0.99689541484562,ERR2133962,ENA_SAMEA104313267,TET,Resistant,Resistant,4.0,4.0
ERS1938246,Neisseria gonorrhoeae,Neisseria gonorrhoeae,0.9968847889191642,ERR2133963,ENA_SAMEA104313268,TET,Resistant,Resistant,4.0,4.0
ERS1938248,Neisseria gonorrhoeae,Neisseria gonorrhoeae,0.9967356003700684,ERR2133965,ENA_SAMEA104313270,TET,Resistant,Resistant,4.0,4.0
ERS1938250,Neisseria gonorrhoeae,Neisseria gonorrhoeae,0.996387656349133,ERR2133967,ENA_SAMEA104313272,TET,Resistant,Resistant,8.0,8.0
ERS1938254,Neisseria gonorrhoeae,Neisseria gonorrhoeae,0.997212265345396,ERR2133971,ENA_SAMEA104313276,TET,Resistant,Resistant,4.0,4.0
ERS1938256,Neisseria gonorrhoeae,Neisseria gonorrhoeae,0.9963460492272408,ERR2133973,ENA_SAMEA104313278,TET,Resistant,Resistant,8.0,8.0
ERS1938266,Neisseria gonorrhoeae,Neisseria gonorrhoeae,0.9964434325505576,ERR2133983,ENA_SAMEA104313288,TET,Resistant,Resistant,4.0,4.0
ERS1938267,Neisseria gonorrhoeae,Neisseria gonorrhoeae,0.9963402835180312,ERR2133984,ENA_SAMEA104313289,TET,Resistant,Resistant,4.0,4.0
ERS2006637,Salmonella enterica,Salmonella enterica,0.9941573384758644,SRR5573127,ENA_SAMN02911997,GEN,Resistant,Resistant,16.0,16.0
ERS2006640,Salmonella enterica,Salmonella enterica,0.9989174159612122,SRR5573108,ENA_SAMN02911978,GEN,Susceptible,Susceptible,0.5,0.5
ERS2006654,Salmonella enterica,Salmonella enterica,0.9871164298877584,SRR5573113,ENA_SAMN02911983,GEN,Susceptible,Susceptible,1.0,1.0
ERS2006661,Salmonella enterica,Salmonella enterica,0.9859335795072944,SRR5573134,ENA_SAMN02912004,GEN,Susceptible,Susceptible,0.5,0.5
ERS2006695,Salmonella enterica,Salmonella enterica,0.989848818044498,SRR5573063,ENA_SAMN02911933,GEN,Susceptible,Susceptible,0.5,0.5
ERS2006698,Salmonella enterica,Salmonella enterica,0.9897155966238936,SRR5573066,ENA_SAMN02911936,GEN,Susceptible,Susceptible,0.5,0.5
ERS2006706,Salmonella enterica,Salmonella enterica,0.987319860444495,SRR5573075,ENA_SAMN02911945,GEN,Susceptible,Susceptible,0.5,0.5
ERS2006707,Salmonella enterica,Salmonella enterica,0.9983088061162624,SRR5573076,ENA_SAMN02911946,GEN,Resistant,Resistant,16.0,16.0
ERS2006716,Salmonella enterica,Salmonella enterica,0.9990170205483024,SRR5573042,ENA_SAMN02911912,GEN,Susceptible,Susceptible,0.5,0.5
ERS2006724,Salmonella enterica,Salmonella enterica,0.98522451161421,SRR5573052,ENA_SAMN02911922,GEN,Susceptible,Susceptible,0.25,0.25
ERS2030089,Escherichia coli,Escherichia coli,0.9725551345630338,ERR2209391,ENA_SAMEA104412147,GEN,Resistant,Resistant,32.0,32.0
ERS2030090,Escherichia coli,Escherichia coli,0.9721960915092844,ERR2209392,ENA_SAMEA104412148,GEN,Resistant,Resistant,32.0,32.0
ERS2030091,Escherichia coli,Escherichia coli,0.9729408280453186,ERR2209393,ENA_SAMEA104412149,GEN,Resistant,Resistant,32.0,32.0
ERS2030328,Escherichia coli,Escherichia coli,0.9739276621242547,ERR2209630,ENA_SAMEA104412386,GEN,Susceptible,Susceptible,0.5,0.5
ERS2030329,Escherichia coli,Escherichia coli,0.9736858287483168,ERR2209631,ENA_SAMEA104412387,GEN,Susceptible,Susceptible,0.5,0.5
ERS2030330,Salmonella enterica,Salmonella enterica,0.9954242270627396,ERR2209632,ENA_SAMEA104412388,GEN,Resistant,Resistant,32.0,32.0
ERS2030332,Escherichia coli,Escherichia coli,0.971857889457812,ERR2209634,ENA_SAMEA104412390,GEN,Susceptible,Susceptible,0.5,0.5
ERS2030337,Escherichia coli,Escherichia coli,0.9714257686882928,ERR2209639,ENA_SAMEA104412395,GEN,Susceptible,Susceptible,0.5,0.5
ERS2030338,Escherichia coli,Escherichia coli,0.9725913186111148,ERR2209640,ENA_SAMEA104412396,GEN,Susceptible,Susceptible,0.5,0.5
ERS2030339,Escherichia coli,Escherichia coli,0.9725636519791652,ERR2209641,ENA_SAMEA104412397,GEN,Susceptible,Susceptible,0.5,0.5
ERS2030340,Escherichia coli,Escherichia coli,0.9725687932516458,ERR2209642,ENA_SAMEA104412398,GEN,Resistant,Resistant,32.0,32.0
ERS2030341,Escherichia coli,Escherichia coli,0.9728080303527308,ERR2209643,ENA_SAMEA104412399,GEN,Intermediate,Susceptible,4.0,4.0
ERS2030342,Escherichia coli,Escherichia coli,0.9730004088426578,ERR2209644,ENA_SAMEA104412400,GEN,Susceptible,Susceptible,0.5,0.5
ERS2030343,Escherichia coli,Escherichia coli,0.973775932629548,ERR2209645,ENA_SAMEA104412401,GEN,Susceptible,Susceptible,0.5,0.5
ERS2030344,Escherichia coli,Escherichia coli,0.9716473730697948,ERR2209646,ENA_SAMEA104412402,GEN,Susceptible,Susceptible,2.0,2.0
ERS2030345,Escherichia coli,Escherichia coli,0.9710011099934552,ERR2209647,ENA_SAMEA104412403,GEN,Susceptible,Susceptible,0.5,0.5
ERS2030403,Escherichia coli,Escherichia coli,0.9709568020092506,ERR2209705,ENA_SAMEA104412461,GEN,Resistant,Resistant,32.0,32.0
ERS2030406,Escherichia coli,Escherichia coli,0.9728209049733992,ERR2209708,ENA_SAMEA104412464,GEN,Resistant,Resistant,32.0,32.0
ERS2030408,Escherichia coli,Escherichia coli,0.971694376384984,ERR2209710,ENA_SAMEA104412466,GEN,Susceptible,Susceptible,1.0,1.0
ERS2030411,Escherichia coli,Escherichia coli,0.9776151039862075,ERR2209713,ENA_SAMEA104412469,GEN,Resistant,Resistant,64.0,64.0
ERS2030418,Escherichia coli,Escherichia coli,0.9723650125438584,ERR2209720,ENA_SAMEA104412476,GEN,Susceptible,Susceptible,0.5,0.5
ERS2030419,Escherichia coli,Escherichia coli,0.9735841184925936,ERR2209721,ENA_SAMEA104412477,GEN,Susceptible,Susceptible,0.5,0.5
ERS2030421,Escherichia coli,Escherichia coli,0.972335254394979,ERR2209723,ENA_SAMEA104412479,GEN,Susceptible,Susceptible,0.5,0.5
ERS2030422,Escherichia coli,Escherichia coli,0.9725996147724252,ERR2209724,ENA_SAMEA104412480,GEN,Resistant,Resistant,64.0,64.0
ERS2030423,Escherichia coli,Escherichia coli,0.9753807914799876,ERR2209725,ENA_SAMEA104412481,GEN,Susceptible,Susceptible,0.5,0.5
ERS2030424,Escherichia coli,Escherichia coli,0.9730900915632268,ERR2209726,ENA_SAMEA104412482,GEN,Susceptible,Susceptible,2.0,2.0
ERS2030425,Escherichia coli,Escherichia coli,0.97222168692445,ERR2209727,ENA_SAMEA104412483,GEN,Resistant,Resistant,64.0,64.0
ERS2030426,Escherichia coli,Escherichia coli,0.9855802830919972,ERR2209728,ENA_SAMEA104412484,GEN,Resistant,Resistant,8.0,8.0
ERS2030428,Escherichia coli,Escherichia coli,0.9740120671093988,ERR2209730,ENA_SAMEA104412486,GEN,Susceptible,Susceptible,1.0,1.0
ERS2030430,Escherichia coli,Escherichia coli,0.9735820915005272,ERR2209732,ENA_SAMEA104412488,GEN,Susceptible,Susceptible,0.5,0.5
ERS2030433,Escherichia coli,Escherichia coli,0.9807800017126116,ERR2209735,ENA_SAMEA104412491,GEN,Susceptible,Susceptible,0.5,0.5
ERS2030434,Escherichia coli,Escherichia coli,0.972244854163604,ERR2209736,ENA_SAMEA104412492,GEN,Resistant,Resistant,64.0,64.0
ERS2030435,Escherichia coli,Escherichia coli,0.9726897431363668,ERR2209737,ENA_SAMEA104412493,GEN,Resistant,Resistant,32.0,32.0
ERS2030442,Escherichia coli,Escherichia coli,0.9722915765766292,ERR2209744,ENA_SAMEA104412500,GEN,Resistant,Resistant,32.0,32.0
ERS2030443,Escherichia coli,Escherichia coli,0.9735566069296644,ERR2209745,ENA_SAMEA104412501,GEN,Resistant,Resistant,64.0,64.0
ERS2032770,Klebsiella pneumoniae,Klebsiella pneumoniae,0.9889868320567498,ERR3164631,ENA_SAMEA104414828,GEN,Intermediate,Susceptible,4.0,4.0
ERS2032778,Klebsiella pneumoniae,Klebsiella pneumoniae,0.9896817572942224,ERR3164639,ENA_SAMEA104414836,GEN,Intermediate,Susceptible,4.0,4.0
ERS2032784,Klebsiella pneumoniae,Klebsiella pneumoniae,0.9896598395663044,ERR3164645,ENA_SAMEA104414842,GEN,Intermediate,Susceptible,4.0,4.0
ERS2032786,Klebsiella pneumoniae,Klebsiella pneumoniae,0.990277911514632,ERR3164647,ENA_SAMEA104414844,GEN,Intermediate,Susceptible,4.0,4.0
ERS2032787,Klebsiella pneumoniae,Klebsiella pneumoniae,0.9896127959471754,ERR3164648,ENA_SAMEA104414845,GEN,Intermediate,Susceptible,4.0,4.0
ERS2032800,Klebsiella pneumoniae,Klebsiella pneumoniae,0.9893122757175076,ERR3164661,ENA_SAMEA104414858,GEN,Susceptible,Susceptible,1.0,1.0
ERS2032806,Klebsiella pneumoniae,Klebsiella pneumoniae,0.9891192868982102,ERR3164667,ENA_SAMEA104414864,GEN,Susceptible,Susceptible,1.0,1.0
ERS2032808,Klebsiella pneumoniae,Klebsiella pneumoniae,0.9892595817334416,ERR3164669,ENA_SAMEA104414866,GEN,Intermediate,Susceptible,4.0,4.0
ERS2032811,Klebsiella pneumoniae,Klebsiella pneumoniae,0.9892589964568526,ERR3164672,ENA_SAMEA104414869,GEN,Susceptible,Susceptible,1.0,1.0
ERS2032817,Klebsiella pneumoniae,Klebsiella pneumoniae,0.9892813711218108,ERR3164678,ENA_SAMEA104414875,GEN,Susceptible,Susceptible,1.0,1.0
ERS2032818,Klebsiella pneumoniae,Klebsiella pneumoniae,0.9890746954031684,ERR3164679,ENA_SAMEA104414876,GEN,Intermediate,Susceptible,4.0,4.0
ERS2032821,Klebsiella pneumoniae,Klebsiella pneumoniae,0.9897041257348738,ERR3164682,ENA_SAMEA104414879,GEN,Susceptible,Susceptible,1.0,1.0
ERS2032824,Klebsiella pneumoniae,Klebsiella pneumoniae,0.9892733871103678,ERR3164685,ENA_SAMEA104414882,GEN,Intermediate,Susceptible,4.0,4.0
ERS2032830,Klebsiella pneumoniae,Klebsiella pneumoniae,0.9892624323525055,ERR3164691,ENA_SAMEA104414888,GEN,Intermediate,Susceptible,4.0,4.0
ERS2032834,Klebsiella pneumoniae,Klebsiella pneumoniae,0.9888739515906269,ERR3164695,ENA_SAMEA104414892,GEN,Intermediate,Susceptible,4.0,4.0
ERS2032841,Klebsiella pneumoniae,Klebsiella pneumoniae,0.9892647267715218,ERR3164702,ENA_SAMEA104414899,GEN,Intermediate,Susceptible,4.0,4.0
ERS2032842,Klebsiella pneumoniae,Klebsiella pneumoniae,0.9885025364475828,ERR3164703,ENA_SAMEA104414900,GEN,Susceptible,Susceptible,1.0,1.0
ERS2032845,Klebsiella pneumoniae,Klebsiella pneumoniae,0.9896642294604688,ERR3164706,ENA_SAMEA104414903,GEN,Susceptible,Susceptible,1.0,1.0
ERS2032846,Klebsiella pneumoniae,Klebsiella pneumoniae,0.9891494147896848,ERR3164707,ENA_SAMEA104414904,GEN,Susceptible,Susceptible,2.0,2.0
ERS2032848,Klebsiella pneumoniae,Klebsiella pneumoniae,0.9892416443885392,ERR3164709,ENA_SAMEA104414906,GEN,Intermediate,Susceptible,4.0,4.0
ERS2032853,Klebsiella pneumoniae,Klebsiella pneumoniae,0.9892173721622852,ERR3164714,ENA_SAMEA104414911,GEN,Intermediate,Susceptible,4.0,4.0
ERS2032857,Klebsiella pneumoniae,Klebsiella pneumoniae,0.989006631060258,ERR3164718,ENA_SAMEA104414915,GEN,Susceptible,Susceptible,1.0,1.0
ERS2032859,Klebsiella pneumoniae,Klebsiella pneumoniae,0.9888485247876012,ERR3164720,ENA_SAMEA104414917,GEN,Intermediate,Susceptible,4.0,4.0
ERS2032862,Klebsiella pneumoniae,Klebsiella pneumoniae,0.9888457404909468,ERR3164723,ENA_SAMEA104414920,GEN,Intermediate,Susceptible,4.0,4.0
ERS2032865,Klebsiella pneumoniae,Klebsiella pneumoniae,0.9898537287008884,ERR3164726,ENA_SAMEA104414923,GEN,Susceptible,Susceptible,2.0,2.0
ERS2032872,Klebsiella pneumoniae,Klebsiella pneumoniae,0.990637081072488,ERR3164733,ENA_SAMEA104414930,GEN,Susceptible,Susceptible,1.0,1.0
ERS2032874,Klebsiella pneumoniae,Klebsiella pneumoniae,0.990534331632438,ERR3164735,ENA_SAMEA104414932,GEN,Intermediate,Susceptible,4.0,4.0
ERS2032884,Klebsiella pneumoniae,Klebsiella pneumoniae,0.989949976369498,ERR3164766,ENA_SAMEA104414942,GEN,Intermediate,Susceptible,4.0,4.0
ERS2032886,Klebsiella pneumoniae,Klebsiella pneumoniae,0.9892664736852914,ERR3164768,ENA_SAMEA104414944,GEN,Susceptible,Susceptible,2.0,2.0
ERS2032889,Klebsiella pneumoniae,Klebsiella pneumoniae,0.989327206736976,ERR3164771,ENA_SAMEA104414947,GEN,Susceptible,Susceptible,2.0,2.0
ERS2032890,Klebsiella pneumoniae,Klebsiella pneumoniae,0.9893300737205024,ERR3164772,ENA_SAMEA104414948,GEN,Susceptible,Susceptible,1.0,1.0
ERS2032891,Klebsiella pneumoniae,Klebsiella pneumoniae,0.989327206736976,ERR3164773,ENA_SAMEA104414949,GEN,Intermediate,Susceptible,4.0,4.0
ERS2032893,Klebsiella pneumoniae,Klebsiella pneumoniae,0.9904945677210568,ERR3164775,ENA_SAMEA104414951,GEN,Intermediate,Susceptible,4.0,4.0
ERS2032895,Klebsiella pneumoniae,Klebsiella pneumoniae,0.9893243400192892,ERR3164777,ENA_SAMEA104414953,GEN,Susceptible,Susceptible,1.0,1.0
ERS2032898,Klebsiella pneumoniae,Klebsiella pneumoniae,0.9892472520957796,ERR3164747,ENA_SAMEA104414956,GEN,Susceptible,Susceptible,1.0,1.0
ERS2032899,Klebsiella pneumoniae,Klebsiella pneumoniae,0.9897231359509384,ERR3164748,ENA_SAMEA104414957,GEN,Intermediate,Susceptible,4.0,4.0
ERS2032902,Klebsiella pneumoniae,Klebsiella pneumoniae,0.9892476215926552,ERR3164751,ENA_SAMEA104414960,GEN,Susceptible,Susceptible,1.0,1.0
ERS2032904,Klebsiella pneumoniae,Klebsiella pneumoniae,0.989298307371542,ERR3164753,ENA_SAMEA104414962,GEN,Intermediate,Susceptible,4.0,4.0
ERS2032908,Klebsiella pneumoniae,Klebsiella pneumoniae,0.989355655783456,ERR3164756,ENA_SAMEA104414966,GEN,Susceptible,Susceptible,1.0,1.0
ERS2032910,Klebsiella pneumoniae,Klebsiella pneumoniae,0.9898552160008854,ERR3164758,ENA_SAMEA104414968,GEN,Intermediate,Susceptible,4.0,4.0
ERS2032911,Klebsiella pneumoniae,Klebsiella pneumoniae,0.9895745390135328,ERR3164759,ENA_SAMEA104414969,GEN,Susceptible,Susceptible,1.0,1.0
ERS2032918,Klebsiella pneumoniae,Klebsiella pneumoniae,0.9893243400192892,ERR3164778,ENA_SAMEA104414976,GEN,Susceptible,Susceptible,1.0,1.0
ERS2032920,Klebsiella pneumoniae,Klebsiella pneumoniae,0.9904659783554532,ERR3164780,ENA_SAMEA104414978,GEN,Susceptible,Susceptible,1.0,1.0
ERS2213321,Staphylococcus aureus,Staphylococcus aureus,0.9835442057147848,ERR2309529,ENA_SAMEA104602039,ERY,Intermediate,Susceptible,1.0,1.0
ERS2213322,Staphylococcus aureus,Staphylococcus aureus,0.9926000505054848,ERR2309548,ENA_SAMEA104602040,ERY,Resistant,Resistant,8.0,8.0
ERS2213323,Staphylococcus aureus,Staphylococcus aureus,0.9821755864950013,ERR2309562,ENA_SAMEA104602041,ERY,Susceptible,Susceptible,0.5,0.5
ERS2213324,Staphylococcus aureus,Staphylococcus aureus,0.998820355030736,ERR2309563,ENA_SAMEA104602042,ERY,Intermediate,Susceptible,1.0,1.0
ERS2213325,Staphylococcus aureus,Staphylococcus aureus,0.9922061975714308,ERR2309564,ENA_SAMEA104602043,ERY,Intermediate,Susceptible,1.0,1.0
ERS2213326,Staphylococcus aureus,Staphylococcus aureus,0.993702984342148,ERR2309565,ENA_SAMEA104602044,ERY,Intermediate,Susceptible,1.0,1.0
ERS2213327,Staphylococcus aureus,Staphylococcus aureus,0.9918894123100988,ERR2309566,ENA_SAMEA104602045,ERY,Intermediate,Susceptible,1.0,1.0
ERS2213328,Staphylococcus aureus,Staphylococcus aureus,0.9936363273257514,ERR2309567,ENA_SAMEA104602046,ERY,Susceptible,Susceptible,0.5,0.5
ERS2213329,Staphylococcus aureus,Staphylococcus aureus,0.9834452033910456,ERR2309569,ENA_SAMEA104602047,ERY,Susceptible,Susceptible,0.5,0.5
ERS2213330,Staphylococcus aureus,Staphylococcus aureus,0.9834814210549974,ERR2309570,ENA_SAMEA104602048,ERY,Intermediate,Susceptible,1.0,1.0
ERS2213331,Staphylococcus aureus,Staphylococcus aureus,0.9983725323039356,ERR2309571,ENA_SAMEA104602049,ERY,Intermediate,Susceptible,1.0,1.0
ERS2213332,Staphylococcus aureus,Staphylococcus aureus,0.9936083364855172,ERR2309572,ENA_SAMEA104602050,ERY,Susceptible,Susceptible,0.5,0.5
ERS2213333,Staphylococcus aureus,Staphylococcus aureus,0.9935757971478414,ERR2309573,ENA_SAMEA104602051,ERY,Intermediate,Susceptible,1.0,1.0
ERS2213334,Staphylococcus aureus,Staphylococcus aureus,0.9935757971478414,ERR2309574,ENA_SAMEA104602052,ERY,Susceptible,Susceptible,0.5,0.5
ERS2213335,Staphylococcus aureus,Staphylococcus aureus,0.9927757272477769,ERR2309575,ENA_SAMEA104602053,ERY,Resistant,Resistant,8.0,8.0
ERS2213336,Staphylococcus aureus,Staphylococcus aureus,0.9983731293619488,ERR2309576,ENA_SAMEA104602054,ERY,Susceptible,Susceptible,0.5,0.5
ERS2213337,Staphylococcus aureus,Staphylococcus aureus,0.9859070195800772,ERR2309578,ENA_SAMEA104602055,ERY,Susceptible,Susceptible,0.5,0.5
ERS2213338,Staphylococcus aureus,Staphylococcus aureus,0.9835548996421194,ERR2309582,ENA_SAMEA104602056,ERY,Susceptible,Susceptible,0.5,0.5
ERS2213339,Staphylococcus aureus,Staphylococcus aureus,0.9930837606982776,ERR2309583,ENA_SAMEA104602057,ERY,Intermediate,Susceptible,1.0,1.0
ERS2213340,Staphylococcus aureus,Staphylococcus aureus,0.9928453163510784,ERR2309584,ENA_SAMEA104602058,ERY,Intermediate,Susceptible,1.0,1.0
ERS2213341,Staphylococcus aureus,Staphylococcus aureus,0.9927986170302132,ERR2309585,ENA_SAMEA104602059,ERY,Intermediate,Susceptible,1.0,1.0
ERS2213342,Staphylococcus aureus,Staphylococcus aureus,0.9823062431081636,ERR2309586,ENA_SAMEA104602060,ERY,Intermediate,Susceptible,1.0,1.0
ERS2213343,Staphylococcus aureus,Staphylococcus aureus,0.9924572438247322,ERR2309587,ENA_SAMEA104602061,ERY,Intermediate,Susceptible,1.0,1.0
ERS2213344,Staphylococcus aureus,Staphylococcus aureus,0.9934469902520026,ERR2309588,ENA_SAMEA104602062,ERY,Susceptible,Susceptible,0.5,0.5
ERS2213345,Staphylococcus aureus,Staphylococcus aureus,0.9921523876025096,ERR2309589,ENA_SAMEA104602063,ERY,Intermediate,Susceptible,1.0,1.0
ERS2213346,Staphylococcus aureus,Staphylococcus aureus,0.993647556388594,ERR2309590,ENA_SAMEA104602064,ERY,Susceptible,Susceptible,0.5,0.5
ERS2213347,Staphylococcus aureus,Staphylococcus aureus,0.9988875427608106,ERR2309591,ENA_SAMEA104602065,ERY,Susceptible,Susceptible,0.5,0.5
ERS2213348,Staphylococcus aureus,Staphylococcus aureus,0.9836913497970032,ERR2309592,ENA_SAMEA104602066,ERY,Susceptible,Susceptible,0.5,0.5
ERS2213349,Staphylococcus aureus,Staphylococcus aureus,0.9928038632280578,ERR2309594,ENA_SAMEA104602067,ERY,Intermediate,Susceptible,1.0,1.0
ERS2213350,Staphylococcus aureus,Staphylococcus aureus,0.9929957691111636,ERR2309595,ENA_SAMEA104602068,ERY,Susceptible,Susceptible,0.5,0.5
ERS2213351,Staphylococcus aureus,Staphylococcus aureus,0.9936006900484812,ERR2309596,ENA_SAMEA104602069,ERY,Resistant,Resistant,8.0,8.0
ERS2213352,Staphylococcus aureus,Staphylococcus aureus,0.993732394149573,ERR2309597,ENA_SAMEA104602070,ERY,Susceptible,Susceptible,0.5,0.5
ERS2213353,Staphylococcus aureus,Staphylococcus aureus,0.9925071390409872,ERR2309598,ENA_SAMEA104602071,ERY,Intermediate,Susceptible,1.0,1.0
ERS2213354,Staphylococcus aureus,Staphylococcus aureus,0.9933225835021736,ERR2309599,ENA_SAMEA104602072,ERY,Intermediate,Susceptible,1.0,1.0
ERS2213355,Staphylococcus aureus,Staphylococcus aureus,0.9927583087715864,ERR2309600,ENA_SAMEA104602073,ERY,Resistant,Resistant,8.0,8.0
ERS2213356,Staphylococcus aureus,Staphylococcus aureus,0.9822022268733166,ERR2309601,ENA_SAMEA104602074,ERY,Intermediate,Susceptible,1.0,1.0
ERS2213357,Staphylococcus aureus,Staphylococcus aureus,0.9856050751893034,ERR2309602,ENA_SAMEA104602075,ERY,Susceptible,Susceptible,0.5,0.5
ERS2213358,Staphylococcus aureus,Staphylococcus aureus,0.9860960687985048,ERR2309603,ENA_SAMEA104602076,ERY,Susceptible,Susceptible,0.5,0.5
ERS2213359,Staphylococcus aureus,Staphylococcus aureus,0.9854959996504984,ERR2309604,ENA_SAMEA104602077,ERY,Susceptible,Susceptible,0.5,0.5
ERS2213360,Staphylococcus aureus,Staphylococcus aureus,0.9988275380592586,ERR2309605,ENA_SAMEA104602078,ERY,Susceptible,Susceptible,0.5,0.5
ERS2213361,Staphylococcus aureus,Staphylococcus aureus,0.9823711223920412,ERR2309606,ENA_SAMEA104602079,ERY,Susceptible,Susceptible,0.5,0.5
ERS2213362,Staphylococcus aureus,Staphylococcus aureus,0.9824253563285376,ERR2309607,ENA_SAMEA104602080,ERY,Intermediate,Susceptible,1.0,1.0
ERS2213363,Staphylococcus aureus,Staphylococcus aureus,0.9927492609834784,ERR2309608,ENA_SAMEA104602081,ERY,Intermediate,Susceptible,1.0,1.0
ERS2213364,Staphylococcus aureus,Staphylococcus aureus,0.98231559352387,ERR2309609,ENA_SAMEA104602082,ERY,Intermediate,Susceptible,1.0,1.0
ERS2213365,Staphylococcus aureus,Staphylococcus aureus,0.9977621655247972,ERR2309610,ENA_SAMEA104602083,ERY,Resistant,Resistant,8.0,8.0
ERS2213366,Staphylococcus aureus,Staphylococcus aureus,0.9932458923954882,ERR2309611,ENA_SAMEA104602084,ERY,Resistant,Resistant,8.0,8.0
ERS2213367,Staphylococcus aureus,Staphylococcus aureus,0.9936478915269972,ERR2309612,ENA_SAMEA104602085,ERY,Susceptible,Susceptible,0.5,0.5
ERS2213368,Staphylococcus aureus,Staphylococcus aureus,0.9824161259594636,ERR2309613,ENA_SAMEA104602086,ERY,Intermediate,Susceptible,1.0,1.0
ERS2213369,Staphylococcus aureus,Staphylococcus aureus,0.9924322577401944,ERR2309614,ENA_SAMEA104602087,ERY,Susceptible,Susceptible,0.5,0.5
ERS2213370,Staphylococcus aureus,Staphylococcus aureus,0.998836000404587,ERR2309615,ENA_SAMEA104602088,ERY,Intermediate,Susceptible,1.0,1.0
ERS2213371,Staphylococcus aureus,Staphylococcus aureus,0.992640972755215,ERR2309517,ENA_SAMEA104602089,ERY,Intermediate,Susceptible,1.0,1.0
ERS2213372,Staphylococcus aureus,Staphylococcus aureus,0.983593496329482,ERR2309518,ENA_SAMEA104602090,ERY,Intermediate,Susceptible,1.0,1.0
ERS2213373,Staphylococcus aureus,Staphylococcus aureus,0.9835766958080124,ERR2309519,ENA_SAMEA104602091,ERY,Intermediate,Susceptible,1.0,1.0
ERS2213374,Staphylococcus aureus,Staphylococcus aureus,0.9985744884281555,ERR2309520,ENA_SAMEA104602092,ERY,Susceptible,Susceptible,0.5,0.5
ERS2213375,Staphylococcus aureus,Staphylococcus aureus,0.9823200631899608,ERR2309521,ENA_SAMEA104602093,ERY,Susceptible,Susceptible,0.5,0.5
ERS2213376,Staphylococcus aureus,Staphylococcus aureus,0.98179131558483,ERR2309522,ENA_SAMEA104602094,ERY,Susceptible,Susceptible,0.5,0.5
ERS2213377,Staphylococcus aureus,Staphylococcus aureus,0.988486068497646,ERR2309523,ENA_SAMEA104602095,ERY,Susceptible,Susceptible,0.5,0.5
ERS2213378,Staphylococcus aureus,Staphylococcus aureus,0.9832157254171896,ERR2309524,ENA_SAMEA104602096,ERY,Susceptible,Susceptible,0.5,0.5
ERS2213379,Staphylococcus aureus,Staphylococcus aureus,0.9882273016840888,ERR2309525,ENA_SAMEA104602097,ERY,Susceptible,Susceptible,0.5,0.5
ERS2213380,Staphylococcus aureus,Staphylococcus aureus,0.9923949801576236,ERR2309526,ENA_SAMEA104602098,ERY,Intermediate,Susceptible,1.0,1.0
ERS2213381,Staphylococcus aureus,Staphylococcus aureus,0.9936528257842892,ERR2309527,ENA_SAMEA104602099,ERY,Susceptible,Susceptible,0.5,0.5
ERS2213382,Staphylococcus aureus,Staphylococcus aureus,0.98208669989667,ERR2309528,ENA_SAMEA104602100,ERY,Susceptible,Susceptible,0.5,0.5
ERS2213383,Staphylococcus aureus,Staphylococcus aureus,0.9861509932844305,ERR2309530,ENA_SAMEA104602101,ERY,Susceptible,Susceptible,0.5,0.5
ERS2213384,Staphylococcus aureus,Staphylococcus aureus,0.9832259021121912,ERR2309531,ENA_SAMEA104602102,ERY,Susceptible,Susceptible,0.5,0.5
ERS2213385,Staphylococcus aureus,Staphylococcus aureus,0.9835406761645034,ERR2309532,ENA_SAMEA104602103,ERY,Intermediate,Susceptible,1.0,1.0
ERS2213386,Staphylococcus aureus,Staphylococcus aureus,0.9822567436957368,ERR2309533,ENA_SAMEA104602104,ERY,Intermediate,Susceptible,1.0,1.0
ERS2213387,Staphylococcus aureus,Staphylococcus aureus,0.9821583607226818,ERR2309534,ENA_SAMEA104602105,ERY,Susceptible,Susceptible,0.5,0.5
ERS2213388,Staphylococcus aureus,Staphylococcus aureus,0.9833500053966456,ERR2309535,ENA_SAMEA104602106,ERY,Resistant,Resistant,8.0,8.0
ERS2213389,Staphylococcus aureus,Staphylococcus aureus,0.983232791283385,ERR2309536,ENA_SAMEA104602107,ERY,Susceptible,Susceptible,0.25,0.25
ERS2213390,Staphylococcus aureus,Staphylococcus aureus,0.9822851841205732,ERR2309537,ENA_SAMEA104602108,ERY,Susceptible,Susceptible,0.5,0.5
ERS2213391,Staphylococcus aureus,Staphylococcus aureus,0.9928687152147344,ERR2309538,ENA_SAMEA104602109,ERY,Intermediate,Susceptible,1.0,1.0
ERS2213392,Staphylococcus aureus,Staphylococcus aureus,0.9925600881718664,ERR2309539,ENA_SAMEA104602110,ERY,Intermediate,Susceptible,1.0,1.0
ERS2213393,Staphylococcus aureus,Staphylococcus aureus,0.9934171088852448,ERR2309540,ENA_SAMEA104602111,ERY,Intermediate,Susceptible,1.0,1.0
ERS2213394,Staphylococcus aureus,Staphylococcus aureus,0.9833341089247196,ERR2309541,ENA_SAMEA104602112,ERY,Resistant,Resistant,8.0,8.0
ERS2213395,Staphylococcus aureus,Staphylococcus aureus,0.9932191127419912,ERR2309542,ENA_SAMEA104602113,ERY,Intermediate,Susceptible,1.0,1.0
ERS2213396,Staphylococcus aureus,Staphylococcus aureus,0.9821868402667692,ERR2309543,ENA_SAMEA104602114,ERY,Resistant,Resistant,8.0,8.0
ERS2213397,Staphylococcus aureus,Staphylococcus aureus,0.9925631375175864,ERR2309544,ENA_SAMEA104602115,ERY,Intermediate,Susceptible,1.0,1.0
ERS2213398,Staphylococcus aureus,Staphylococcus aureus,0.9833245704187752,ERR2309545,ENA_SAMEA104602116,ERY,Susceptible,Susceptible,0.5,0.5
ERS2213399,Staphylococcus aureus,Staphylococcus aureus,0.9821184522519992,ERR2309546,ENA_SAMEA104602117,ERY,Susceptible,Susceptible,0.5,0.5
ERS2213400,Staphylococcus aureus,Staphylococcus aureus,0.9835047850137302,ERR2309547,ENA_SAMEA104602118,ERY,Susceptible,Susceptible,0.5,0.5
ERS2213401,Staphylococcus aureus,Staphylococcus aureus,0.9822236241472048,ERR2309549,ENA_SAMEA104602119,ERY,Susceptible,Susceptible,0.5,0.5
ERS2213402,Staphylococcus aureus,Staphylococcus aureus,0.9837081835661764,ERR2309550,ENA_SAMEA104602120,ERY,Susceptible,Susceptible,0.5,0.5
ERS2213403,Staphylococcus aureus,Staphylococcus aureus,0.9835094122623158,ERR2309551,ENA_SAMEA104602121,ERY,Susceptible,Susceptible,0.5,0.5
ERS2213404,Staphylococcus aureus,Staphylococcus aureus,0.9925898166283164,ERR2309552,ENA_SAMEA104602122,ERY,Susceptible,Susceptible,0.5,0.5
ERS2213405,Staphylococcus aureus,Staphylococcus aureus,0.9836663136916912,ERR2309553,ENA_SAMEA104602123,ERY,Susceptible,Susceptible,0.5,0.5
ERS2213406,Staphylococcus aureus,Staphylococcus aureus,0.9937202013474584,ERR2309554,ENA_SAMEA104602124,ERY,Susceptible,Susceptible,0.5,0.5
ERS2213407,Staphylococcus aureus,Staphylococcus aureus,0.9883386282141094,ERR2309555,ENA_SAMEA104602125,ERY,Susceptible,Susceptible,0.5,0.5
ERS2213408,Staphylococcus aureus,Staphylococcus aureus,0.9821531953190068,ERR2309556,ENA_SAMEA104602126,ERY,Susceptible,Susceptible,0.5,0.5
ERS2213409,Staphylococcus aureus,Staphylococcus aureus,0.9922698982500998,ERR2309557,ENA_SAMEA104602127,ERY,Intermediate,Susceptible,1.0,1.0
ERS2213410,Staphylococcus aureus,Staphylococcus aureus,0.9819618103135208,ERR2309558,ENA_SAMEA104602128,ERY,Susceptible,Susceptible,0.5,0.5
ERS2213411,Staphylococcus aureus,Staphylococcus aureus,0.9935275839919786,ERR2309559,ENA_SAMEA104602129,ERY,Intermediate,Susceptible,1.0,1.0
ERS2213412,Staphylococcus aureus,Staphylococcus aureus,0.9937017935716242,ERR2309560,ENA_SAMEA104602130,ERY,Susceptible,Susceptible,0.5,0.5
ERS2213413,Staphylococcus aureus,Staphylococcus aureus,0.9833171205206078,ERR2309561,ENA_SAMEA104602131,ERY,Intermediate,Susceptible,1.0,1.0
ERS2213414,Staphylococcus aureus,Staphylococcus aureus,0.9883036814724576,ERR2309568,ENA_SAMEA104602132,ERY,Susceptible,Susceptible,0.5,0.5
ERS2213415,Staphylococcus aureus,Staphylococcus aureus,0.983265510220798,ERR2309577,ENA_SAMEA104602133,ERY,Susceptible,Susceptible,0.5,0.5
ERS2213416,Staphylococcus aureus,Staphylococcus aureus,0.9885487832927182,ERR2309579,ENA_SAMEA104602134,ERY,Susceptible,Susceptible,0.5,0.5
ERS2213417,Staphylococcus aureus,Staphylococcus aureus,0.9921181818782032,ERR2309580,ENA_SAMEA104602135,ERY,Intermediate,Susceptible,1.0,1.0
ERS2213418,Staphylococcus aureus,Staphylococcus aureus,0.9835654371803172,ERR2309581,ENA_SAMEA104602136,ERY,Susceptible,Susceptible,0.5,0.5
ERS2213419,Staphylococcus aureus,Staphylococcus aureus,0.9919102226410818,ERR2309593,ENA_SAMEA104602137,ERY,Intermediate,Susceptible,1.0,1.0
ERS2444319,Escherichia coli,Escherichia coli,0.9705800579777956,ERR2540223,ENA_SAMEA4623644,GEN,Resistant,Resistant,64.0,64.0
ERS2444320,Escherichia coli,Escherichia coli,0.9734967936195392,ERR2540224,ENA_SAMEA4623645,GEN,Resistant,Resistant,8.0,8.0
ERS2472810,Escherichia coli,Escherichia coli,0.9725347902083928,ERR2580149,ENA_SAMEA4652173,GEN,Susceptible,Susceptible,2.0,2.0
ERS2472811,Escherichia coli,Escherichia coli,0.9721508942507424,ERR2580150,ENA_SAMEA4652174,GEN,Susceptible,Susceptible,2.0,2.0
ERS2472812,Escherichia coli,Escherichia coli,0.9721797262087576,ERR2580151,ENA_SAMEA4652175,GEN,Susceptible,Susceptible,2.0,2.0
ERS2472813,Escherichia coli,Escherichia coli,0.9728492159067172,ERR2580152,ENA_SAMEA4652176,GEN,Susceptible,Susceptible,2.0,2.0
ERS2472814,Escherichia coli,Escherichia coli,0.9721786342759308,ERR2580153,ENA_SAMEA4652177,GEN,Susceptible,Susceptible,2.0,2.0
ERS2472815,Escherichia coli,Escherichia coli,0.9728999941991048,ERR2580154,ENA_SAMEA4652178,GEN,Susceptible,Susceptible,2.0,2.0
ERS2472816,Escherichia coli,Escherichia coli,0.9748369795255768,ERR2580155,ENA_SAMEA4652179,GEN,Intermediate,Susceptible,4.0,4.0
ERS2472817,Escherichia coli,Escherichia coli,0.97388692485073,ERR2580156,ENA_SAMEA4652180,GEN,Susceptible,Susceptible,2.0,2.0
ERS2472818,Escherichia coli,Escherichia coli,0.9727640108356838,ERR2580157,ENA_SAMEA4652181,GEN,Susceptible,Susceptible,2.0,2.0
ERS2472819,Escherichia coli,Escherichia coli,0.9730622987708436,ERR2580158,ENA_SAMEA4652182,GEN,Susceptible,Susceptible,2.0,2.0
ERS2472820,Escherichia coli,Escherichia coli,0.9719242145557022,ERR2580159,ENA_SAMEA4652183,GEN,Susceptible,Susceptible,2.0,2.0
ERS2472821,Escherichia coli,Escherichia coli,0.9718629844676696,ERR2580160,ENA_SAMEA4652184,GEN,Susceptible,Susceptible,2.0,2.0
ERS2472822,Escherichia coli,Escherichia coli,0.97326461313901,ERR2580161,ENA_SAMEA4652185,GEN,Susceptible,Susceptible,2.0,2.0
ERS2472823,Escherichia coli,Escherichia coli,0.97326461313901,ERR2580162,ENA_SAMEA4652186,GEN,Susceptible,Susceptible,2.0,2.0
ERS2472824,Escherichia coli,Escherichia coli,0.9718262998100524,ERR2580163,ENA_SAMEA4652187,GEN,Susceptible,Susceptible,2.0,2.0
ERS2472825,Escherichia coli,Escherichia coli,0.9737835032193104,ERR2580164,ENA_SAMEA4652188,GEN,Susceptible,Susceptible,2.0,2.0
ERS2472826,Escherichia coli,Escherichia coli,0.9720689672247068,ERR2580165,ENA_SAMEA4652189,GEN,Susceptible,Susceptible,2.0,2.0
ERS2472827,Escherichia coli,Escherichia coli,0.9722196877803668,ERR2580166,ENA_SAMEA4652190,GEN,Susceptible,Susceptible,2.0,2.0
ERS2472828,Escherichia coli,Escherichia coli,0.9722475968242404,ERR2580167,ENA_SAMEA4652191,GEN,Susceptible,Susceptible,2.0,2.0
ERS2472829,Escherichia coli,Escherichia coli,0.9722475968242404,ERR2580168,ENA_SAMEA4652192,GEN,Susceptible,Susceptible,2.0,2.0
ERS2472830,Escherichia coli,Escherichia coli,0.989023972182506,ERR2580169,ENA_SAMEA4652193,GEN,Susceptible,Susceptible,2.0,2.0
ERS2472831,Escherichia coli,Escherichia coli,0.9728899469364958,ERR2580170,ENA_SAMEA4652194,GEN,Susceptible,Susceptible,2.0,2.0
ERS2472832,Escherichia coli,Escherichia coli,0.973011744092221,ERR2580171,ENA_SAMEA4652195,GEN,Susceptible,Susceptible,2.0,2.0
ERS2472833,Escherichia coli,Escherichia coli,0.9730489691772762,ERR2580172,ENA_SAMEA4652196,GEN,Susceptible,Susceptible,2.0,2.0
ERS248577,Neisseria gonorrhoeae,Neisseria gonorrhoeae,0.9967500866130438,ERR349887,ENA_SAMEA2074537,TET,Resistant,Resistant,3.0,4.0
ERS248579,Neisseria gonorrhoeae,Neisseria gonorrhoeae,0.9971977954696892,ERR349889,ENA_SAMEA2074561,TET,Resistant,Resistant,3.0,4.0
ERS248581,Neisseria gonorrhoeae,Neisseria gonorrhoeae,0.9967719599537568,ERR349891,ENA_SAMEA2072157,TET,Resistant,Resistant,2.0,2.0
ERS248587,Neisseria gonorrhoeae,Neisseria gonorrhoeae,0.9973725221301925,ERR349897,ENA_SAMEA2072159,TET,Resistant,Resistant,2.0,2.0
ERS248593,Neisseria gonorrhoeae,Neisseria gonorrhoeae,0.9971670118449888,ERR349903,ENA_SAMEA2072308,TET,Resistant,Resistant,3.0,4.0
ERS248594,Neisseria gonorrhoeae,Neisseria gonorrhoeae,0.9971533597063312,ERR349904,ENA_SAMEA2074565,TET,Resistant,Resistant,3.0,4.0
ERS248596,Neisseria gonorrhoeae,Neisseria gonorrhoeae,0.9972818117147928,ERR349906,ENA_SAMEA2072309,TET,Resistant,Resistant,2.0,2.0
ERS248601,Neisseria gonorrhoeae,Neisseria gonorrhoeae,0.998233129912422,ERR349910,ENA_SAMEA2074545,TET,Resistant,Resistant,4.0,4.0
ERS248602,Neisseria gonorrhoeae,Neisseria gonorrhoeae,0.9970489274979176,ERR349911,ENA_SAMEA2072311,TET,Resistant,Resistant,3.0,4.0
ERS248603,Neisseria gonorrhoeae,Neisseria gonorrhoeae,0.9970283078446196,ERR349912,ENA_SAMEA2074568,TET,Resistant,Resistant,2.0,2.0
ERS248604,Neisseria gonorrhoeae,Neisseria gonorrhoeae,0.9975078081983852,ERR349913,ENA_SAMEA2074546,TET,Resistant,Resistant,2.0,2.0
ERS248605,Neisseria gonorrhoeae,Neisseria gonorrhoeae,0.9969987957139774,ERR349914,ENA_SAMEA2072312,TET,Resistant,Resistant,3.0,4.0
ERS248606,Neisseria gonorrhoeae,Neisseria gonorrhoeae,0.9968845525785316,ERR349915,ENA_SAMEA2074569,TET,Resistant,Resistant,3.0,4.0
ERS248609,Neisseria gonorrhoeae,Neisseria gonorrhoeae,0.9968374059205558,ERR349918,ENA_SAMEA2074570,TET,Resistant,Resistant,2.0,2.0
ERS248611,Neisseria gonorrhoeae,Neisseria gonorrhoeae,0.9975180488216396,ERR349920,ENA_SAMEA2072314,TET,Resistant,Resistant,128.0,64.0
ERS248612,Neisseria gonorrhoeae,Neisseria gonorrhoeae,0.9971752862817036,ERR349921,ENA_SAMEA2074571,TET,Intermediate,Susceptible,1.0,1.0
ERS248613,Neisseria gonorrhoeae,Neisseria gonorrhoeae,0.9971430578722734,ERR349922,ENA_SAMEA2074549,TET,Resistant,Resistant,3.0,4.0
ERS248615,Neisseria gonorrhoeae,Neisseria gonorrhoeae,0.9971533597063312,ERR349924,ENA_SAMEA2074572,TET,Resistant,Resistant,3.0,4.0
ERS248619,Neisseria gonorrhoeae,Neisseria gonorrhoeae,0.9968272037872052,ERR349928,ENA_SAMEA2074551,TET,Intermediate,Resistant,1.5,2.0
ERS248624,Neisseria gonorrhoeae,Neisseria gonorrhoeae,0.996570775105474,ERR349933,ENA_SAMEA2074575,TET,Resistant,Resistant,2.0,2.0
ERS248625,Neisseria gonorrhoeae,Neisseria gonorrhoeae,0.9976313787753996,ERR349934,ENA_SAMEA2074553,TET,Intermediate,Resistant,1.5,2.0
ERS248627,Neisseria gonorrhoeae,Neisseria gonorrhoeae,0.9972079660017792,ERR349936,ENA_SAMEA2074776,TET,Resistant,Resistant,2.0,2.0
ERS248629,Neisseria gonorrhoeae,Neisseria gonorrhoeae,0.9973453427198932,ERR349938,ENA_SAMEA2072320,TET,Resistant,Resistant,2.0,2.0
ERS248634,Neisseria gonorrhoeae,Neisseria gonorrhoeae,0.9971383323783152,ERR349943,ENA_SAMEA2074754,TET,Resistant,Resistant,3.0,4.0
ERS248650,Neisseria gonorrhoeae,Neisseria gonorrhoeae,0.9967436642005424,ERR349959,ENA_SAMEA2072327,TET,Intermediate,Susceptible,1.0,1.0
ERS248652,Neisseria gonorrhoeae,Neisseria gonorrhoeae,0.9971204468912968,ERR349961,ENA_SAMEA2074760,TET,Intermediate,Resistant,1.5,2.0
ERS248655,Neisseria gonorrhoeae,Neisseria gonorrhoeae,0.9973005976379792,ERR349964,ENA_SAMEA2074761,TET,Resistant,Resistant,48.0,64.0
ERS248656,Neisseria gonorrhoeae,Neisseria gonorrhoeae,0.9966289088626016,ERR349965,ENA_SAMEA2072329,TET,Resistant,Resistant,3.0,4.0
ERS248659,Neisseria gonorrhoeae,Neisseria gonorrhoeae,0.9973430127708068,ERR349968,ENA_SAMEA2072463,TET,Resistant,Resistant,3.0,4.0
ERS248661,Neisseria gonorrhoeae,Neisseria gonorrhoeae,0.996889808041286,ERR349970,ENA_SAMEA1966172,TET,Resistant,Resistant,128.0,64.0
ERS248664,Neisseria gonorrhoeae,Neisseria gonorrhoeae,0.9970594473961654,ERR349973,ENA_SAMEA2074762,TET,Resistant,Resistant,2.0,2.0
ERS254034,Neisseria gonorrhoeae,Neisseria gonorrhoeae,0.9969707682572928,ERR388280,ENA_SAMEA2076396,TET,Intermediate,Susceptible,0.75,1.0
ERS254040,Neisseria gonorrhoeae,Neisseria gonorrhoeae,0.9968285052165246,ERR349986,ENA_SAMEA2080235,TET,Resistant,Resistant,2.0,2.0
ERS254041,Neisseria gonorrhoeae,Neisseria gonorrhoeae,0.9969707682572928,ERR388287,ENA_SAMEA2076399,TET,Resistant,Resistant,3.0,4.0
ERS254044,Neisseria gonorrhoeae,Neisseria gonorrhoeae,0.9971120577034152,ERR349990,ENA_SAMEA2076400,TET,Intermediate,Susceptible,1.0,1.0
ERS254045,Neisseria gonorrhoeae,Neisseria gonorrhoeae,0.9967393264939493,ERR349991,ENA_SAMEA2076721,TET,Resistant,Resistant,2.0,2.0
ERS254048,Neisseria gonorrhoeae,Neisseria gonorrhoeae,0.996748483388136,ERR349994,ENA_SAMEA2076722,TET,Resistant,Resistant,3.0,4.0
ERS254052,Neisseria gonorrhoeae,Neisseria gonorrhoeae,0.9975803822126296,ERR349998,ENA_SAMEA2080305,TET,Resistant,Resistant,2.0,2.0
ERS254053,Neisseria gonorrhoeae,Neisseria gonorrhoeae,0.9965395768442494,ERR388299,ENA_SAMEA2076403,TET,Intermediate,Susceptible,1.0,1.0
ERS254055,Neisseria gonorrhoeae,Neisseria gonorrhoeae,0.997208738271698,ERR350001,ENA_SAMEA2080306,TET,Resistant,Resistant,2.0,2.0
ERS254056,Neisseria gonorrhoeae,Neisseria gonorrhoeae,0.9970183739444196,ERR350002,ENA_SAMEA2076404,TET,Resistant,Resistant,3.0,4.0
ERS254057,Neisseria gonorrhoeae,Neisseria gonorrhoeae,0.9969869902511148,ERR350003,ENA_SAMEA2076725,TET,Intermediate,Susceptible,0.75,1.0
ERS254061,Neisseria gonorrhoeae,Neisseria gonorrhoeae,0.99704718124429,ERR350007,ENA_SAMEA2080308,TET,Resistant,Resistant,12.0,16.0
ERS254062,Neisseria gonorrhoeae,Neisseria gonorrhoeae,0.9970819156040835,ERR388308,ENA_SAMEA2076406,TET,Resistant,Resistant,16.0,16.0
ERS254065,Neisseria gonorrhoeae,Neisseria gonorrhoeae,0.996744146762596,ERR350011,ENA_SAMEA1965886,TET,Resistant,Resistant,2.0,2.0
ERS254067,Neisseria gonorrhoeae,Neisseria gonorrhoeae,0.9969271981276144,ERR388313,ENA_SAMEA2080310,TET,Intermediate,Resistant,1.5,2.0
ERS254069,Neisseria gonorrhoeae,Neisseria gonorrhoeae,0.9973145389901272,ERR350015,ENA_SAMEA2076729,TET,Resistant,Resistant,4.0,4.0
ERS254076,Neisseria gonorrhoeae,Neisseria gonorrhoeae,0.9977618439520848,ERR350022,ENA_SAMEA2080313,TET,Intermediate,Susceptible,0.75,1.0
ERS254080,Neisseria gonorrhoeae,Neisseria gonorrhoeae,0.9973498147042682,ERR388326,ENA_SAMEA2076411,TET,Intermediate,Susceptible,0.75,1.0
ERS254082,Neisseria gonorrhoeae,Neisseria gonorrhoeae,0.9973125829598136,ERR350028,ENA_SAMEA2080315,TET,Resistant,Resistant,2.0,2.0
ERS254083,Neisseria gonorrhoeae,Neisseria gonorrhoeae,0.9977940948426656,ERR388329,ENA_SAMEA2076412,TET,Resistant,Resistant,2.0,2.0
ERS254084,Neisseria gonorrhoeae,Neisseria gonorrhoeae,0.9970333435162396,ERR350030,ENA_SAMEA2076734,TET,Intermediate,Susceptible,1.0,1.0
ERS254088,Neisseria gonorrhoeae,Neisseria gonorrhoeae,0.99692106006269,ERR350034,ENA_SAMEA2080317,TET,Intermediate,Susceptible,1.0,1.0
ERS254089,Neisseria gonorrhoeae,Neisseria gonorrhoeae,0.9969632515513744,ERR388335,ENA_SAMEA2076414,TET,Resistant,Resistant,32.0,32.0
ERS254091,Neisseria gonorrhoeae,Neisseria gonorrhoeae,0.9967398197313482,ERR350037,ENA_SAMEA2080318,TET,Resistant,Resistant,24.0,32.0
ERS254092,Neisseria gonorrhoeae,Neisseria gonorrhoeae,0.996491232073488,ERR350038,ENA_SAMEA2076671,TET,Intermediate,Susceptible,0.75,1.0
ERS254096,Neisseria gonorrhoeae,Neisseria gonorrhoeae,0.9971717734513224,ERR350042,ENA_SAMEA2076738,TET,Intermediate,Susceptible,0.75,1.0
ERS254097,Neisseria gonorrhoeae,Neisseria gonorrhoeae,0.9973485250195996,ERR350043,ENA_SAMEA2080320,TET,Resistant,Resistant,256.0,64.0
ERS254100,Neisseria gonorrhoeae,Neisseria gonorrhoeae,0.9978643853542234,ERR350046,ENA_SAMEA1973592,TET,Intermediate,Susceptible,1.0,1.0
ERS254101,Neisseria gonorrhoeae,Neisseria gonorrhoeae,0.9973360798447096,ERR388347,ENA_SAMEA2076674,TET,Resistant,Resistant,16.0,16.0
ERS254104,Neisseria gonorrhoeae,Neisseria gonorrhoeae,0.9974610520641032,ERR388350,ENA_SAMEA2076675,TET,Intermediate,Susceptible,1.0,1.0
ERS254105,Neisseria gonorrhoeae,Neisseria gonorrhoeae,0.997362285650212,ERR350051,ENA_SAMEA2077000,TET,Intermediate,Resistant,1.5,2.0
ERS254107,Neisseria gonorrhoeae,Neisseria gonorrhoeae,0.9970419857187902,ERR388353,ENA_SAMEA2076676,TET,Resistant,Resistant,48.0,64.0
ERS254110,Neisseria gonorrhoeae,Neisseria gonorrhoeae,0.9972861911882924,ERR388356,ENA_SAMEA2076677,TET,Resistant,Resistant,16.0,16.0
ERS254111,Neisseria gonorrhoeae,Neisseria gonorrhoeae,0.9972410372851916,ERR350057,ENA_SAMEA2077002,TET,Resistant,Resistant,2.0,2.0
ERS254115,Neisseria gonorrhoeae,Neisseria gonorrhoeae,0.9963804029256164,ERR388361,ENA_SAMEA2080325,TET,Intermediate,Susceptible,0.5,0.5
ERS254116,Neisseria gonorrhoeae,Neisseria gonorrhoeae,0.9973216691393504,ERR388362,ENA_SAMEA2076679,TET,Resistant,Resistant,48.0,64.0
ERS254117,Neisseria gonorrhoeae,Neisseria gonorrhoeae,0.996775913181388,ERR388363,ENA_SAMEA2077004,TET,Resistant,Resistant,16.0,16.0
ERS254119,Neisseria gonorrhoeae,Neisseria gonorrhoeae,0.9970457379656504,ERR485170,ENA_SAMEA2076680,TET,Intermediate,Resistant,1.5,2.0
ERS254121,Neisseria gonorrhoeae,Neisseria gonorrhoeae,0.997016043636878,ERR350067,ENA_SAMEA2080387,TET,Resistant,Resistant,256.0,64.0
ERS254122,Neisseria gonorrhoeae,Neisseria gonorrhoeae,0.9981565460727678,ERR350068,ENA_SAMEA2076681,TET,Intermediate,Resistant,1.5,2.0
ERS254125,Neisseria gonorrhoeae,Neisseria gonorrhoeae,0.9975419050126296,ERR388371,ENA_SAMEA2076682,TET,Resistant,Resistant,16.0,16.0
ERS254129,Neisseria gonorrhoeae,Neisseria gonorrhoeae,0.998042483030877,ERR388375,ENA_SAMEA2077008,TET,Resistant,Resistant,2.0,2.0
ERS254138,Neisseria gonorrhoeae,Neisseria gonorrhoeae,0.9973560463882784,ERR388384,ENA_SAMEA2077011,TET,Resistant,Resistant,2.0,2.0
ERS254139,Neisseria gonorrhoeae,Neisseria gonorrhoeae,0.9970758181650868,ERR388385,ENA_SAMEA2080393,TET,Resistant,Resistant,48.0,64.0
ERS254140,Neisseria gonorrhoeae,Neisseria gonorrhoeae,0.9965564561884068,ERR388386,ENA_SAMEA2076687,TET,Intermediate,Susceptible,1.0,1.0
ERS254145,Neisseria gonorrhoeae,Neisseria gonorrhoeae,0.9964273682269736,ERR352694,ENA_SAMEA2080395,TET,Intermediate,Susceptible,1.0,1.0
ERS254149,Neisseria gonorrhoeae,Neisseria gonorrhoeae,0.9965437227434196,ERR388395,ENA_SAMEA2076690,TET,Intermediate,Susceptible,0.5,0.5
ERS254150,Neisseria gonorrhoeae,Neisseria gonorrhoeae,0.9968698229963624,ERR388396,ENA_SAMEA2077015,TET,Intermediate,Susceptible,0.5,0.5
ERS254151,Neisseria gonorrhoeae,Neisseria gonorrhoeae,0.9970593367554308,ERR388397,ENA_SAMEA2080397,TET,Intermediate,Susceptible,0.5,0.5
ERS254155,Neisseria gonorrhoeae,Neisseria gonorrhoeae,0.9971223284982668,ERR388401,ENA_SAMEA2076692,TET,Resistant,Resistant,16.0,16.0
ERS254156,Neisseria gonorrhoeae,Neisseria gonorrhoeae,0.9980377184769144,ERR388402,ENA_SAMEA2077017,TET,Resistant,Resistant,32.0,32.0
ERS254157,Neisseria gonorrhoeae,Neisseria gonorrhoeae,0.9967349050917768,ERR388403,ENA_SAMEA2080399,TET,Resistant,Resistant,8.0,8.0
ERS254160,Neisseria gonorrhoeae,Neisseria gonorrhoeae,0.997124130971002,ERR352724,ENA_SAMEA2080400,TET,Resistant,Resistant,32.0,32.0
ERS254165,Neisseria gonorrhoeae,Neisseria gonorrhoeae,0.9969707682572928,ERR352734,ENA_SAMEA2077020,TET,Intermediate,Susceptible,0.5,0.5
ERS254167,Neisseria gonorrhoeae,Neisseria gonorrhoeae,0.9970413996459906,ERR352738,ENA_SAMEA2076954,TET,Resistant,Resistant,2.0,2.0
ERS254169,Neisseria gonorrhoeae,Neisseria gonorrhoeae,0.9967004035146804,ERR352741,ENA_SAMEA2080403,TET,Resistant,Resistant,32.0,32.0
ERS254170,Neisseria gonorrhoeae,Neisseria gonorrhoeae,0.9970217416628564,ERR388416,ENA_SAMEA2076955,TET,Resistant,Resistant,3.0,4.0
ERS254171,Neisseria gonorrhoeae,Neisseria gonorrhoeae,0.996716681218038,ERR352745,ENA_SAMEA2077022,TET,Intermediate,Resistant,1.5,2.0
ERS254178,Neisseria gonorrhoeae,Neisseria gonorrhoeae,0.996867799623736,ERR352759,ENA_SAMEA2080406,TET,Intermediate,Susceptible,0.38,0.5
ERS254179,Neisseria gonorrhoeae,Neisseria gonorrhoeae,0.9968876379362988,ERR388425,ENA_SAMEA2076958,TET,Intermediate,Susceptible,0.5,0.5
ERS254186,Neisseria gonorrhoeae,Neisseria gonorrhoeae,0.9967747260997653,ERR388432,ENA_SAMEA2077273,TET,Intermediate,Resistant,1.5,2.0
ERS254187,Neisseria gonorrhoeae,Neisseria gonorrhoeae,0.9965569293174602,ERR388433,ENA_SAMEA2080409,TET,Resistant,Resistant,16.0,16.0
ERS254188,Neisseria gonorrhoeae,Neisseria gonorrhoeae,0.9971190520819035,ERR388434,ENA_SAMEA2076961,TET,Resistant,Resistant,16.0,16.0
ERS254192,Neisseria gonorrhoeae,Neisseria gonorrhoeae,0.9975041682163877,ERR388438,ENA_SAMEA2077275,TET,Resistant,Resistant,16.0,16.0
ERS254198,Neisseria gonorrhoeae,Neisseria gonorrhoeae,0.996660364237656,ERR352801,ENA_SAMEA2077277,TET,Resistant,Resistant,32.0,32.0
ERS254199,Neisseria gonorrhoeae,Neisseria gonorrhoeae,0.9967344919191384,ERR388445,ENA_SAMEA2080470,TET,Resistant,Resistant,48.0,64.0
ERS254202,Neisseria gonorrhoeae,Neisseria gonorrhoeae,0.9967771052444246,ERR388448,ENA_SAMEA2080471,TET,Resistant,Resistant,4.0,4.0
ERS254204,Neisseria gonorrhoeae,Neisseria gonorrhoeae,0.9965742553775916,ERR352813,ENA_SAMEA1971333,TET,Resistant,Resistant,24.0,32.0
ERS311586,Neisseria gonorrhoeae,Neisseria gonorrhoeae,0.9968263971106014,ERR363580,ENA_SAMEA2143131,TET,Resistant,Resistant,24.0,32.0
ERS311587,Neisseria gonorrhoeae,Neisseria gonorrhoeae,0.9968586411520316,ERR363581,ENA_SAMEA2146799,TET,Resistant,Resistant,24.0,32.0
ERS311590,Neisseria gonorrhoeae,Neisseria gonorrhoeae,0.9972884193251268,ERR363584,ENA_SAMEA2163471,TET,Susceptible,Susceptible,0.125,0.12
ERS311592,Neisseria gonorrhoeae,Neisseria gonorrhoeae,0.996562748721902,ERR363586,ENA_SAMEA2153516,TET,Intermediate,Susceptible,0.75,1.0
ERS311593,Neisseria gonorrhoeae,Neisseria gonorrhoeae,0.9965237498809288,ERR363587,ENA_SAMEA2148127,TET,Resistant,Resistant,16.0,16.0
ERS311594,Neisseria gonorrhoeae,Neisseria gonorrhoeae,0.9968465644423988,ERR363588,ENA_SAMEA2152926,TET,Resistant,Resistant,24.0,32.0
ERS311595,Neisseria gonorrhoeae,Neisseria gonorrhoeae,0.9968525990653706,ERR363589,ENA_SAMEA2150743,TET,Resistant,Resistant,12.0,16.0
ERS311597,Neisseria gonorrhoeae,Neisseria gonorrhoeae,0.9973099755675968,ERR363591,ENA_SAMEA2150297,TET,Intermediate,Susceptible,0.75,1.0
ERS311598,Neisseria gonorrhoeae,Neisseria gonorrhoeae,0.9972866910494866,ERR363592,ENA_SAMEA2144490,TET,Intermediate,Susceptible,0.5,0.5
ERS311599,Neisseria gonorrhoeae,Neisseria gonorrhoeae,0.9972272509063932,ERR363593,ENA_SAMEA2156834,TET,Intermediate,Susceptible,0.5,0.5
ERS311600,Neisseria gonorrhoeae,Neisseria gonorrhoeae,0.9968724514326892,ERR363594,ENA_SAMEA2160712,TET,Intermediate,Susceptible,0.38,0.5
ERS311603,Neisseria gonorrhoeae,Neisseria gonorrhoeae,0.9972944518981838,ERR363597,ENA_SAMEA2148426,TET,Intermediate,Susceptible,0.75,1.0
ERS311605,Neisseria gonorrhoeae,Neisseria gonorrhoeae,0.99656499188491,ERR363599,ENA_SAMEA2148877,TET,Resistant,Resistant,24.0,32.0
ERS311606,Neisseria gonorrhoeae,Neisseria gonorrhoeae,0.9971561345390256,ERR363600,ENA_SAMEA2157220,TET,Resistant,Resistant,8.0,8.0
ERS311608,Neisseria gonorrhoeae,Neisseria gonorrhoeae,0.9973430127708068,ERR363602,ENA_SAMEA2144117,TET,Intermediate,Susceptible,1.0,1.0
ERS311611,Neisseria gonorrhoeae,Neisseria gonorrhoeae,0.9972632493982442,ERR363605,ENA_SAMEA2159528,TET,Intermediate,Susceptible,1.0,1.0
ERS311616,Neisseria gonorrhoeae,Neisseria gonorrhoeae,0.9965603162711442,ERR363610,ENA_SAMEA2146663,TET,Susceptible,Susceptible,0.25,0.25
ERS311618,Neisseria gonorrhoeae,Neisseria gonorrhoeae,0.9965477197627504,ERR363612,ENA_SAMEA2160981,TET,Resistant,Resistant,16.0,16.0
ERS311619,Neisseria gonorrhoeae,Neisseria gonorrhoeae,0.9970922914057884,ERR363613,ENA_SAMEA2150841,TET,Intermediate,Susceptible,0.38,0.5
ERS311620,Neisseria gonorrhoeae,Neisseria gonorrhoeae,0.9966473806743116,ERR363614,ENA_SAMEA2157352,TET,Resistant,Resistant,16.0,16.0
ERS311627,Neisseria gonorrhoeae,Neisseria gonorrhoeae,0.9969181584445038,ERR363621,ENA_SAMEA2146829,TET,Susceptible,Susceptible,0.19,0.25
ERS311634,Neisseria gonorrhoeae,Neisseria gonorrhoeae,0.9971251179789048,ERR363628,ENA_SAMEA2142734,TET,Resistant,Resistant,12.0,16.0
ERS311637,Neisseria gonorrhoeae,Neisseria gonorrhoeae,0.9968139587307152,ERR363631,ENA_SAMEA2145272,TET,Intermediate,Susceptible,0.38,0.5
ERS311638,Neisseria gonorrhoeae,Neisseria gonorrhoeae,0.9972100267696268,ERR363632,ENA_SAMEA2158532,TET,Susceptible,Susceptible,0.25,0.25
ERS311639,Neisseria gonorrhoeae,Neisseria gonorrhoeae,0.997020581807102,ERR363633,ENA_SAMEA2153805,TET,Susceptible,Susceptible,0.25,0.25
ERS311642,Neisseria gonorrhoeae,Neisseria gonorrhoeae,0.9970014062533208,ERR363636,ENA_SAMEA2143172,TET,Susceptible,Susceptible,0.125,0.12
ERS311643,Neisseria gonorrhoeae,Neisseria gonorrhoeae,0.9972299582506688,ERR363637,ENA_SAMEA2163371,TET,Susceptible,Susceptible,0.016,0.06
ERS311645,Neisseria gonorrhoeae,Neisseria gonorrhoeae,0.9975792063902184,ERR363639,ENA_SAMEA2157949,TET,Intermediate,Susceptible,0.5,0.5
ERS311650,Neisseria gonorrhoeae,Neisseria gonorrhoeae,0.9972527588445186,ERR363644,ENA_SAMEA2154579,TET,Susceptible,Susceptible,0.19,0.25
ERS311652,Neisseria gonorrhoeae,Neisseria gonorrhoeae,0.9968485502453632,ERR363646,ENA_SAMEA2159110,TET,Susceptible,Susceptible,0.25,0.25
ERS311653,Neisseria gonorrhoeae,Neisseria gonorrhoeae,0.9970920512852692,ERR363647,ENA_SAMEA2160883,TET,Susceptible,Susceptible,0.125,0.12
ERS311655,Neisseria gonorrhoeae,Neisseria gonorrhoeae,0.9976053211335985,ERR363649,ENA_SAMEA2156574,TET,Susceptible,Susceptible,0.19,0.25
ERS311656,Neisseria gonorrhoeae,Neisseria gonorrhoeae,0.996976215283917,ERR363650,ENA_SAMEA2159272,TET,Susceptible,Susceptible,0.125,0.12
ERS311663,Neisseria gonorrhoeae,Neisseria gonorrhoeae,0.9974036342311754,ERR363657,ENA_SAMEA2156108,TET,Susceptible,Susceptible,0.25,0.25
ERS311666,Neisseria gonorrhoeae,Neisseria gonorrhoeae,0.9971041402178452,ERR363660,ENA_SAMEA2146774,TET,Susceptible,Susceptible,0.19,0.25
ERS311667,Neisseria gonorrhoeae,Neisseria gonorrhoeae,0.9971325818255032,ERR363661,ENA_SAMEA2144341,TET,Susceptible,Susceptible,0.19,0.25
ERS311668,Neisseria gonorrhoeae,Neisseria gonorrhoeae,0.9970999269592856,ERR363662,ENA_SAMEA2157800,TET,Susceptible,Susceptible,0.19,0.25
ERS311669,Neisseria gonorrhoeae,Neisseria gonorrhoeae,0.9971237239153612,ERR363663,ENA_SAMEA2143785,TET,Susceptible,Susceptible,0.19,0.25
ERS311670,Neisseria gonorrhoeae,Neisseria gonorrhoeae,0.9971442008521844,ERR363664,ENA_SAMEA2162172,TET,Resistant,Resistant,8.0,8.0
ERS311672,Neisseria gonorrhoeae,Neisseria gonorrhoeae,0.9968698229963624,ERR363666,ENA_SAMEA2142361,TET,Resistant,Resistant,16.0,16.0
ERS311674,Neisseria gonorrhoeae,Neisseria gonorrhoeae,0.9972332337225304,ERR363668,ENA_SAMEA2154897,TET,Resistant,Resistant,16.0,16.0
ERS311675,Neisseria gonorrhoeae,Neisseria gonorrhoeae,0.9969241908024444,ERR363669,ENA_SAMEA2153491,TET,Susceptible,Susceptible,0.25,0.25
ERS311676,Neisseria gonorrhoeae,Neisseria gonorrhoeae,0.9964668140180584,ERR363670,ENA_SAMEA2147733,TET,Resistant,Resistant,24.0,32.0
ERS354369,Neisseria gonorrhoeae,Neisseria gonorrhoeae,0.997060869722562,ERR449457,ENA_SAMEA2201865,TET,Intermediate,Susceptible,0.38,0.5
ERS354371,Neisseria gonorrhoeae,Neisseria gonorrhoeae,0.9975530343487404,ERR449459,ENA_SAMEA2201867,TET,Intermediate,Susceptible,0.5,0.5
ERS354373,Neisseria gonorrhoeae,Neisseria gonorrhoeae,0.997479094310269,ERR449461,ENA_SAMEA2201869,TET,Susceptible,Susceptible,0.125,0.12
ERS354380,Neisseria gonorrhoeae,Neisseria gonorrhoeae,0.9963334592132072,ERR449468,ENA_SAMEA2201876,TET,Susceptible,Susceptible,0.125,0.12
ERS354381,Neisseria gonorrhoeae,Neisseria gonorrhoeae,0.9964801554970448,ERR449469,ENA_SAMEA2201877,TET,Intermediate,Susceptible,0.38,0.5
ERS354392,Neisseria gonorrhoeae,Neisseria gonorrhoeae,0.9974683680595292,ERR449480,ENA_SAMEA2201888,TET,Resistant,Resistant,12.0,16.0
ERS354393,Neisseria gonorrhoeae,Neisseria gonorrhoeae,0.9967608281150042,ERR449481,ENA_SAMEA2201889,TET,Intermediate,Susceptible,1.0,1.0
ERS354396,Neisseria gonorrhoeae,Neisseria gonorrhoeae,0.997118134105923,ERR449484,ENA_SAMEA2201892,TET,Resistant,Resistant,16.0,16.0
ERS354397,Neisseria gonorrhoeae,Neisseria gonorrhoeae,0.9965207054983644,ERR449485,ENA_SAMEA2201893,TET,Susceptible,Susceptible,0.125,0.12
ERS354398,Neisseria gonorrhoeae,Neisseria gonorrhoeae,0.9970073866661052,ERR449486,ENA_SAMEA2201894,TET,Susceptible,Susceptible,0.125,0.12
ERS354399,Neisseria gonorrhoeae,Neisseria gonorrhoeae,0.996610393560291,ERR449487,ENA_SAMEA2201895,TET,Resistant,Resistant,16.0,16.0
ERS354400,Neisseria gonorrhoeae,Neisseria gonorrhoeae,0.9966145903585196,ERR449488,ENA_SAMEA2201896,TET,Resistant,Resistant,16.0,16.0
ERS354401,Neisseria gonorrhoeae,Neisseria gonorrhoeae,0.9972444899989182,ERR449489,ENA_SAMEA2201897,TET,Resistant,Resistant,16.0,16.0
ERS354404,Neisseria gonorrhoeae,Neisseria gonorrhoeae,0.9971041402178452,ERR449492,ENA_SAMEA2201900,TET,Susceptible,Susceptible,0.094,0.12
ERS354405,Neisseria gonorrhoeae,Neisseria gonorrhoeae,0.9971068890086644,ERR449493,ENA_SAMEA2201901,TET,Susceptible,Susceptible,0.047,0.06
ERS354406,Neisseria gonorrhoeae,Neisseria gonorrhoeae,0.9975593909508008,ERR449494,ENA_SAMEA2201902,TET,Susceptible,Susceptible,0.19,0.25
ERS354407,Neisseria gonorrhoeae,Neisseria gonorrhoeae,0.9975669403835528,ERR449495,ENA_SAMEA2201903,TET,Resistant,Resistant,24.0,32.0
ERS354408,Neisseria gonorrhoeae,Neisseria gonorrhoeae,0.9962867029154566,ERR449496,ENA_SAMEA2201904,TET,Susceptible,Susceptible,0.125,0.12
ERS354409,Neisseria gonorrhoeae,Neisseria gonorrhoeae,0.997451051532348,ERR449497,ENA_SAMEA2201905,TET,Intermediate,Susceptible,1.0,1.0
ERS354413,Neisseria gonorrhoeae,Neisseria gonorrhoeae,0.9972100267696268,ERR449501,ENA_SAMEA2201909,TET,Resistant,Resistant,24.0,32.0
ERS354414,Neisseria gonorrhoeae,Neisseria gonorrhoeae,0.9974968562444928,ERR449502,ENA_SAMEA2201910,TET,Intermediate,Susceptible,0.38,0.5
ERS354415,Neisseria gonorrhoeae,Neisseria gonorrhoeae,0.9972100267696268,ERR449503,ENA_SAMEA2201911,TET,Resistant,Resistant,12.0,16.0
ERS354417,Neisseria gonorrhoeae,Neisseria gonorrhoeae,0.9970902374518292,ERR449505,ENA_SAMEA2201913,TET,Intermediate,Susceptible,1.0,1.0
ERS354418,Neisseria gonorrhoeae,Neisseria gonorrhoeae,0.9974137398651102,ERR449506,ENA_SAMEA2201914,TET,Susceptible,Susceptible,0.25,0.25
ERS354422,Neisseria gonorrhoeae,Neisseria gonorrhoeae,0.9968117404100316,ERR449510,ENA_SAMEA2201918,TET,Susceptible,Susceptible,0.19,0.25
ERS354423,Neisseria gonorrhoeae,Neisseria gonorrhoeae,0.99694966604123,ERR449511,ENA_SAMEA2201919,TET,Susceptible,Susceptible,0.25,0.25
ERS354424,Neisseria gonorrhoeae,Neisseria gonorrhoeae,0.9970073866661052,ERR449512,ENA_SAMEA2201920,TET,Susceptible,Susceptible,0.125,0.12
ERS354433,Neisseria gonorrhoeae,Neisseria gonorrhoeae,0.996831124550338,ERR449521,ENA_SAMEA2201929,TET,Susceptible,Susceptible,0.19,0.25
ERS354458,Neisseria gonorrhoeae,Neisseria gonorrhoeae,0.9970772474275816,ERR485167,ENA_SAMEA2201954,TET,Susceptible,Susceptible,0.125,0.12
ERS354459,Neisseria gonorrhoeae,Neisseria gonorrhoeae,0.997827013271839,ERR485168,ENA_SAMEA2201955,TET,Susceptible,Susceptible,0.25,0.25
ERS3594574,Escherichia coli,Escherichia coli,0.9729686487054304,ERR3449876,ENA_SAMEA5805964,GEN,Resistant,Resistant,32.0,32.0
ERS3594575,Escherichia coli,Escherichia coli,0.9729543883188267,ERR3449877,ENA_SAMEA5805965,GEN,Resistant,Resistant,32.0,32.0
ERS3594576,Escherichia coli,Escherichia coli,0.9740458336937504,ERR3449878,ENA_SAMEA5805966,GEN,Resistant,Resistant,16.0,16.0
ERS3594577,Escherichia coli,Escherichia coli,0.9732725944566936,ERR3449879,ENA_SAMEA5805967,GEN,Resistant,Resistant,16.0,16.0
ERS3594578,Escherichia coli,Escherichia coli,0.9730263735276206,ERR3449880,ENA_SAMEA5805968,GEN,Susceptible,Susceptible,1.0,1.0
ERS3594579,Escherichia coli,Escherichia coli,0.9741362248406742,ERR3449881,ENA_SAMEA5805969,GEN,Resistant,Resistant,64.0,64.0
ERS3594580,Escherichia coli,Escherichia coli,0.9731693638313812,ERR3449882,ENA_SAMEA5805970,GEN,Susceptible,Susceptible,1.0,1.0
ERS3594581,Escherichia coli,Escherichia coli,0.9731811445066294,ERR3449883,ENA_SAMEA5805971,GEN,Susceptible,Susceptible,1.0,1.0
ERS3594582,Escherichia coli,Escherichia coli,0.9723066738033508,ERR3449884,ENA_SAMEA5805972,GEN,Resistant,Resistant,16.0,16.0
ERS3594583,Escherichia coli,Escherichia coli,0.9723144130876964,ERR3449885,ENA_SAMEA5805973,GEN,Resistant,Resistant,8.0,8.0
ERS3594584,Escherichia coli,Escherichia coli,0.973821513110856,ERR3449886,ENA_SAMEA5805974,GEN,Susceptible,Susceptible,1.0,1.0
ERS3594585,Escherichia coli,Escherichia coli,0.9738026394991282,ERR3449887,ENA_SAMEA5805975,GEN,Susceptible,Susceptible,1.0,1.0
ERS380911,Klebsiella pneumoniae,Klebsiella pneumoniae,0.9893855674545736,ERR486274,ENA_SAMEA2273516,GEN,Resistant,Resistant,128.0,64.0
ERS380921,Klebsiella pneumoniae,Klebsiella pneumoniae,0.9890137940129704,ERR486749,ENA_SAMEA2273526,GEN,Resistant,Resistant,256.0,64.0
ERS380928,Klebsiella pneumoniae,Klebsiella pneumoniae,0.9904044680652796,ERR486289,ENA_SAMEA2273533,GEN,Resistant,Resistant,64.0,64.0
ERS380940,Klebsiella pneumoniae,Klebsiella variicola,0.9924313624662464,ERR486298,ENA_SAMEA2273545,GEN,Susceptible,Susceptible,1.0,1.0
ERS380982,Klebsiella pneumoniae,Klebsiella pneumoniae,0.9902861493921687,ERR486337,ENA_SAMEA2273587,GEN,Resistant,Resistant,64.0,64.0
ERS380991,Klebsiella pneumoniae,Klebsiella pneumoniae,0.9906122469743992,ERR486343,ENA_SAMEA2273596,GEN,Resistant,Resistant,64.0,64.0
ERS380995,Klebsiella pneumoniae,Klebsiella variicola,0.9905175600601772,ERR486347,ENA_SAMEA2273600,GEN,Susceptible,Susceptible,0.5,0.5
ERS380997,Klebsiella pneumoniae,Klebsiella pneumoniae,0.9902646437456756,ERR486349,ENA_SAMEA2273602,GEN,Resistant,Resistant,32.0,32.0
ERS380999,Klebsiella pneumoniae,Klebsiella variicola,0.9921345831486912,ERR486351,ENA_SAMEA2273604,GEN,Susceptible,Susceptible,1.0,1.0
ERS381001,Klebsiella pneumoniae,Klebsiella pneumoniae,0.9887020283404732,ERR486353,ENA_SAMEA2273606,GEN,Resistant,Resistant,128.0,64.0
ERS381004,Klebsiella pneumoniae,Klebsiella pneumoniae,0.990481181859362,ERR486356,ENA_SAMEA2273609,GEN,Resistant,Resistant,64.0,64.0
ERS381007,Klebsiella pneumoniae,Klebsiella pneumoniae,0.9902684516470912,ERR486359,ENA_SAMEA2273612,GEN,Resistant,Resistant,128.0,64.0
ERS381015,Klebsiella pneumoniae,Klebsiella pneumoniae,0.989248056055953,ERR486366,ENA_SAMEA2273620,GEN,Susceptible,Susceptible,0.5,0.5
ERS381020,Klebsiella pneumoniae,Klebsiella variicola,0.9901223129673192,ERR486370,ENA_SAMEA2273625,GEN,Resistant,Resistant,8.0,8.0
ERS381028,Klebsiella pneumoniae,Klebsiella variicola,0.9929239158925464,ERR486764,ENA_SAMEA2273633,GEN,Resistant,Resistant,8.0,8.0
ERS381032,Klebsiella pneumoniae,Klebsiella pneumoniae,0.9902625546471688,ERR486379,ENA_SAMEA2273637,GEN,Resistant,Resistant,256.0,64.0
ERS381033,Klebsiella pneumoniae,Klebsiella pneumoniae,0.9906772233773492,ERR474467,ENA_SAMEA2273638,GEN,Resistant,Resistant,256.0,64.0
ERS381035,Klebsiella pneumoniae,Klebsiella pneumoniae,0.9894474132025548,ERR486766,ENA_SAMEA2273640,GEN,Susceptible,Susceptible,0.5,0.5
ERS381037,Klebsiella pneumoniae,Klebsiella pneumoniae,0.9902313864126884,ERR474468,ENA_SAMEA2273642,GEN,Susceptible,Susceptible,1.0,1.0
ERS381054,Klebsiella pneumoniae,Klebsiella pneumoniae,0.9897922865338232,ERR474483,ENA_SAMEA2273659,GEN,Susceptible,Susceptible,0.5,0.5
ERS381057,Klebsiella pneumoniae,Klebsiella pneumoniae,0.9898338868937286,ERR486770,ENA_SAMEA2273662,GEN,Resistant,Resistant,64.0,64.0
ERS381068,Klebsiella pneumoniae,Klebsiella pneumoniae,0.9898879003484504,ERR474494,ENA_SAMEA2273673,GEN,Susceptible,Susceptible,0.5,0.5
ERS381072,Klebsiella pneumoniae,Klebsiella variicola,0.9899070669569668,ERR474498,ENA_SAMEA2273677,GEN,Susceptible,Susceptible,0.5,0.5
ERS381076,Klebsiella pneumoniae,Klebsiella pneumoniae,0.9898622636291048,ERR474500,ENA_SAMEA2273681,GEN,Resistant,Resistant,128.0,64.0
ERS381085,Klebsiella pneumoniae,Klebsiella pneumoniae,0.9904423939531156,ERR474508,ENA_SAMEA2273690,GEN,Susceptible,Susceptible,0.5,0.5
ERS381088,Klebsiella pneumoniae,Klebsiella pneumoniae,0.989327527287556,ERR486776,ENA_SAMEA2273693,GEN,Resistant,Resistant,64.0,64.0
ERS381101,Klebsiella pneumoniae,Klebsiella pneumoniae,0.9892607995619755,ERR474520,ENA_SAMEA2273706,GEN,Resistant,Resistant,128.0,64.0
ERS381111,Klebsiella pneumoniae,Klebsiella pneumoniae,0.9899476537900528,ERR486781,ENA_SAMEA2273716,GEN,Resistant,Resistant,128.0,64.0
ERS381126,Klebsiella pneumoniae,Klebsiella pneumoniae,0.989981854811315,ERR486787,ENA_SAMEA2273731,GEN,Susceptible,Susceptible,0.25,0.25
ERS381127,Klebsiella pneumoniae,Klebsiella pneumoniae,0.9899980370165452,ERR486788,ENA_SAMEA2273732,GEN,Susceptible,Susceptible,0.25,0.25
ERS381130,Klebsiella pneumoniae,Klebsiella pneumoniae,0.9897943270453108,ERR474538,ENA_SAMEA2273735,GEN,Resistant,Resistant,128.0,64.0
ERS381137,Klebsiella pneumoniae,Klebsiella pneumoniae,0.9902834458440372,ERR474543,ENA_SAMEA2273742,GEN,Susceptible,Susceptible,0.5,0.5
ERS381143,Klebsiella pneumoniae,Klebsiella pneumoniae,0.9897717035845724,ERR474547,ENA_SAMEA2273748,GEN,Resistant,Resistant,64.0,64.0
ERS381158,Klebsiella pneumoniae,Klebsiella pneumoniae,0.9893879091929896,ERR486798,ENA_SAMEA2273763,GEN,Resistant,Resistant,64.0,64.0
ERS381168,Klebsiella pneumoniae,Klebsiella pneumoniae,0.9897524212709076,ERR486799,ENA_SAMEA2273773,GEN,Susceptible,Susceptible,0.25,0.25
ERS381173,Klebsiella pneumoniae,Klebsiella pneumoniae,0.9902652383416378,ERR486390,ENA_SAMEA2273778,GEN,Susceptible,Susceptible,0.25,0.25
ERS381181,Klebsiella pneumoniae,Klebsiella pneumoniae,0.9899237920735396,ERR486396,ENA_SAMEA2273786,GEN,Susceptible,Susceptible,0.5,0.5
ERS381194,Klebsiella pneumoniae,Klebsiella pneumoniae,0.9902432136839274,ERR486407,ENA_SAMEA2273799,GEN,Susceptible,Susceptible,0.5,0.5
ERS381195,Klebsiella pneumoniae,Klebsiella pneumoniae,0.9890743394188702,ERR486408,ENA_SAMEA2273800,GEN,Resistant,Resistant,256.0,64.0
ERS381203,Klebsiella pneumoniae,Klebsiella pneumoniae,0.9895884540583936,ERR486416,ENA_SAMEA2273808,GEN,Resistant,Resistant,64.0,64.0
ERS381207,Klebsiella pneumoniae,Klebsiella pneumoniae,0.9893060225565844,ERR486420,ENA_SAMEA2273812,GEN,Resistant,Resistant,64.0,64.0
ERS381243,Klebsiella pneumoniae,Klebsiella pneumoniae,0.990808825328706,ERR486456,ENA_SAMEA2273848,GEN,Susceptible,Susceptible,0.25,0.25
ERS381250,Klebsiella pneumoniae,Klebsiella pneumoniae,0.989800813453006,ERR486463,ENA_SAMEA2273855,GEN,Resistant,Resistant,128.0,64.0
ERS381258,Klebsiella pneumoniae,Klebsiella pneumoniae,0.9888967923293704,ERR486470,ENA_SAMEA2273863,GEN,Resistant,Resistant,8.0,8.0
ERS381261,Klebsiella pneumoniae,Klebsiella pneumoniae,0.9901990365984048,ERR486500,ENA_SAMEA2273866,GEN,Resistant,Resistant,128.0,64.0
ERS381263,Klebsiella pneumoniae,Klebsiella pneumoniae,0.9894038426123546,ERR486502,ENA_SAMEA2273868,GEN,Resistant,Resistant,64.0,64.0
ERS381272,Klebsiella pneumoniae,Klebsiella pneumoniae,0.9902470849424552,ERR486510,ENA_SAMEA2273877,GEN,Susceptible,Susceptible,0.25,0.25
ERS381275,Klebsiella pneumoniae,Klebsiella pneumoniae,0.9884996944102316,ERR486513,ENA_SAMEA2273880,GEN,Susceptible,Susceptible,1.0,1.0
ERS390966,Neisseria gonorrhoeae,Neisseria gonorrhoeae,0.9967383323118956,ERR502238,ENA_SAMEA2298508,TET,Intermediate,Susceptible,0.75,1.0
ERS390967,Neisseria gonorrhoeae,Neisseria gonorrhoeae,0.99720860931603,ERR502239,ENA_SAMEA2298509,TET,Susceptible,Susceptible,0.125,0.12
ERS393275,Staphylococcus aureus,Staphylococcus aureus,0.9926261106352786,ERR410046,ENA_SAMEA2335081,ERY,Susceptible,Susceptible,,
ERS393285,Staphylococcus aureus,Staphylococcus aureus,0.9822744919248808,ERR410056,ENA_SAMEA2335091,ERY,Susceptible,Susceptible,,
ERS393319,Staphylococcus aureus,Staphylococcus aureus,0.9859862386845566,ERR410090,ENA_SAMEA2335125,ERY,Susceptible,Susceptible,,
ERS393320,Staphylococcus aureus,Staphylococcus aureus,0.982086788301974,ERR410091,ENA_SAMEA2335126,ERY,Susceptible,Susceptible,,
ERS393327,Staphylococcus aureus,Staphylococcus aureus,0.9878009223356912,ERR410098,ENA_SAMEA2335133,ERY,Susceptible,Susceptible,,
ERS393333,Staphylococcus aureus,Staphylococcus aureus,0.993354108159009,ERR410104,ENA_SAMEA2335139,ERY,Susceptible,Susceptible,,
ERS393335,Staphylococcus aureus,Staphylococcus aureus,0.9884926784846456,ERR410106,ENA_SAMEA2335141,ERY,Resistant,Resistant,,
ERS393336,Staphylococcus aureus,Staphylococcus aureus,0.9937257814510618,ERR410107,ENA_SAMEA2335142,ERY,Susceptible,Susceptible,,
ERS393344,Staphylococcus aureus,Staphylococcus aureus,0.9833426204023206,ERR410115,ENA_SAMEA2335150,ERY,Resistant,Resistant,,
ERS393353,Staphylococcus aureus,Staphylococcus aureus,0.9920695597909468,ERR410124,ENA_SAMEA2335159,ERY,Susceptible,Susceptible,,
ERS393360,Staphylococcus aureus,Staphylococcus aureus,0.9937413326918354,ERR410131,ENA_SAMEA2335166,ERY,Susceptible,Susceptible,,
ERS397508,Staphylococcus aureus,Staphylococcus aureus,0.9827922539417812,ERR418320,ENA_SAMEA2339837,ERY,Resistant,Resistant,,
ERS397509,Staphylococcus aureus,Staphylococcus aureus,0.982830822800562,ERR418321,ENA_SAMEA2339838,ERY,Resistant,Resistant,,
ERS397512,Staphylococcus aureus,Staphylococcus aureus,0.9828524503879604,ERR418324,ENA_SAMEA2339841,ERY,Resistant,Resistant,,
ERS397518,Staphylococcus aureus,Staphylococcus aureus,0.9878374343882396,ERR418330,ENA_SAMEA2339847,ERY,Resistant,Resistant,,
ERS397521,Staphylococcus aureus,Staphylococcus aureus,0.987877143138042,ERR418333,ENA_SAMEA2339850,ERY,Resistant,Resistant,,
ERS397522,Staphylococcus aureus,Staphylococcus aureus,0.982850090215834,ERR418334,ENA_SAMEA2339851,ERY,Resistant,Resistant,,
ERS397523,Staphylococcus aureus,Staphylococcus aureus,0.9828275648306548,ERR418335,ENA_SAMEA2339852,ERY,Resistant,Resistant,,
ERS397524,Staphylococcus aureus,Staphylococcus aureus,0.9828388254582346,ERR418336,ENA_SAMEA2339853,ERY,Resistant,Resistant,,
ERS397530,Staphylococcus aureus,Staphylococcus aureus,0.9879470481949872,ERR418342,ENA_SAMEA2339859,ERY,Resistant,Resistant,,
ERS397531,Staphylococcus aureus,Staphylococcus aureus,0.9828684136634984,ERR418343,ENA_SAMEA2339860,ERY,Resistant,Resistant,,
ERS397532,Staphylococcus aureus,Staphylococcus aureus,0.9828402939462204,ERR418344,ENA_SAMEA2339861,ERY,Resistant,Resistant,,
ERS397534,Staphylococcus aureus,Staphylococcus aureus,0.9831913057476288,ERR418346,ENA_SAMEA2339863,ERY,Resistant,Resistant,,
ERS397537,Staphylococcus aureus,Staphylococcus aureus,0.9829913624954753,ERR418349,ENA_SAMEA2339866,ERY,Resistant,Resistant,,
ERS397539,Staphylococcus aureus,Staphylococcus aureus,0.9829889616353517,ERR418351,ENA_SAMEA2339868,ERY,Resistant,Resistant,,
ERS397540,Staphylococcus aureus,Staphylococcus aureus,0.9880360418885156,ERR418352,ENA_SAMEA2339869,ERY,Susceptible,Susceptible,,
ERS397545,Staphylococcus aureus,Staphylococcus aureus,0.9879926011694592,ERR418357,ENA_SAMEA2339874,ERY,Resistant,Resistant,,
ERS397548,Staphylococcus aureus,Staphylococcus aureus,0.9878484577981376,ERR418360,ENA_SAMEA2339877,ERY,Resistant,Resistant,,
ERS397555,Staphylococcus aureus,Staphylococcus aureus,0.9828355637588588,ERR418367,ENA_SAMEA2339884,ERY,Resistant,Resistant,,
ERS397558,Staphylococcus aureus,Staphylococcus aureus,0.983190811169022,ERR418370,ENA_SAMEA2339887,ERY,Resistant,Resistant,,
ERS397560,Staphylococcus aureus,Staphylococcus aureus,0.9878553986459886,ERR418372,ENA_SAMEA2339889,ERY,Resistant,Resistant,,
ERS397563,Staphylococcus aureus,Staphylococcus aureus,0.9828337846063496,ERR418375,ENA_SAMEA2339892,ERY,Resistant,Resistant,,
ERS397568,Staphylococcus aureus,Staphylococcus aureus,0.9879874310661356,ERR418380,ENA_SAMEA2339897,ERY,Resistant,Resistant,,
ERS397572,Staphylococcus aureus,Staphylococcus aureus,0.9828665552326128,ERR418384,ENA_SAMEA2339901,ERY,Resistant,Resistant,,
ERS397575,Staphylococcus aureus,Staphylococcus aureus,0.9833618627687282,ERR418387,ENA_SAMEA2339904,ERY,Susceptible,Susceptible,,
ERS397576,Staphylococcus aureus,Staphylococcus aureus,0.9833909457044392,ERR418388,ENA_SAMEA2339905,ERY,Susceptible,Susceptible,,
ERS397581,Staphylococcus aureus,Staphylococcus aureus,0.9836203050100456,ERR418393,ENA_SAMEA2339910,ERY,Susceptible,Susceptible,,
ERS397582,Staphylococcus aureus,Staphylococcus aureus,0.9833530679564644,ERR418394,ENA_SAMEA2339911,ERY,Susceptible,Susceptible,,
ERS397584,Staphylococcus aureus,Staphylococcus aureus,0.9883240287025788,ERR418396,ENA_SAMEA2339913,ERY,Susceptible,Susceptible,,
ERS397594,Staphylococcus aureus,Staphylococcus aureus,0.9987346798311674,ERR418406,ENA_SAMEA2339923,ERY,Susceptible,Susceptible,,
ERS397597,Staphylococcus aureus,Staphylococcus aureus,0.9881306221490608,ERR418409,ENA_SAMEA2339926,ERY,Resistant,Resistant,,
ERS397599,Staphylococcus aureus,Staphylococcus aureus,0.992645528482493,ERR418411,ENA_SAMEA2339928,ERY,Susceptible,Susceptible,,
ERS397605,Staphylococcus aureus,Staphylococcus aureus,0.9832861690484044,ERR418417,ENA_SAMEA2339934,ERY,Susceptible,Susceptible,,
ERS397607,Staphylococcus aureus,Staphylococcus aureus,0.9924302615100552,ERR418419,ENA_SAMEA2339936,ERY,Susceptible,Susceptible,,
ERS397608,Staphylococcus aureus,Staphylococcus aureus,0.9923406108466462,ERR418420,ENA_SAMEA2339937,ERY,Susceptible,Susceptible,,
ERS397615,Staphylococcus aureus,Staphylococcus aureus,0.9873577780329148,ERR418427,ENA_SAMEA2339944,ERY,Susceptible,Susceptible,,
ERS397621,Staphylococcus aureus,Staphylococcus aureus,0.9842265499847496,ERR418433,ENA_SAMEA2339950,ERY,Susceptible,Susceptible,,
ERS397622,Staphylococcus aureus,Staphylococcus aureus,0.9986598334319858,ERR418434,ENA_SAMEA2339951,ERY,Susceptible,Susceptible,,
ERS397624,Staphylococcus aureus,Staphylococcus aureus,0.9937598652532598,ERR418436,ENA_SAMEA2339953,ERY,Susceptible,Susceptible,,
ERS397628,Staphylococcus aureus,Staphylococcus aureus,0.99230521835741,ERR418440,ENA_SAMEA2339957,ERY,Susceptible,Susceptible,,
ERS397629,Staphylococcus aureus,Staphylococcus aureus,0.993679240228464,ERR418441,ENA_SAMEA2339958,ERY,Susceptible,Susceptible,,
ERS397633,Staphylococcus aureus,Staphylococcus aureus,0.9882339234671136,ERR418445,ENA_SAMEA2339962,ERY,Susceptible,Susceptible,,
ERS397634,Staphylococcus aureus,Staphylococcus aureus,0.9987258125625914,ERR418446,ENA_SAMEA2339963,ERY,Susceptible,Susceptible,,
ERS397651,Staphylococcus aureus,Staphylococcus aureus,0.9923325211778729,ERR418463,ENA_SAMEA2339980,ERY,Susceptible,Susceptible,,
ERS397655,Staphylococcus aureus,Staphylococcus aureus,0.9842444372534538,ERR418467,ENA_SAMEA2339984,ERY,Susceptible,Susceptible,,
ERS397656,Staphylococcus aureus,Staphylococcus aureus,0.987844879257517,ERR418468,ENA_SAMEA2339985,ERY,Resistant,Resistant,,
ERS397658,Staphylococcus aureus,Staphylococcus aureus,0.993690321584488,ERR418470,ENA_SAMEA2339987,ERY,Susceptible,Susceptible,,
ERS397665,Staphylococcus aureus,Staphylococcus aureus,0.9925491327458228,ERR418477,ENA_SAMEA2339994,ERY,Susceptible,Susceptible,,
ERS397671,Staphylococcus aureus,Staphylococcus aureus,0.9926274079985742,ERR418483,ENA_SAMEA2340000,ERY,Susceptible,Susceptible,,
ERS397680,Staphylococcus aureus,Staphylococcus aureus,0.9923711855557672,ERR418492,ENA_SAMEA2340009,ERY,Susceptible,Susceptible,,
ERS397681,Staphylococcus aureus,Staphylococcus aureus,0.9926329213347804,ERR418493,ENA_SAMEA2340010,ERY,Susceptible,Susceptible,,
ERS397684,Staphylococcus aureus,Staphylococcus aureus,0.9825752896831051,ERR418496,ENA_SAMEA2340013,ERY,Susceptible,Susceptible,,
ERS397688,Staphylococcus aureus,Staphylococcus aureus,0.9925620391850526,ERR418500,ENA_SAMEA2340017,ERY,Susceptible,Susceptible,,
ERS397691,Staphylococcus aureus,Staphylococcus aureus,0.987655998780024,ERR418503,ENA_SAMEA2340020,ERY,Resistant,Resistant,,
ERS397694,Staphylococcus aureus,Staphylococcus aureus,0.9930130433945668,ERR418506,ENA_SAMEA2340023,ERY,Resistant,Resistant,,
ERS397696,Staphylococcus aureus,Staphylococcus aureus,0.9836205025179212,ERR418508,ENA_SAMEA2340025,ERY,Susceptible,Susceptible,,
ERS397699,Staphylococcus aureus,Staphylococcus aureus,0.9933707264519138,ERR418511,ENA_SAMEA2340028,ERY,Susceptible,Susceptible,,
ERS397701,Staphylococcus aureus,Staphylococcus aureus,0.9934111746463772,ERR418513,ENA_SAMEA2340030,ERY,Susceptible,Susceptible,,
ERS397708,Staphylococcus aureus,Staphylococcus aureus,0.9932607760282433,ERR418520,ENA_SAMEA2340037,ERY,Susceptible,Susceptible,,
ERS397713,Staphylococcus aureus,Staphylococcus aureus,0.9937298101521224,ERR418525,ENA_SAMEA2340042,ERY,Susceptible,Susceptible,,
ERS397719,Staphylococcus aureus,Staphylococcus aureus,0.9839734063833802,ERR418531,ENA_SAMEA2340048,ERY,Resistant,Resistant,,
ERS397720,Staphylococcus aureus,Staphylococcus aureus,0.9838862014441744,ERR418532,ENA_SAMEA2340049,ERY,Resistant,Resistant,,
ERS397722,Staphylococcus aureus,Staphylococcus aureus,0.9861116410105208,ERR418534,ENA_SAMEA2340051,ERY,Susceptible,Susceptible,,
ERS397726,Staphylococcus aureus,Staphylococcus aureus,0.9878519371261644,ERR418538,ENA_SAMEA2340055,ERY,Susceptible,Susceptible,,
ERS397727,Staphylococcus aureus,Staphylococcus aureus,0.9923113695903746,ERR418539,ENA_SAMEA2340056,ERY,Susceptible,Susceptible,,
ERS397728,Staphylococcus aureus,Staphylococcus aureus,0.998968378385204,ERR418540,ENA_SAMEA2340057,ERY,Susceptible,Susceptible,,
ERS397734,Staphylococcus aureus,Staphylococcus aureus,0.9936319553669348,ERR418546,ENA_SAMEA2340063,ERY,Susceptible,Susceptible,,
ERS397736,Staphylococcus aureus,Staphylococcus aureus,0.9878395240904208,ERR418548,ENA_SAMEA2340065,ERY,Susceptible,Susceptible,,
ERS397741,Staphylococcus aureus,Staphylococcus aureus,0.9928247045864104,ERR418553,ENA_SAMEA2340070,ERY,Susceptible,Susceptible,,
ERS397752,Staphylococcus aureus,Staphylococcus aureus,0.9929800694590728,ERR418564,ENA_SAMEA2340081,ERY,Susceptible,Susceptible,,
ERS397755,Staphylococcus aureus,Staphylococcus aureus,0.992271627543166,ERR418567,ENA_SAMEA2340084,ERY,Susceptible,Susceptible,,
ERS397756,Staphylococcus aureus,Staphylococcus aureus,0.9880850456874654,ERR418568,ENA_SAMEA2340085,ERY,Susceptible,Susceptible,,
ERS397758,Staphylococcus aureus,Staphylococcus aureus,0.993592425653458,ERR418570,ENA_SAMEA2340087,ERY,Susceptible,Susceptible,,
ERS397760,Staphylococcus aureus,Staphylococcus aureus,0.993500318115324,ERR418572,ENA_SAMEA2340089,ERY,Susceptible,Susceptible,,
ERS397770,Staphylococcus aureus,Staphylococcus aureus,0.9878167741373466,ERR418582,ENA_SAMEA2340099,ERY,Susceptible,Susceptible,,
ERS397774,Staphylococcus aureus,Staphylococcus aureus,0.9925457918627796,ERR418586,ENA_SAMEA2340103,ERY,Susceptible,Susceptible,,
ERS397776,Staphylococcus aureus,Staphylococcus aureus,0.9832208287160152,ERR418588,ENA_SAMEA2340105,ERY,Susceptible,Susceptible,,
ERS397781,Staphylococcus aureus,Staphylococcus aureus,0.9985106869193612,ERR418593,ENA_SAMEA2340110,ERY,Susceptible,Susceptible,,
ERS397785,Staphylococcus aureus,Staphylococcus aureus,0.9924331838995676,ERR418597,ENA_SAMEA2340114,ERY,Susceptible,Susceptible,,
ERS397788,Staphylococcus aureus,Staphylococcus aureus,0.9926192733934572,ERR418600,ENA_SAMEA2340117,ERY,Susceptible,Susceptible,,
ERS397810,Staphylococcus aureus,Staphylococcus aureus,0.9933043811077068,ERR418622,ENA_SAMEA2340139,ERY,Susceptible,Susceptible,,
ERS397811,Staphylococcus aureus,Staphylococcus aureus,0.9923496294197092,ERR418623,ENA_SAMEA2340140,ERY,Susceptible,Susceptible,,
ERS397814,Staphylococcus aureus,Staphylococcus aureus,0.9831645846190435,ERR418626,ENA_SAMEA2340143,ERY,Susceptible,Susceptible,,
ERS397818,Staphylococcus aureus,Staphylococcus aureus,0.9879775168384056,ERR418630,ENA_SAMEA2340147,ERY,Susceptible,Susceptible,,
ERS397831,Staphylococcus aureus,Staphylococcus aureus,0.9923988229966452,ERR418643,ENA_SAMEA2340160,ERY,Susceptible,Susceptible,,
ERS397833,Staphylococcus aureus,Staphylococcus aureus,0.9879753910917646,ERR418645,ENA_SAMEA2340162,ERY,Susceptible,Susceptible,,
ERS397836,Staphylococcus aureus,Staphylococcus aureus,0.9877376208306932,ERR418648,ENA_SAMEA2340165,ERY,Susceptible,Susceptible,,
ERS397845,Staphylococcus aureus,Staphylococcus aureus,0.9820521678296106,ERR418657,ENA_SAMEA2340174,ERY,Susceptible,Susceptible,,
ERS397848,Staphylococcus aureus,Staphylococcus aureus,0.9830864037923112,ERR418660,ENA_SAMEA2340177,ERY,Susceptible,Susceptible,,
ERS397850,Staphylococcus aureus,Staphylococcus aureus,0.9874599983034872,ERR418662,ENA_SAMEA2340179,ERY,Resistant,Resistant,,
ERS397852,Staphylococcus aureus,Staphylococcus aureus,0.993297823768192,ERR418664,ENA_SAMEA2340181,ERY,Susceptible,Susceptible,,
ERS397856,Staphylococcus aureus,Staphylococcus aureus,0.982170092230548,ERR418668,ENA_SAMEA2340185,ERY,Susceptible,Susceptible,,
ERS397861,Staphylococcus aureus,Staphylococcus aureus,0.982003568738517,ERR418673,ENA_SAMEA2340190,ERY,Susceptible,Susceptible,,
ERS397866,Staphylococcus aureus,Staphylococcus aureus,0.9820868760343932,ERR418678,ENA_SAMEA2340195,ERY,Susceptible,Susceptible,,
ERS397868,Staphylococcus aureus,Staphylococcus aureus,0.9830027274455836,ERR418680,ENA_SAMEA2340197,ERY,Susceptible,Susceptible,,
ERS397873,Staphylococcus aureus,Staphylococcus aureus,0.993344136970709,ERR418685,ENA_SAMEA2340202,ERY,Susceptible,Susceptible,,
ERS397879,Staphylococcus aureus,Staphylococcus aureus,0.9878074888312351,ERR418691,ENA_SAMEA2340208,ERY,Resistant,Resistant,,
ERS397880,Staphylococcus aureus,Staphylococcus aureus,0.9931870435395992,ERR418692,ENA_SAMEA2340209,ERY,Susceptible,Susceptible,,
ERS397881,Staphylococcus aureus,Staphylococcus aureus,0.9983840673153792,ERR418693,ENA_SAMEA2340210,ERY,Susceptible,Susceptible,,
ERS397884,Staphylococcus aureus,Staphylococcus aureus,0.9933004950063656,ERR418696,ENA_SAMEA2340213,ERY,Susceptible,Susceptible,,
ERS397885,Staphylococcus aureus,Staphylococcus aureus,0.9935130535388732,ERR418697,ENA_SAMEA2340214,ERY,Susceptible,Susceptible,,
ERS397887,Staphylococcus aureus,Staphylococcus aureus,0.9935136756372918,ERR418699,ENA_SAMEA2340216,ERY,Susceptible,Susceptible,,
ERS397890,Staphylococcus aureus,Staphylococcus aureus,0.9820579303025926,ERR418702,ENA_SAMEA2340219,ERY,Susceptible,Susceptible,,
ERS397891,Staphylococcus aureus,Staphylococcus aureus,0.992402779406308,ERR418703,ENA_SAMEA2340220,ERY,Susceptible,Susceptible,,
ERS397892,Staphylococcus aureus,Staphylococcus aureus,0.9850959371726612,ERR418704,ENA_SAMEA2340221,ERY,Susceptible,Susceptible,,
ERS397894,Staphylococcus aureus,Staphylococcus aureus,0.9858141580164148,ERR418706,ENA_SAMEA2340223,ERY,Susceptible,Susceptible,,
ERS397895,Staphylococcus aureus,Staphylococcus aureus,0.9833525184813594,ERR418707,ENA_SAMEA2340224,ERY,Susceptible,Susceptible,,
ERS397897,Staphylococcus aureus,Staphylococcus aureus,0.9878163438355364,ERR418709,ENA_SAMEA2340226,ERY,Susceptible,Susceptible,,
ERS397909,Staphylococcus aureus,Staphylococcus aureus,0.9925564738544528,ERR418721,ENA_SAMEA2340238,ERY,Susceptible,Susceptible,,
ERS397913,Staphylococcus aureus,Staphylococcus aureus,0.986047627387074,ERR418725,ENA_SAMEA2340242,ERY,Susceptible,Susceptible,,
ERS397922,Staphylococcus aureus,Staphylococcus aureus,0.987844879257517,ERR418734,ENA_SAMEA2340251,ERY,Resistant,Resistant,,
ERS397927,Staphylococcus aureus,Staphylococcus aureus,0.9935594564079268,ERR418739,ENA_SAMEA2340256,ERY,Susceptible,Susceptible,,
ERS397931,Staphylococcus aureus,Staphylococcus aureus,0.9937049132167995,ERR418743,ENA_SAMEA2340260,ERY,Susceptible,Susceptible,,
ERS397932,Staphylococcus aureus,Staphylococcus aureus,0.983307702630358,ERR418744,ENA_SAMEA2340261,ERY,Susceptible,Susceptible,,
ERS397933,Staphylococcus aureus,Staphylococcus aureus,0.9824487068614146,ERR418745,ENA_SAMEA2340262,ERY,Resistant,Resistant,,
ERS397935,Staphylococcus aureus,Staphylococcus aureus,0.9878180677880396,ERR418747,ENA_SAMEA2340264,ERY,Susceptible,Susceptible,,
ERS397938,Staphylococcus aureus,Staphylococcus aureus,0.987844879257517,ERR418750,ENA_SAMEA2340267,ERY,Resistant,Resistant,,
ERS397941,Staphylococcus aureus,Staphylococcus aureus,0.9878565920557084,ERR418753,ENA_SAMEA2340270,ERY,Resistant,Resistant,,
ERS397952,Staphylococcus aureus,Staphylococcus aureus,0.9933418079330302,ERR418764,ENA_SAMEA2340281,ERY,Susceptible,Susceptible,,
ERS397955,Staphylococcus aureus,Staphylococcus aureus,0.9935534167907912,ERR418767,ENA_SAMEA2340284,ERY,Resistant,Resistant,,
ERS397957,Staphylococcus aureus,Staphylococcus aureus,0.9926112418366378,ERR418769,ENA_SAMEA2340286,ERY,Susceptible,Susceptible,,
ERS397958,Staphylococcus aureus,Staphylococcus aureus,0.9921278635131924,ERR418770,ENA_SAMEA2340287,ERY,Resistant,Resistant,,
ERS397969,Staphylococcus aureus,Staphylococcus aureus,0.9833623957717352,ERR418781,ENA_SAMEA2340298,ERY,Susceptible,Susceptible,,
ERS397970,Staphylococcus aureus,Staphylococcus aureus,0.9833758850297186,ERR418782,ENA_SAMEA2340299,ERY,Susceptible,Susceptible,,
ERS397972,Staphylococcus aureus,Staphylococcus aureus,0.982958991933263,ERR418784,ENA_SAMEA2340301,ERY,Susceptible,Susceptible,,
ERS397976,Staphylococcus aureus,Staphylococcus aureus,0.983601092549647,ERR418788,ENA_SAMEA2340305,ERY,Susceptible,Susceptible,,
ERS397982,Staphylococcus aureus,Staphylococcus aureus,0.982443075266031,ERR418794,ENA_SAMEA2340311,ERY,Resistant,Resistant,,
ERS397987,Staphylococcus aureus,Staphylococcus aureus,0.9830625576968032,ERR418799,ENA_SAMEA2340316,ERY,Resistant,Resistant,,
ERS397990,Staphylococcus aureus,Staphylococcus aureus,0.9831191974849364,ERR418802,ENA_SAMEA2340319,ERY,Resistant,Resistant,,
ERS397992,Staphylococcus aureus,Staphylococcus aureus,0.9845816322329212,ERR418804,ENA_SAMEA2340321,ERY,Resistant,Resistant,,
ERS397999,Staphylococcus aureus,Staphylococcus aureus,0.9882002895106128,ERR418811,ENA_SAMEA2340328,ERY,Susceptible,Susceptible,,
ERS398005,Staphylococcus aureus,Staphylococcus aureus,0.9985776317224816,ERR418817,ENA_SAMEA2340334,ERY,Susceptible,Susceptible,,
ERS398046,Staphylococcus aureus,Staphylococcus aureus,0.9822939503823612,ERR418858,ENA_SAMEA2340375,ERY,Susceptible,Susceptible,,
ERS398050,Staphylococcus aureus,Staphylococcus aureus,0.9884146253351191,ERR418862,ENA_SAMEA2340379,ERY,Susceptible,Susceptible,,
ERS398052,Staphylococcus aureus,Staphylococcus aureus,0.9886123302416824,ERR418864,ENA_SAMEA2340381,ERY,Susceptible,Susceptible,,
ERS398055,Staphylococcus aureus,Staphylococcus aureus,0.9835975069666428,ERR418867,ENA_SAMEA2340384,ERY,Susceptible,Susceptible,,
ERS398056,Staphylococcus aureus,Staphylococcus aureus,0.9836567776983504,ERR418868,ENA_SAMEA2340385,ERY,Susceptible,Susceptible,,
ERS398057,Staphylococcus aureus,Staphylococcus aureus,0.9836356054100772,ERR418869,ENA_SAMEA2340386,ERY,Susceptible,Susceptible,,
ERS398060,Staphylococcus aureus,Staphylococcus aureus,0.982999280414408,ERR418872,ENA_SAMEA2340389,ERY,Resistant,Resistant,,
ERS398065,Staphylococcus aureus,Staphylococcus aureus,0.98348046788005,ERR418877,ENA_SAMEA2340394,ERY,Susceptible,Susceptible,,
ERS398066,Staphylococcus aureus,Staphylococcus aureus,0.9830726917012568,ERR418878,ENA_SAMEA2340395,ERY,Resistant,Resistant,,
ERS398076,Staphylococcus aureus,Staphylococcus aureus,0.9836625058247648,ERR418888,ENA_SAMEA2340405,ERY,Susceptible,Susceptible,,
ERS398083,Staphylococcus aureus,Staphylococcus aureus,0.9879006030496476,ERR418895,ENA_SAMEA2340412,ERY,Resistant,Resistant,,
ERS398088,Staphylococcus aureus,Staphylococcus aureus,0.9876549696922288,ERR418900,ENA_SAMEA2340417,ERY,Susceptible,Susceptible,,
ERS398095,Staphylococcus aureus,Staphylococcus aureus,0.9879063146463132,ERR418907,ENA_SAMEA2340424,ERY,Susceptible,Susceptible,,
ERS398111,Staphylococcus aureus,Staphylococcus aureus,0.9935417606204364,ERR418923,ENA_SAMEA2340440,ERY,Susceptible,Susceptible,,
ERS398115,Staphylococcus aureus,Staphylococcus aureus,0.9931906036219448,ERR418927,ENA_SAMEA2340444,ERY,Susceptible,Susceptible,,
ERS398116,Staphylococcus aureus,Staphylococcus aureus,0.9935502783766936,ERR418928,ENA_SAMEA2340445,ERY,Susceptible,Susceptible,,
ERS398117,Staphylococcus aureus,Staphylococcus aureus,0.9934678455714452,ERR418929,ENA_SAMEA2340446,ERY,Susceptible,Susceptible,,
ERS398118,Staphylococcus aureus,Staphylococcus aureus,0.9937573229630052,ERR418930,ENA_SAMEA2340447,ERY,Susceptible,Susceptible,,
ERS398121,Staphylococcus aureus,Staphylococcus aureus,0.9927809040218636,ERR418933,ENA_SAMEA2340450,ERY,Susceptible,Susceptible,,
ERS398126,Staphylococcus aureus,Staphylococcus aureus,0.9920444260105762,ERR418938,ENA_SAMEA2340455,ERY,Susceptible,Susceptible,,
ERS398128,Staphylococcus aureus,Staphylococcus aureus,0.9836929215521676,ERR418940,ENA_SAMEA2340457,ERY,Resistant,Resistant,,
ERS398131,Staphylococcus aureus,Staphylococcus aureus,0.9926202023223508,ERR418943,ENA_SAMEA2340460,ERY,Susceptible,Susceptible,,
ERS398132,Staphylococcus aureus,Staphylococcus aureus,0.99356535724569,ERR418944,ENA_SAMEA2340461,ERY,Susceptible,Susceptible,,
ERS398134,Staphylococcus aureus,Staphylococcus aureus,0.9835400459940308,ERR418946,ENA_SAMEA2340463,ERY,Resistant,Resistant,,
ERS398136,Staphylococcus aureus,Staphylococcus aureus,0.9880419633277352,ERR418948,ENA_SAMEA2340465,ERY,Resistant,Resistant,,
ERS398137,Staphylococcus aureus,Staphylococcus aureus,0.983065862809844,ERR418949,ENA_SAMEA2340466,ERY,Susceptible,Susceptible,,
ERS398142,Staphylococcus aureus,Staphylococcus aureus,0.9826571360480936,ERR418954,ENA_SAMEA2340471,ERY,Resistant,Resistant,,
ERS398143,Staphylococcus aureus,Staphylococcus aureus,0.9878729805345042,ERR418955,ENA_SAMEA2340472,ERY,Resistant,Resistant,,
ERS398145,Staphylococcus aureus,Staphylococcus aureus,0.9878565920557084,ERR418957,ENA_SAMEA2340474,ERY,Resistant,Resistant,,
ERS398150,Staphylococcus aureus,Staphylococcus aureus,0.9987526940357744,ERR418962,ENA_SAMEA2340479,ERY,Susceptible,Susceptible,,
ERS398153,Staphylococcus aureus,Staphylococcus aureus,0.9823976326060132,ERR418965,ENA_SAMEA2340482,ERY,Resistant,Resistant,,
ERS398159,Staphylococcus aureus,Staphylococcus aureus,0.9831135288047766,ERR418971,ENA_SAMEA2340488,ERY,Resistant,Resistant,,
ERS398160,Staphylococcus aureus,Staphylococcus aureus,0.981919838574251,ERR418972,ENA_SAMEA2340489,ERY,Susceptible,Susceptible,,
ERS398162,Staphylococcus aureus,Staphylococcus aureus,0.9879946917146814,ERR418974,ENA_SAMEA2340491,ERY,Resistant,Resistant,,
ERS398165,Staphylococcus aureus,Staphylococcus aureus,0.9989063918066377,ERR418977,ENA_SAMEA2340494,ERY,Susceptible,Susceptible,,
ERS398166,Staphylococcus aureus,Staphylococcus aureus,0.9987608379618932,ERR418978,ENA_SAMEA2340495,ERY,Susceptible,Susceptible,,
ERS398170,Staphylococcus aureus,Staphylococcus aureus,0.9929010401002112,ERR418982,ENA_SAMEA2340499,ERY,Susceptible,Susceptible,,
ERS398174,Staphylococcus aureus,Staphylococcus aureus,0.9924728590804308,ERR418986,ENA_SAMEA2340503,ERY,Susceptible,Susceptible,,
ERS398175,Staphylococcus aureus,Staphylococcus aureus,0.9924728590804308,ERR418987,ENA_SAMEA2340504,ERY,Susceptible,Susceptible,,
ERS398178,Staphylococcus aureus,Staphylococcus aureus,0.9934944837515486,ERR418990,ENA_SAMEA2340507,ERY,Resistant,Resistant,,
ERS398181,Staphylococcus aureus,Staphylococcus aureus,0.9823843239292558,ERR418993,ENA_SAMEA2340510,ERY,Susceptible,Susceptible,,
ERS398186,Staphylococcus aureus,Staphylococcus aureus,0.9835554520819968,ERR418998,ENA_SAMEA2340515,ERY,Susceptible,Susceptible,,
ERS398187,Staphylococcus aureus,Staphylococcus aureus,0.9921362343610214,ERR418999,ENA_SAMEA2340516,ERY,Susceptible,Susceptible,,
ERS398190,Staphylococcus aureus,Staphylococcus aureus,0.9860756414542464,ERR419002,ENA_SAMEA2340519,ERY,Susceptible,Susceptible,,
ERS398192,Staphylococcus aureus,Staphylococcus aureus,0.9860814401937006,ERR419004,ENA_SAMEA2340521,ERY,Susceptible,Susceptible,,
ERS398193,Staphylococcus aureus,Staphylococcus aureus,0.983401487349722,ERR419005,ENA_SAMEA2340522,ERY,Resistant,Resistant,,
ERS398194,Staphylococcus aureus,Staphylococcus aureus,0.9830737404858256,ERR419006,ENA_SAMEA2340523,ERY,Susceptible,Susceptible,,
ERS398199,Staphylococcus aureus,Staphylococcus aureus,0.9984279379912488,ERR419011,ENA_SAMEA2340528,ERY,Resistant,Resistant,,
ERS398202,Staphylococcus aureus,Staphylococcus aureus,0.9857017414477396,ERR419014,ENA_SAMEA2340531,ERY,Susceptible,Susceptible,,
ERS398207,Staphylococcus aureus,Staphylococcus aureus,0.9935744421257848,ERR419019,ENA_SAMEA2340536,ERY,Susceptible,Susceptible,,
ERS398209,Staphylococcus aureus,Staphylococcus aureus,0.9985962908005152,ERR419021,ENA_SAMEA2340538,ERY,Susceptible,Susceptible,,
ERS398213,Staphylococcus aureus,Staphylococcus aureus,0.99887875717843,ERR419025,ENA_SAMEA2340542,ERY,Resistant,Resistant,,
ERS398214,Staphylococcus aureus,Staphylococcus aureus,0.9988913630695188,ERR419026,ENA_SAMEA2340543,ERY,Resistant,Resistant,,
ERS398216,Staphylococcus aureus,Staphylococcus aureus,0.9934613901216496,ERR419028,ENA_SAMEA2340545,ERY,Susceptible,Susceptible,,
ERS398224,Staphylococcus aureus,Staphylococcus aureus,0.982228034212926,ERR419036,ENA_SAMEA2340553,ERY,Susceptible,Susceptible,,
ERS398229,Staphylococcus aureus,Staphylococcus aureus,0.9858076747564046,ERR419041,ENA_SAMEA2340558,ERY,Susceptible,Susceptible,,
ERS398240,Staphylococcus aureus,Staphylococcus aureus,0.9935148295016224,ERR419052,ENA_SAMEA2340569,ERY,Resistant,Resistant,,
ERS398243,Staphylococcus aureus,Staphylococcus aureus,0.9829498289132964,ERR419055,ENA_SAMEA2340572,ERY,Susceptible,Susceptible,,
ERS398244,Staphylococcus aureus,Staphylococcus aureus,0.9833296773062404,ERR419056,ENA_SAMEA2340573,ERY,Susceptible,Susceptible,,
ERS398253,Staphylococcus aureus,Staphylococcus aureus,0.9821644875042358,ERR419065,ENA_SAMEA2340582,ERY,Susceptible,Susceptible,,
ERS398256,Staphylococcus aureus,Staphylococcus aureus,0.9834848093097026,ERR419068,ENA_SAMEA2340585,ERY,Susceptible,Susceptible,,
ERS398259,Staphylococcus aureus,Staphylococcus aureus,0.9927092211482568,ERR419071,ENA_SAMEA2340588,ERY,Resistant,Resistant,,
ERS398262,Staphylococcus aureus,Staphylococcus aureus,0.9922465088963766,ERR419074,ENA_SAMEA2340591,ERY,Susceptible,Susceptible,,
ERS398263,Staphylococcus aureus,Staphylococcus aureus,0.9927005148590512,ERR419075,ENA_SAMEA2340592,ERY,Resistant,Resistant,,
ERS398267,Staphylococcus aureus,Staphylococcus aureus,0.9986903431633912,ERR419079,ENA_SAMEA2340596,ERY,Susceptible,Susceptible,,
ERS398269,Staphylococcus aureus,Staphylococcus aureus,0.9935891398717932,ERR419081,ENA_SAMEA2340598,ERY,Susceptible,Susceptible,,
ERS398271,Staphylococcus aureus,Staphylococcus aureus,0.9936121509523316,ERR419083,ENA_SAMEA2340600,ERY,Susceptible,Susceptible,,
ERS398273,Staphylococcus aureus,Staphylococcus aureus,0.9931744089348704,ERR419085,ENA_SAMEA2340602,ERY,Susceptible,Susceptible,,
ERS398275,Staphylococcus aureus,Staphylococcus aureus,0.9884204388890636,ERR419087,ENA_SAMEA2340604,ERY,Susceptible,Susceptible,,
ERS398277,Staphylococcus aureus,Staphylococcus aureus,0.987823350302286,ERR419089,ENA_SAMEA2340606,ERY,Resistant,Resistant,,
ERS398280,Staphylococcus aureus,Staphylococcus aureus,0.983442306346355,ERR419092,ENA_SAMEA2340609,ERY,Susceptible,Susceptible,,
ERS398281,Staphylococcus aureus,Staphylococcus aureus,0.9834556691065806,ERR419093,ENA_SAMEA2340610,ERY,Susceptible,Susceptible,,
ERS398283,Staphylococcus aureus,Staphylococcus aureus,0.9835005270569546,ERR419095,ENA_SAMEA2340612,ERY,Susceptible,Susceptible,,
ERS398284,Staphylococcus aureus,Staphylococcus aureus,0.981936925083092,ERR419096,ENA_SAMEA2340613,ERY,Susceptible,Susceptible,,
ERS398285,Staphylococcus aureus,Staphylococcus aureus,0.9834896201019242,ERR419097,ENA_SAMEA2340614,ERY,Resistant,Resistant,,
ERS398287,Staphylococcus aureus,Staphylococcus aureus,0.9822760096303598,ERR419099,ENA_SAMEA2340616,ERY,Susceptible,Susceptible,,
ERS398292,Staphylococcus aureus,Staphylococcus aureus,0.9831983574855424,ERR419104,ENA_SAMEA2340621,ERY,Susceptible,Susceptible,,
ERS398293,Staphylococcus aureus,Staphylococcus aureus,0.9932790190257054,ERR419105,ENA_SAMEA2340622,ERY,Susceptible,Susceptible,,
ERS398295,Staphylococcus aureus,Staphylococcus aureus,0.9878567526199236,ERR419107,ENA_SAMEA2340624,ERY,Resistant,Resistant,,
ERS398296,Staphylococcus aureus,Staphylococcus aureus,0.9859254398957084,ERR419108,ENA_SAMEA2340625,ERY,Resistant,Resistant,,
ERS398303,Staphylococcus aureus,Staphylococcus aureus,0.9932790190257054,ERR419115,ENA_SAMEA2340632,ERY,Susceptible,Susceptible,,
ERS398306,Staphylococcus aureus,Staphylococcus aureus,0.9832947930461036,ERR419118,ENA_SAMEA2340635,ERY,Susceptible,Susceptible,,
ERS398307,Staphylococcus aureus,Staphylococcus aureus,0.9822214054797692,ERR419119,ENA_SAMEA2340636,ERY,Susceptible,Susceptible,,
ERS398308,Staphylococcus aureus,Staphylococcus aureus,0.9858148232197508,ERR419120,ENA_SAMEA2340637,ERY,Susceptible,Susceptible,,
ERS398314,Staphylococcus aureus,Staphylococcus aureus,0.998153743279628,ERR419126,ENA_SAMEA2340643,ERY,Susceptible,Susceptible,,
ERS398318,Staphylococcus aureus,Staphylococcus aureus,0.9879268773509416,ERR419130,ENA_SAMEA2340647,ERY,Resistant,Resistant,,
ERS398327,Staphylococcus aureus,Staphylococcus aureus,0.9933081770302348,ERR419139,ENA_SAMEA2340656,ERY,Susceptible,Susceptible,,
ERS398336,Staphylococcus aureus,Staphylococcus aureus,0.9823269372940486,ERR419148,ENA_SAMEA2340665,ERY,Susceptible,Susceptible,,
ERS398337,Staphylococcus aureus,Staphylococcus aureus,0.9857929396134748,ERR419149,ENA_SAMEA2340666,ERY,Susceptible,Susceptible,,
ERS398342,Staphylococcus aureus,Staphylococcus aureus,0.9925583573728136,ERR419154,ENA_SAMEA2340671,ERY,Susceptible,Susceptible,,
ERS398343,Staphylococcus aureus,Staphylococcus aureus,0.9822832929819068,ERR419155,ENA_SAMEA2340672,ERY,Susceptible,Susceptible,,
ERS398345,Staphylococcus aureus,Staphylococcus aureus,0.9984867381460908,ERR419157,ENA_SAMEA2340674,ERY,Susceptible,Susceptible,,
ERS398352,Staphylococcus aureus,Staphylococcus aureus,0.9938760842410124,ERR419164,ENA_SAMEA2340681,ERY,Susceptible,Susceptible,,
ERS398355,Staphylococcus aureus,Staphylococcus aureus,0.993428283980312,ERR419167,ENA_SAMEA2340684,ERY,Susceptible,Susceptible,,
ERS398356,Staphylococcus aureus,Staphylococcus aureus,0.9986762428385528,ERR419168,ENA_SAMEA2340685,ERY,Resistant,Resistant,,
ERS398358,Staphylococcus aureus,Staphylococcus aureus,0.9822714925241636,ERR419170,ENA_SAMEA2340687,ERY,Susceptible,Susceptible,,
ERS398362,Staphylococcus aureus,Staphylococcus aureus,0.9859516668689126,ERR419174,ENA_SAMEA2340691,ERY,Susceptible,Susceptible,,
ERS398363,Staphylococcus aureus,Staphylococcus aureus,0.9925065493537852,ERR419175,ENA_SAMEA2340692,ERY,Susceptible,Susceptible,,
ERS398369,Staphylococcus aureus,Staphylococcus aureus,0.985780657515263,ERR419181,ENA_SAMEA2340698,ERY,Resistant,Resistant,,
ERS398381,Staphylococcus aureus,Staphylococcus aureus,0.9933746022453588,ERR419193,ENA_SAMEA2340710,ERY,Susceptible,Susceptible,,
ERS398387,Staphylococcus aureus,Staphylococcus aureus,0.9922837735973437,ERR419199,ENA_SAMEA2340716,ERY,Susceptible,Susceptible,,
ERS398389,Staphylococcus aureus,Staphylococcus aureus,0.9879781239074944,ERR419201,ENA_SAMEA2340718,ERY,Resistant,Resistant,,
ERS398390,Staphylococcus aureus,Staphylococcus aureus,0.9835136626364293,ERR419202,ENA_SAMEA2340719,ERY,Susceptible,Susceptible,,
ERS398396,Staphylococcus aureus,Staphylococcus aureus,0.9930234425373414,ERR419208,ENA_SAMEA2340725,ERY,Susceptible,Susceptible,,
ERS398398,Staphylococcus aureus,Staphylococcus aureus,0.9832840458275218,ERR419210,ENA_SAMEA2340727,ERY,Susceptible,Susceptible,,
ERS398405,Staphylococcus aureus,Staphylococcus aureus,0.9936321976560336,ERR419217,ENA_SAMEA2340734,ERY,Susceptible,Susceptible,,
ERS398406,Staphylococcus aureus,Staphylococcus aureus,0.9936664931388424,ERR419218,ENA_SAMEA2340735,ERY,Susceptible,Susceptible,,
ERS398408,Staphylococcus aureus,Staphylococcus aureus,0.9835606573175318,ERR419220,ENA_SAMEA2340737,ERY,Susceptible,Susceptible,,
ERS398411,Staphylococcus aureus,Staphylococcus aureus,0.9857518677843904,ERR419223,ENA_SAMEA2340740,ERY,Resistant,Resistant,,
ERS398413,Staphylococcus aureus,Staphylococcus aureus,0.9933746022453588,ERR419225,ENA_SAMEA2340742,ERY,Susceptible,Susceptible,,
ERS398414,Staphylococcus aureus,Staphylococcus aureus,0.9936478282122222,ERR419226,ENA_SAMEA2340743,ERY,Susceptible,Susceptible,,
ERS398424,Staphylococcus aureus,Staphylococcus aureus,0.98369908899725,ERR419236,ENA_SAMEA2340753,ERY,Susceptible,Susceptible,,
ERS433512,Neisseria gonorrhoeae,Neisseria gonorrhoeae,0.9965993893294888,ERR1447948,BVBRC_485.3331,TET,Resistant,Resistant,2.0,2.0
ERS4415829,Escherichia coli,Escherichia coli,0.9777905906902808,ERR4013421,ENA_SAMEA6656361,GEN,Susceptible,Susceptible,2.0,2.0
ERS4415830,Escherichia coli,Escherichia coli,0.973531503979568,ERR4013422,ENA_SAMEA6656362,GEN,Susceptible,Susceptible,2.0,2.0
ERS4415831,Escherichia coli,Escherichia coli,0.9724335679977606,ERR4013423,ENA_SAMEA6656363,GEN,Susceptible,Susceptible,2.0,2.0
ERS4415832,Escherichia coli,Escherichia coli,0.9889956011602956,ERR4013424,ENA_SAMEA6656364,GEN,Susceptible,Susceptible,2.0,2.0
ERS4415833,Escherichia coli,Escherichia coli,0.9970484172175454,ERR4013425,ENA_SAMEA6656365,GEN,Susceptible,Susceptible,2.0,2.0
ERS4415834,Escherichia coli,Escherichia coli,0.977767355017124,ERR4013426,ENA_SAMEA6656366,GEN,Susceptible,Susceptible,2.0,2.0
ERS4415835,Escherichia coli,Escherichia coli,0.9735708543457858,ERR4013427,ENA_SAMEA6656367,GEN,Susceptible,Susceptible,2.0,2.0
ERS4415836,Escherichia coli,Escherichia coli,0.9860530160217832,ERR4013428,ENA_SAMEA6656368,GEN,Susceptible,Susceptible,2.0,2.0
ERS4415837,Escherichia coli,Escherichia coli,0.9726253755388478,ERR4013429,ENA_SAMEA6656369,GEN,Susceptible,Susceptible,2.0,2.0
ERS4415838,Escherichia coli,Escherichia coli,0.9732517769369,ERR4013430,ENA_SAMEA6656370,GEN,Susceptible,Susceptible,2.0,2.0
ERS4415839,Escherichia coli,Escherichia coli,0.9735158406244424,ERR4013431,ENA_SAMEA6656371,GEN,Susceptible,Susceptible,2.0,2.0
ERS4415852,Escherichia coli,Escherichia coli,0.9896983656238584,ERR4013444,ENA_SAMEA6656384,GEN,Susceptible,Susceptible,2.0,2.0
ERS4415853,Escherichia coli,Escherichia coli,0.9891613579466028,ERR4013445,ENA_SAMEA6656385,GEN,Susceptible,Susceptible,2.0,2.0
ERS4415854,Escherichia coli,Escherichia coli,0.9901780777276764,ERR4013446,ENA_SAMEA6656386,GEN,Susceptible,Susceptible,2.0,2.0
ERS4415855,Escherichia coli,Escherichia coli,0.9896449439072896,ERR4013447,ENA_SAMEA6656387,GEN,Susceptible,Susceptible,2.0,2.0
ERS4415856,Escherichia coli,Escherichia coli,0.9887749536671326,ERR4013448,ENA_SAMEA6656388,GEN,Susceptible,Susceptible,2.0,2.0
ERS4415857,Escherichia coli,Escherichia coli,0.9900978540122096,ERR4013449,ENA_SAMEA6656389,GEN,Susceptible,Susceptible,2.0,2.0
ERS4415858,Escherichia coli,Escherichia coli,0.9727819744237814,ERR4013450,ENA_SAMEA6656390,GEN,Susceptible,Susceptible,2.0,2.0
ERS4415859,Escherichia coli,Escherichia coli,0.9744677018175044,ERR4013451,ENA_SAMEA6656391,GEN,Susceptible,Susceptible,2.0,2.0
ERS4415860,Escherichia coli,Escherichia coli,0.9889235572170386,ERR4013452,ENA_SAMEA6656392,GEN,Resistant,Resistant,16.0,16.0
ERS4415861,Escherichia coli,Escherichia coli,0.9809824135515186,ERR4013453,ENA_SAMEA6656393,GEN,Susceptible,Susceptible,2.0,2.0
ERS4415862,Escherichia coli,Escherichia coli,0.9749957807560258,ERR4013454,ENA_SAMEA6656394,GEN,Susceptible,Susceptible,2.0,2.0
ERS4415863,Escherichia coli,Escherichia coli,0.9891273629431324,ERR4013455,ENA_SAMEA6656395,GEN,Susceptible,Susceptible,2.0,2.0
ERS4415864,Escherichia coli,Escherichia coli,0.9899381411108296,ERR4013456,ENA_SAMEA6656396,GEN,Susceptible,Susceptible,2.0,2.0
ERS4415865,Escherichia coli,Escherichia coli,0.989233983663659,ERR4013457,ENA_SAMEA6656397,GEN,Intermediate,Susceptible,4.0,4.0
ERS4415866,Escherichia coli,Escherichia coli,0.9739246422113308,ERR4013458,ENA_SAMEA6656398,GEN,Susceptible,Susceptible,2.0,2.0
ERS4415867,Escherichia coli,Escherichia coli,0.9737522503794582,ERR4013459,ENA_SAMEA6656399,GEN,Susceptible,Susceptible,2.0,2.0
ERS4415868,Escherichia coli,Escherichia coli,0.978017833457734,ERR4013460,ENA_SAMEA6656400,GEN,Susceptible,Susceptible,2.0,2.0
ERS4415869,Escherichia coli,Escherichia coli,0.9896915604311388,ERR4013461,ENA_SAMEA6656401,GEN,Susceptible,Susceptible,2.0,2.0
ERS4415870,Escherichia coli,Escherichia coli,0.9737727484946164,ERR4013462,ENA_SAMEA6656402,GEN,Susceptible,Susceptible,2.0,2.0
ERS4415871,Escherichia coli,Escherichia coli,0.989941514432923,ERR4013463,ENA_SAMEA6656403,GEN,Susceptible,Susceptible,2.0,2.0
ERS4415872,Escherichia coli,Escherichia coli,0.9752628030297474,ERR4013464,ENA_SAMEA6656404,GEN,Susceptible,Susceptible,2.0,2.0
ERS4415873,Escherichia coli,Escherichia coli,0.9896333454092132,ERR4013465,ENA_SAMEA6656405,GEN,Resistant,Resistant,8.0,8.0
ERS482880,Klebsiella pneumoniae,Klebsiella pneumoniae,0.989946880411543,ERR775674,ENA_SAMEA2609362,GEN,Resistant,Resistant,16.0,16.0
ERS482883,Klebsiella pneumoniae,Klebsiella pneumoniae,0.9887794536685778,ERR775675,ENA_SAMEA2609365,GEN,Intermediate,Susceptible,4.0,4.0
ERS482887,Klebsiella pneumoniae,Klebsiella pneumoniae,0.9893082134065494,ERR775677,ENA_SAMEA2609369,GEN,Resistant,Resistant,16.0,16.0
ERS482892,Klebsiella pneumoniae,Klebsiella pneumoniae,0.9883285744217924,ERR775490,ENA_SAMEA2609374,GEN,Resistant,Resistant,16.0,16.0
ERS482927,Klebsiella pneumoniae,Klebsiella pneumoniae,0.9885814677868914,ERR775693,ENA_SAMEA2609409,GEN,Susceptible,Susceptible,1.0,1.0
ERS482934,Klebsiella pneumoniae,Klebsiella pneumoniae,0.9901234775363276,ERR775502,ENA_SAMEA2609416,GEN,Resistant,Resistant,16.0,16.0
ERS482945,Klebsiella pneumoniae,Klebsiella pneumoniae,0.9891398106222375,ERR775509,ENA_SAMEA2609427,GEN,Resistant,Resistant,16.0,16.0
ERS482962,Klebsiella pneumoniae,Klebsiella pneumoniae,0.9891345804779832,ERR775515,ENA_SAMEA2609444,GEN,Resistant,Resistant,16.0,16.0
ERS482965,Klebsiella pneumoniae,Klebsiella pneumoniae,0.9892726340376916,ERR775609,ENA_SAMEA2609447,GEN,Resistant,Resistant,16.0,16.0
ERS482969,Klebsiella pneumoniae,Klebsiella pneumoniae,0.988339824602128,ERR775518,ENA_SAMEA2609451,GEN,Resistant,Resistant,16.0,16.0
ERS482984,Klebsiella pneumoniae,Klebsiella pneumoniae,0.9895902761199652,ERR775620,ENA_SAMEA2609466,GEN,Resistant,Resistant,16.0,16.0
ERS482992,Klebsiella pneumoniae,Klebsiella pneumoniae,0.9884789886247256,ERR775624,ENA_SAMEA2609474,GEN,Resistant,Resistant,16.0,16.0
ERS482995,Klebsiella pneumoniae,Klebsiella pneumoniae,0.9897143614613176,ERR775530,ENA_SAMEA2609477,GEN,Resistant,Resistant,16.0,16.0
ERS483001,Klebsiella pneumoniae,Klebsiella pneumoniae,0.9893419998643332,ERR775629,ENA_SAMEA2609483,GEN,Resistant,Resistant,16.0,16.0
ERS483009,Klebsiella pneumoniae,Klebsiella pneumoniae,0.9898921972641812,ERR775633,ENA_SAMEA2609491,GEN,Susceptible,Susceptible,1.0,1.0
ERS483017,Klebsiella pneumoniae,Klebsiella pneumoniae,0.9891506934699076,ERR775541,ENA_SAMEA2609499,GEN,Resistant,Resistant,16.0,16.0
ERS483018,Klebsiella pneumoniae,Klebsiella pneumoniae,0.989303682666084,ERR775637,ENA_SAMEA2609500,GEN,Resistant,Resistant,16.0,16.0
ERS483022,Klebsiella pneumoniae,Klebsiella pneumoniae,0.9889079929559604,ERR775544,ENA_SAMEA2609504,GEN,Intermediate,Susceptible,4.0,4.0
ERS483025,Klebsiella pneumoniae,Klebsiella pneumoniae,0.9894054440741832,ERR775640,ENA_SAMEA2609507,GEN,Susceptible,Susceptible,1.0,1.0
ERS483026,Klebsiella pneumoniae,Klebsiella pneumoniae,0.9897221563413569,ERR775546,ENA_SAMEA2609508,GEN,Resistant,Resistant,16.0,16.0
ERS483053,Klebsiella pneumoniae,Klebsiella pneumoniae,0.9900091541558446,ERR775653,ENA_SAMEA2609535,GEN,Susceptible,Susceptible,1.0,1.0
ERS483077,Klebsiella pneumoniae,Klebsiella pneumoniae,0.9885867568837152,ERR775666,ENA_SAMEA2609559,GEN,Susceptible,Susceptible,1.0,1.0
ERS483084,Klebsiella pneumoniae,Klebsiella pneumoniae,0.9906343509458756,ERR775669,ENA_SAMEA2609566,GEN,Susceptible,Susceptible,1.0,1.0
ERS746412,Staphylococcus aureus,Staphylococcus aureus,0.9936486241561412,ERR1069937,ENA_SAMEA3448860,ERY,Susceptible,Susceptible,,
ERS746414,Staphylococcus aureus,Staphylococcus aureus,0.9857010709443184,ERR1069939,ENA_SAMEA3448862,ERY,Susceptible,Susceptible,,
ERS746417,Staphylococcus aureus,Staphylococcus aureus,0.9928394533599352,ERR1069942,ENA_SAMEA3448865,ERY,Susceptible,Susceptible,,
ERS746446,Staphylococcus aureus,Staphylococcus aureus,0.9857796612717632,ERR1069971,ENA_SAMEA3448884,ERY,Resistant,Resistant,,
ERS746450,Staphylococcus aureus,Staphylococcus aureus,0.993067333486076,ERR1069975,ENA_SAMEA3448888,ERY,Susceptible,Susceptible,,
ERS746451,Staphylococcus aureus,Staphylococcus aureus,0.9858109220235604,ERR1069976,ENA_SAMEA3448889,ERY,Susceptible,Susceptible,,
ERS746457,Staphylococcus aureus,Staphylococcus aureus,0.9858025634789476,ERR1069982,ENA_SAMEA3448895,ERY,Susceptible,Susceptible,,
ERS746460,Staphylococcus aureus,Staphylococcus aureus,0.99317818921872,ERR1069985,ENA_SAMEA3448898,ERY,Susceptible,Susceptible,,
ERS746470,Staphylococcus aureus,Staphylococcus aureus,0.9929130308466,ERR1069995,ENA_SAMEA3448908,ERY,Susceptible,Susceptible,,
ERS746483,Staphylococcus aureus,Staphylococcus aureus,0.9931595467578168,ERR1070008,ENA_SAMEA3448921,ERY,Susceptible,Susceptible,,
ERS746486,Staphylococcus aureus,Staphylococcus aureus,0.9930291218269388,ERR1070011,ENA_SAMEA3448924,ERY,Susceptible,Susceptible,,
ERS746499,Staphylococcus aureus,Staphylococcus aureus,0.9922998815284868,ERR1070024,ENA_SAMEA3448937,ERY,Susceptible,Susceptible,,
ERS746507,Staphylococcus aureus,Staphylococcus aureus,0.9857810087441098,ERR1070032,ENA_SAMEA3448945,ERY,Susceptible,Susceptible,,
ERS746517,Staphylococcus aureus,Staphylococcus aureus,0.995064120577885,ERR1070042,ENA_SAMEA3448955,ERY,Resistant,Resistant,,
ERS746533,Staphylococcus aureus,Staphylococcus aureus,0.9858096083041452,ERR1069824,ENA_SAMEA3448971,ERY,Susceptible,Susceptible,,
ERS746537,Staphylococcus aureus,Staphylococcus aureus,0.9858611545147926,ERR1069828,ENA_SAMEA3448975,ERY,Susceptible,Susceptible,,
ERS746542,Staphylococcus aureus,Staphylococcus aureus,0.9930551841390028,ERR1069833,ENA_SAMEA3448980,ERY,Susceptible,Susceptible,,
ERS746545,Staphylococcus aureus,Staphylococcus aureus,0.9857860562488172,ERR1069836,ENA_SAMEA3448983,ERY,Susceptible,Susceptible,,
ERS746546,Staphylococcus aureus,Staphylococcus aureus,0.9927051778320756,ERR1069837,ENA_SAMEA3448984,ERY,Susceptible,Susceptible,,
ERS746556,Staphylococcus aureus,Staphylococcus aureus,0.9929963798400792,ERR1069847,ENA_SAMEA3448994,ERY,Susceptible,Susceptible,,
ERS746580,Staphylococcus aureus,Staphylococcus aureus,0.992982290762848,ERR1069871,ENA_SAMEA3449018,ERY,Resistant,Resistant,,
ERS746586,Staphylococcus aureus,Staphylococcus aureus,0.9930582168941082,ERR1069877,ENA_SAMEA3449024,ERY,Intermediate,Susceptible,,
ERS746592,Staphylococcus aureus,Staphylococcus aureus,0.9858280760088723,ERR1069883,ENA_SAMEA3449030,ERY,Susceptible,Susceptible,,
ERS746596,Staphylococcus aureus,Staphylococcus aureus,0.9933995177219148,ERR1069887,ENA_SAMEA3449034,ERY,Susceptible,Susceptible,,
ERS746601,Staphylococcus aureus,Staphylococcus aureus,0.9931361407094949,ERR1069892,ENA_SAMEA3449039,ERY,Susceptible,Susceptible,,
ERS746628,Staphylococcus aureus,Staphylococcus aureus,0.9858197513146504,ERR1070066,ENA_SAMEA3449066,ERY,Susceptible,Susceptible,,
ERS746629,Staphylococcus aureus,Staphylococcus aureus,0.992404706394956,ERR1070067,ENA_SAMEA3449067,ERY,Susceptible,Susceptible,,
ERS746665,Staphylococcus aureus,Staphylococcus aureus,0.9922390378354324,ERR1070103,ENA_SAMEA3449103,ERY,Susceptible,Susceptible,,
ERS804719,Neisseria gonorrhoeae,Neisseria gonorrhoeae,0.997047239725822,ERR976912,ENA_SAMEA3497570,TET,Susceptible,Susceptible,0.25,0.25
ERS804722,Neisseria gonorrhoeae,Neisseria gonorrhoeae,0.997010891854738,ERR976915,ENA_SAMEA3497573,TET,Resistant,Resistant,12.0,16.0
ERS804768,Neisseria gonorrhoeae,Neisseria gonorrhoeae,0.9971306807369088,ERR976961,ENA_SAMEA3497619,TET,Resistant,Resistant,8.0,8.0
ERS804772,Neisseria gonorrhoeae,Neisseria gonorrhoeae,0.9971190520819035,ERR976965,ENA_SAMEA3497623,TET,Resistant,Resistant,16.0,16.0
ERS838894,Escherichia coli,Klebsiella pneumoniae,0.9904938573457264,ERR1218638,ENA_SAMEA3531745,GEN,Susceptible,Susceptible,1.0,1.0
ERS838958,Klebsiella pneumoniae,Klebsiella pneumoniae,0.9907156527842714,ERR1218738,ENA_SAMEA3531809,GEN,Resistant,Resistant,16.0,16.0
ERS838991,Klebsiella pneumoniae,Klebsiella pneumoniae,0.9893296257143288,ERR1218574,ENA_SAMEA3531842,GEN,Resistant,Resistant,16.0,16.0
ERS839016,Escherichia coli,Klebsiella pneumoniae,0.990548145075929,ERR1218722,ENA_SAMEA3531867,GEN,Resistant,Resistant,16.0,16.0
ERS839027,Klebsiella pneumoniae,Klebsiella pneumoniae,0.98969393417294,ERR1218765,ENA_SAMEA3531878,GEN,Resistant,Resistant,16.0,16.0
ERS839033,Klebsiella pneumoniae,Klebsiella quasipneumoniae,0.9914519334804394,ERR1218771,ENA_SAMEA3531884,GEN,Resistant,Resistant,8.0,8.0
ERS839034,Klebsiella pneumoniae,Klebsiella pneumoniae,0.990794363874134,ERR1218772,ENA_SAMEA3531885,GEN,Resistant,Resistant,16.0,16.0
ERS839047,Klebsiella pneumoniae,Klebsiella pneumoniae,0.9899552332867086,ERR1218779,ENA_SAMEA3531898,GEN,Susceptible,Susceptible,1.0,1.0
ERS979396,Neisseria gonorrhoeae,Neisseria gonorrhoeae,0.9974225609107356,ERR1143670,ENA_SAMEA3672247,TET,Susceptible,Susceptible,0.25,0.25
ERS979412,Neisseria gonorrhoeae,Neisseria gonorrhoeae,0.9962887129036144,ERR1143686,ENA_SAMEA3672263,TET,Resistant,Resistant,16.0,16.0
SRS1009816,Salmonella enterica,Salmonella enterica,0.9909009264640768,SRR2125022,ENA_SAMN03291668,GEN,Susceptible,Susceptible,0.5,0.5
SRS1014684,Salmonella enterica,Salmonella enterica,0.9897313288012856,SRR2131386,ENA_SAMN02894002,GEN,Resistant,Resistant,16.0,16.0
SRS1016970,Klebsiella pneumoniae,Klebsiella pneumoniae,0.9895335744116208,SRR2134680,ENA_SAMN03892120,GEN,Intermediate,Susceptible,4.0,4.0
SRS1016971,Klebsiella pneumoniae,Klebsiella pneumoniae,0.989121324434507,SRR2134679,ENA_SAMN03892119,GEN,Resistant,Resistant,8.0,8.0
SRS1016975,Escherichia coli,Escherichia coli,0.9862594568392458,SRR2134675,ENA_SAMN03892127,GEN,Susceptible,Susceptible,1.0,1.0
SRS1016976,Klebsiella pneumoniae,Klebsiella pneumoniae,0.9891254350456772,SRR2134674,ENA_SAMN03892126,GEN,Susceptible,Susceptible,1.0,1.0
SRS1021776,Escherichia coli,Escherichia coli,0.9725490401539092,SRR2239575,ENA_SAMN03177615,GEN,Susceptible,Susceptible,0.5,0.5
SRS1022562,Salmonella enterica,Salmonella enterica,0.9930402986613974,SRR2143425,ENA_SAMN03842238,GEN,Resistant,Resistant,16.0,16.0
SRS1022613,Salmonella enterica,Salmonella enterica,0.993174487379195,SRR2143475,ENA_SAMN03842229,GEN,Susceptible,Susceptible,0.5,0.5
SRS1022614,Salmonella enterica,Salmonella enterica,0.991621996213102,SRR2143474,ENA_SAMN03842228,GEN,Susceptible,Susceptible,0.5,0.5
SRS1022650,Escherichia coli,Escherichia coli,0.9715271441870904,SRR2239586,ENA_SAMN03177626,GEN,Susceptible,Susceptible,1.0,1.0
SRS1022664,Escherichia coli,Escherichia coli,0.97259950491702,SRR2239579,ENA_SAMN03177618,GEN,Susceptible,Susceptible,1.0,1.0
SRS1022754,Escherichia coli,Escherichia coli,0.972073975743706,SRR2239580,ENA_SAMN03177620,GEN,Susceptible,Susceptible,1.0,1.0
SRS1022772,Escherichia coli,Escherichia coli,0.972445885440756,SRR2239638,ENA_SAMN03177678,GEN,Susceptible,Susceptible,0.5,0.5
SRS1022791,Escherichia coli,Escherichia coli,0.9721811190990352,SRR2239614,ENA_SAMN03177654,GEN,Resistant,Resistant,16.0,16.0
SRS1022800,Escherichia coli,Escherichia coli,0.9727575267312212,SRR2239643,ENA_SAMN03177683,GEN,Susceptible,Susceptible,0.5,0.5
SRS1022814,Escherichia coli,Escherichia coli,0.972611314464592,SRR2239639,ENA_SAMN03177679,GEN,Susceptible,Susceptible,1.0,1.0
SRS1022839,Escherichia coli,Escherichia coli,0.973324829492211,SRR2239637,ENA_SAMN03177677,GEN,Susceptible,Susceptible,1.0,1.0
SRS1022842,Escherichia coli,Escherichia coli,0.9726528269643212,SRR2239618,ENA_SAMN03177658,GEN,Susceptible,Susceptible,1.0,1.0
SRS1022851,Escherichia coli,Escherichia coli,0.970919658334538,SRR2239626,ENA_SAMN03177666,GEN,Resistant,Resistant,16.0,16.0
SRS1022853,Escherichia coli,Escherichia coli,0.9726277872188906,SRR2239615,ENA_SAMN03177655,GEN,Susceptible,Susceptible,1.0,1.0
SRS1022864,Escherichia coli,Escherichia coli,0.9718223914568572,SRR2239612,ENA_SAMN03177652,GEN,Susceptible,Susceptible,0.5,0.5
SRS1022874,Escherichia coli,Escherichia coli,0.9724179194046768,SRR2239611,ENA_SAMN03177651,GEN,Susceptible,Susceptible,0.5,0.5
SRS1022886,Escherichia coli,Escherichia coli,0.9728900107708376,SRR2239610,ENA_SAMN03177650,GEN,Susceptible,Susceptible,1.0,1.0
SRS1022896,Escherichia coli,Escherichia coli,0.972375986982332,SRR2239590,ENA_SAMN03177630,GEN,Susceptible,Susceptible,0.5,0.5
SRS1022906,Escherichia coli,Escherichia coli,0.9722322678751016,SRR2239603,ENA_SAMN03177643,GEN,Susceptible,Susceptible,1.0,1.0
SRS1022914,Escherichia coli,Escherichia coli,0.9722272513823652,SRR2239582,ENA_SAMN03177622,GEN,Susceptible,Susceptible,1.0,1.0
SRS1022953,Escherichia coli,Escherichia coli,0.9722968270534288,SRR2239602,ENA_SAMN03177642,GEN,Susceptible,Susceptible,1.0,1.0
SRS1022959,Escherichia coli,Escherichia coli,0.9719220583570988,SRR2239594,ENA_SAMN03177634,GEN,Susceptible,Susceptible,0.5,0.5
SRS1022963,Escherichia coli,Escherichia coli,0.9727607310034132,SRR2239596,ENA_SAMN03177636,GEN,Susceptible,Susceptible,1.0,1.0
SRS1022968,Escherichia coli,Escherichia coli,0.9718670798825356,SRR2239598,ENA_SAMN03177638,GEN,Susceptible,Susceptible,1.0,1.0
SRS1022974,Escherichia coli,Escherichia coli,0.9711349422229976,SRR2239644,ENA_SAMN03177684,GEN,Susceptible,Susceptible,1.0,1.0
SRS1022981,Escherichia coli,Escherichia coli,0.97305936637902,SRR2239625,ENA_SAMN03177665,GEN,Susceptible,Susceptible,0.5,0.5
SRS1022987,Escherichia coli,Escherichia coli,0.9725844033555612,SRR2239581,ENA_SAMN03177621,GEN,Susceptible,Susceptible,0.5,0.5
SRS1022994,Escherichia coli,Escherichia coli,0.9723361627056708,SRR2239632,ENA_SAMN03177672,GEN,Susceptible,Susceptible,1.0,1.0
SRS1023014,Escherichia coli,Escherichia coli,0.9704739345595652,SRR2239578,ENA_SAMN03177619,GEN,Susceptible,Susceptible,0.5,0.5
SRS1023019,Escherichia coli,Escherichia coli,0.972845386498186,SRR2239631,ENA_SAMN03177671,GEN,Susceptible,Susceptible,0.5,0.5
SRS1023026,Escherichia coli,Escherichia coli,0.9721464048884428,SRR2239633,ENA_SAMN03177673,GEN,Susceptible,Susceptible,1.0,1.0
SRS1023041,Escherichia coli,Escherichia coli,0.9721528406410148,SRR2239616,ENA_SAMN03177656,GEN,Susceptible,Susceptible,2.0,2.0
SRS1023047,Escherichia coli,Escherichia coli,0.9724995299739116,SRR2239617,ENA_SAMN03177657,GEN,Susceptible,Susceptible,1.0,1.0
SRS1023048,Escherichia coli,Escherichia coli,0.9734088165129962,SRR2239608,ENA_SAMN03177648,GEN,Susceptible,Susceptible,1.0,1.0
SRS1023052,Escherichia coli,Escherichia coli,0.9727373222261668,SRR2239589,ENA_SAMN03177629,GEN,Susceptible,Susceptible,1.0,1.0
SRS1023061,Escherichia coli,Escherichia coli,0.9720263849264608,SRR2239607,ENA_SAMN03177647,GEN,Susceptible,Susceptible,1.0,1.0
SRS1023070,Escherichia coli,Escherichia coli,0.9723501396093924,SRR2239588,ENA_SAMN03177628,GEN,Susceptible,Susceptible,1.0,1.0
SRS1023076,Escherichia coli,Escherichia coli,0.9722066343970798,SRR2239645,ENA_SAMN03177685,GEN,Susceptible,Susceptible,1.0,1.0
SRS1023085,Escherichia coli,Escherichia coli,0.9720209748337088,SRR2239587,ENA_SAMN03177627,GEN,Susceptible,Susceptible,1.0,1.0
SRS1023091,Escherichia coli,Escherichia coli,0.9723287137904154,SRR2239585,ENA_SAMN03177625,GEN,Susceptible,Susceptible,1.0,1.0
SRS1023098,Escherichia coli,Escherichia coli,0.9713277644239676,SRR2239583,ENA_SAMN03177623,GEN,Susceptible,Susceptible,1.0,1.0
SRS1023100,Escherichia coli,Escherichia coli,0.9727369464113595,SRR2239613,ENA_SAMN03177653,GEN,Susceptible,Susceptible,1.0,1.0
SRS1023107,Escherichia coli,Escherichia coli,0.972563494526474,SRR2239584,ENA_SAMN03177624,GEN,Susceptible,Susceptible,1.0,1.0
SRS1023704,Escherichia coli,Escherichia coli,0.9751297639655124,SRR2239650,ENA_SAMN03177690,GEN,Susceptible,Susceptible,1.0,1.0
SRS1023705,Escherichia coli,Escherichia coli,0.9732935657511734,SRR2239591,ENA_SAMN03177631,GEN,Susceptible,Susceptible,1.0,1.0
SRS1023706,Escherichia coli,Escherichia coli,0.9735749080150838,SRR2239629,ENA_SAMN03177669,GEN,Susceptible,Susceptible,1.0,1.0
SRS1023707,Escherichia coli,Escherichia coli,0.9715033166203272,SRR2239630,ENA_SAMN03177670,GEN,Susceptible,Susceptible,0.5,0.5
SRS1023708,Escherichia coli,Escherichia coli,0.9724727470642248,SRR2239600,ENA_SAMN03177640,GEN,Susceptible,Susceptible,1.0,1.0
SRS1023709,Escherichia coli,Escherichia coli,0.97150834611043,SRR2239621,ENA_SAMN03177661,GEN,Susceptible,Susceptible,1.0,1.0
SRS1023710,Escherichia coli,Escherichia coli,0.9726797869200065,SRR2239599,ENA_SAMN03177639,GEN,Susceptible,Susceptible,0.5,0.5
SRS1023713,Escherichia coli,Escherichia coli,0.9722063552519616,SRR2239595,ENA_SAMN03177635,GEN,Susceptible,Susceptible,0.5,0.5
SRS1023714,Escherichia coli,Escherichia coli,0.972906163380074,SRR2239620,ENA_SAMN03177660,GEN,Susceptible,Susceptible,1.0,1.0
SRS1023715,Escherichia coli,Escherichia coli,0.9722187153783536,SRR2239605,ENA_SAMN03177645,GEN,Susceptible,Susceptible,1.0,1.0
SRS1023716,Escherichia coli,Escherichia coli,0.9721415890852322,SRR2239606,ENA_SAMN03177646,GEN,Susceptible,Susceptible,1.0,1.0
SRS1023717,Escherichia coli,Escherichia coli,0.9723003639902584,SRR2239597,ENA_SAMN03177637,GEN,Susceptible,Susceptible,0.5,0.5
SRS1023718,Escherichia coli,Escherichia coli,0.97209713971951,SRR2239623,ENA_SAMN03177663,GEN,Susceptible,Susceptible,1.0,1.0
SRS1023719,Escherichia coli,Escherichia coli,0.9718209980143492,SRR2239627,ENA_SAMN03177667,GEN,Susceptible,Susceptible,1.0,1.0
SRS1023720,Escherichia coli,Escherichia coli,0.9735749080150838,SRR2239628,ENA_SAMN03177668,GEN,Susceptible,Susceptible,1.0,1.0
SRS1023721,Escherichia coli,Escherichia coli,0.9714626133025578,SRR2239646,ENA_SAMN03177686,GEN,Susceptible,Susceptible,1.0,1.0
SRS1023722,Escherichia coli,Escherichia coli,0.9716439711061964,SRR2239647,ENA_SAMN03177687,GEN,Susceptible,Susceptible,1.0,1.0
SRS1023723,Escherichia coli,Escherichia coli,0.9716355270120476,SRR2239648,ENA_SAMN03177688,GEN,Susceptible,Susceptible,0.5,0.5
SRS1023725,Escherichia coli,Escherichia coli,0.972157331030816,SRR2239622,ENA_SAMN03177662,GEN,Susceptible,Susceptible,1.0,1.0
SRS1023755,Escherichia coli,Escherichia coli,0.9720937752221908,SRR2239649,ENA_SAMN03177689,GEN,Resistant,Resistant,16.0,16.0
SRS1023756,Escherichia coli,Escherichia coli,0.9721916400870084,SRR2239593,ENA_SAMN03177633,GEN,Susceptible,Susceptible,1.0,1.0
SRS1023757,Escherichia coli,Escherichia coli,0.9721820967892554,SRR2239592,ENA_SAMN03177632,GEN,Susceptible,Susceptible,0.5,0.5
SRS1023758,Escherichia coli,Escherichia coli,0.9724825538418138,SRR2239604,ENA_SAMN03177644,GEN,Susceptible,Susceptible,1.0,1.0
SRS1023759,Escherichia coli,Escherichia coli,0.9728932665000014,SRR2239609,ENA_SAMN03177649,GEN,Susceptible,Susceptible,0.5,0.5
SRS1023760,Escherichia coli,Escherichia coli,0.9729198470934888,SRR2239576,ENA_SAMN03177616,GEN,Susceptible,Susceptible,1.0,1.0
SRS1023761,Escherichia coli,Escherichia coli,0.9721965580457524,SRR2239642,ENA_SAMN03177682,GEN,Susceptible,Susceptible,1.0,1.0
SRS1023762,Escherichia coli,Escherichia coli,0.9702041485490694,SRR2239577,ENA_SAMN03177617,GEN,Susceptible,Susceptible,0.5,0.5
SRS1023763,Escherichia coli,Escherichia coli,0.9723230894932712,SRR2239640,ENA_SAMN03177680,GEN,Susceptible,Susceptible,0.5,0.5
SRS1023764,Escherichia coli,Escherichia coli,0.9719456432729204,SRR2239641,ENA_SAMN03177681,GEN,Susceptible,Susceptible,1.0,1.0
SRS1023765,Escherichia coli,Escherichia coli,0.9727380003214112,SRR2239624,ENA_SAMN03177664,GEN,Susceptible,Susceptible,2.0,2.0
SRS1023766,Escherichia coli,Escherichia coli,0.9721728758660736,SRR2239635,ENA_SAMN03177675,GEN,Susceptible,Susceptible,1.0,1.0
SRS1023767,Escherichia coli,Escherichia coli,0.9726635672134694,SRR2239619,ENA_SAMN03177659,GEN,Susceptible,Susceptible,1.0,1.0
SRS1023768,Escherichia coli,Escherichia coli,0.9733518319971391,SRR2239636,ENA_SAMN03177676,GEN,Susceptible,Susceptible,1.0,1.0
SRS1023769,Escherichia coli,Escherichia coli,0.9721477001482404,SRR2239601,ENA_SAMN03177641,GEN,Susceptible,Susceptible,1.0,1.0
SRS1023770,Escherichia coli,Escherichia coli,0.972750867546461,SRR2239634,ENA_SAMN03177674,GEN,Susceptible,Susceptible,1.0,1.0
SRS1029803,Salmonella enterica,Salmonella enterica,0.9914008566869136,SRR2156584,ENA_SAMN03842248,GEN,Resistant,Resistant,16.0,16.0
SRS1051663,Escherichia coli,Escherichia coli,0.971256806215764,SRR2976833,ENA_SAMN04022943,GEN,Resistant,Resistant,16.0,16.0
SRS1051664,Escherichia coli,Escherichia coli,0.9864949911189546,SRR2976832,ENA_SAMN04022942,GEN,Susceptible,Susceptible,0.5,0.5
SRS1051665,Escherichia coli,Escherichia coli,0.9860989100438186,SRR2976834,ENA_SAMN04022944,GEN,Susceptible,Susceptible,1.0,1.0
SRS1051666,Pseudomonas aeruginosa,Pseudomonas aeruginosa,0.9900388491639052,SRR2976835,ENA_SAMN04022945,CAZ,Susceptible,Susceptible,6.0,8.0
SRS1051669,Escherichia coli,Escherichia coli,0.974660185518238,SRR2976836,ENA_SAMN04022946,GEN,Susceptible,Susceptible,1.0,1.0
SRS1052083,Salmonella enterica,Salmonella enterica,0.9857826747450472,SRR2226943,ENA_SAMN04025715,GEN,Susceptible,Susceptible,0.5,0.5
SRS1052086,Salmonella enterica,Salmonella enterica,0.985773520691608,SRR2226944,ENA_SAMN04025721,GEN,Susceptible,Susceptible,0.5,0.5
SRS1059968,Pseudomonas aeruginosa,Acinetobacter baumannii,0.9834596895931046,SRR2299415,ENA_SAMN04040115,CAZ,Intermediate,Resistant,28.0,32.0
SRS1069062,Salmonella enterica,Salmonella enterica,0.9854811722017324,SRR2407789,ENA_SAMN03988469,GEN,Resistant,Resistant,16.0,16.0
SRS1069064,Salmonella enterica,Salmonella enterica,0.9873498078811476,SRR2407787,ENA_SAMN03988467,GEN,Resistant,Resistant,16.0,16.0
SRS1069069,Salmonella enterica,Salmonella enterica,0.9916319349941768,SRR2407782,ENA_SAMN03988462,GEN,Susceptible,Susceptible,0.25,0.25
SRS1069083,Salmonella enterica,Salmonella enterica,0.9979380378269987,SRR2407768,ENA_SAMN03988448,GEN,Susceptible,Susceptible,0.25,0.25
SRS1069085,Salmonella enterica,Salmonella enterica,0.9944808637050176,SRR2407766,ENA_SAMN03988446,GEN,Resistant,Resistant,16.0,16.0
SRS1069087,Salmonella enterica,Salmonella enterica,0.9894698466327926,SRR2407764,ENA_SAMN03988444,GEN,Susceptible,Susceptible,0.25,0.25
SRS1069094,Salmonella enterica,Salmonella enterica,0.9877632635810384,SRR2407757,ENA_SAMN03988437,GEN,Susceptible,Susceptible,0.5,0.5
SRS1069095,Salmonella enterica,Salmonella enterica,0.99176419549227,SRR2407756,ENA_SAMN03988436,GEN,Susceptible,Susceptible,0.5,0.5
SRS1069103,Salmonella enterica,Salmonella enterica,0.9869377921364212,SRR2407748,ENA_SAMN03988428,GEN,Susceptible,Susceptible,0.5,0.5
SRS1069107,Salmonella enterica,Salmonella enterica,0.987597274365046,SRR2407744,ENA_SAMN03988424,GEN,Susceptible,Susceptible,0.5,0.5
SRS1069114,Salmonella enterica,Salmonella enterica,0.9897832003877916,SRR2407737,ENA_SAMN03988417,GEN,Susceptible,Susceptible,0.25,0.25
SRS1069115,Salmonella enterica,Salmonella enterica,0.9891686212981676,SRR2407736,ENA_SAMN03988416,GEN,Susceptible,Susceptible,1.0,1.0
SRS1069116,Salmonella enterica,Salmonella enterica,0.9894862758174852,SRR2407735,ENA_SAMN03988415,GEN,Susceptible,Susceptible,1.0,1.0
SRS1069120,Salmonella enterica,Salmonella enterica,0.991627989039506,SRR2407731,ENA_SAMN03988411,GEN,Susceptible,Susceptible,0.5,0.5
SRS1069124,Salmonella enterica,Salmonella enterica,0.997398067118745,SRR2407727,ENA_SAMN03988407,GEN,Susceptible,Susceptible,2.0,2.0
SRS1069127,Salmonella enterica,Salmonella enterica,0.9858718804449084,SRR2407725,ENA_SAMN03988405,GEN,Susceptible,Susceptible,0.5,0.5
SRS1069131,Salmonella enterica,Salmonella enterica,0.989659890814972,SRR2407720,ENA_SAMN03988400,GEN,Resistant,Resistant,8.0,8.0
SRS1069132,Salmonella enterica,Salmonella enterica,0.9866268704950332,SRR2407719,ENA_SAMN03988399,GEN,Resistant,Resistant,16.0,16.0
SRS1069135,Salmonella enterica,Salmonella enterica,0.9984355818050314,SRR2407715,ENA_SAMN03988395,GEN,Susceptible,Susceptible,0.25,0.25
SRS1069136,Salmonella enterica,Salmonella enterica,0.9943658139535,SRR2407716,ENA_SAMN03988396,GEN,Resistant,Resistant,16.0,16.0
SRS1069143,Salmonella enterica,Salmonella enterica,0.9876088262951482,SRR2407707,ENA_SAMN03988387,GEN,Susceptible,Susceptible,0.5,0.5
SRS1069170,Salmonella enterica,Salmonella enterica,0.9917700290126648,SRR2407681,ENA_SAMN03988361,GEN,Susceptible,Susceptible,0.5,0.5
SRS1069190,Salmonella enterica,Salmonella enterica,0.986799443450166,SRR2407661,ENA_SAMN03988341,GEN,Susceptible,Susceptible,0.5,0.5
SRS1069195,Salmonella enterica,Salmonella enterica,0.9888879833624784,SRR2407656,ENA_SAMN03988336,GEN,Resistant,Resistant,16.0,16.0
SRS1069197,Salmonella enterica,Salmonella enterica,0.9854995291356644,SRR2407654,ENA_SAMN03988334,GEN,Susceptible,Susceptible,0.5,0.5
SRS1069204,Salmonella enterica,Salmonella enterica,0.9875105183772228,SRR2407648,ENA_SAMN03988328,GEN,Susceptible,Susceptible,0.25,0.25
SRS1069205,Salmonella enterica,Salmonella enterica,0.997699669414049,SRR2407646,ENA_SAMN03988326,GEN,Resistant,Resistant,16.0,16.0
SRS1069206,Salmonella enterica,Salmonella enterica,0.9975146925540364,SRR2407645,ENA_SAMN03988325,GEN,Resistant,Resistant,16.0,16.0
SRS1069220,Salmonella enterica,Salmonella enterica,0.991430470388696,SRR2407632,ENA_SAMN03988312,GEN,Resistant,Resistant,16.0,16.0
SRS1069222,Salmonella enterica,Salmonella enterica,0.9898303534652618,SRR2407629,ENA_SAMN03988309,GEN,Susceptible,Susceptible,0.5,0.5
SRS1069223,Salmonella enterica,Salmonella enterica,0.9897397811447723,SRR2407628,ENA_SAMN03988308,GEN,Susceptible,Susceptible,0.5,0.5
SRS1069246,Salmonella enterica,Salmonella enterica,0.998076832015684,SRR2407605,ENA_SAMN03988285,GEN,Susceptible,Susceptible,0.25,0.25
SRS1069250,Salmonella enterica,Salmonella enterica,0.9905965350201588,SRR2407601,ENA_SAMN03988281,GEN,Resistant,Resistant,16.0,16.0
SRS1069252,Salmonella enterica,Salmonella enterica,0.9845117526686392,SRR2407598,ENA_SAMN03988278,GEN,Susceptible,Susceptible,1.0,1.0
SRS1069262,Salmonella enterica,Salmonella enterica,0.9946268615797632,SRR2407589,ENA_SAMN03988269,GEN,Resistant,Resistant,16.0,16.0
SRS1069266,Salmonella enterica,Salmonella enterica,0.9941506925926352,SRR2407585,ENA_SAMN03988265,GEN,Susceptible,Susceptible,0.5,0.5
SRS1069283,Salmonella enterica,Salmonella enterica,0.99796305919925,SRR2407568,ENA_SAMN03988248,GEN,Susceptible,Susceptible,0.5,0.5
SRS1069291,Salmonella enterica,Salmonella enterica,0.9981812016259012,SRR2407560,ENA_SAMN03988240,GEN,Susceptible,Susceptible,0.25,0.25
SRS1069302,Salmonella enterica,Salmonella enterica,0.9913482798977982,SRR2407549,ENA_SAMN03988229,GEN,Resistant,Resistant,16.0,16.0
SRS1069321,Salmonella enterica,Salmonella enterica,0.99123396114311,SRR2407533,ENA_SAMN03988213,GEN,Resistant,Resistant,16.0,16.0
SRS1073937,Escherichia coli,Escherichia coli,0.972920010354904,SRR2449036,ENA_SAMN04096283,GEN,Resistant,Resistant,16.0,16.0
SRS1073939,Escherichia coli,Escherichia coli,0.9862944961067612,SRR2449109,ENA_SAMN04096285,GEN,Resistant,Resistant,16.0,16.0
SRS1073940,Escherichia coli,Escherichia coli,0.9737389609532472,SRR2449085,ENA_SAMN04096284,GEN,Resistant,Resistant,16.0,16.0
SRS1073941,Escherichia coli,Escherichia coli,0.9862105512739424,SRR2449140,ENA_SAMN04096286,GEN,Resistant,Resistant,16.0,16.0
SRS1073945,Escherichia coli,Escherichia coli,0.9864210719302284,SRR2449141,ENA_SAMN04096287,GEN,Resistant,Resistant,16.0,16.0
SRS1073948,Escherichia coli,Escherichia coli,0.986256970670015,SRR2449143,ENA_SAMN04096289,GEN,Resistant,Resistant,16.0,16.0
SRS1073950,Escherichia coli,Escherichia coli,0.9728669691113584,SRR2449142,ENA_SAMN04096288,GEN,Susceptible,Susceptible,1.0,1.0
SRS1073952,Escherichia coli,Escherichia coli,0.9859365671970518,SRR2449254,ENA_SAMN04096278,GEN,Resistant,Resistant,16.0,16.0
SRS1073953,Pseudomonas aeruginosa,Pseudomonas aeruginosa,0.9936216143321532,SRR2449253,ENA_SAMN04096277,CAZ,Susceptible,Susceptible,6.0,8.0
SRS1073954,Klebsiella pneumoniae,Klebsiella pneumoniae,0.990303857264078,SRR2449251,ENA_SAMN04096276,GEN,Resistant,Resistant,16.0,16.0
SRS1073956,Escherichia coli,Escherichia coli,0.9737257908390908,SRR2449248,ENA_SAMN04096292,GEN,Resistant,Resistant,16.0,16.0
SRS1073958,Escherichia coli,Escherichia coli,0.9737192079189776,SRR2449204,ENA_SAMN04096291,GEN,Resistant,Resistant,16.0,16.0
SRS1092622,Salmonella enterica,Salmonella enterica,0.990347967435626,SRR2533458,ENA_SAMN03842295,GEN,Resistant,Resistant,16.0,16.0
SRS1092628,Salmonella enterica,Salmonella enterica,0.9901570089807604,SRR2533454,ENA_SAMN03842300,GEN,Resistant,Resistant,16.0,16.0
SRS1092630,Salmonella enterica,Salmonella enterica,0.9903535170891444,SRR2533452,ENA_SAMN03842299,GEN,Resistant,Resistant,16.0,16.0
SRS1092631,Salmonella enterica,Salmonella enterica,0.9875331912687658,SRR2532631,ENA_SAMN03842291,GEN,Resistant,Resistant,16.0,16.0
SRS1092638,Salmonella enterica,Salmonella enterica,0.990612833842047,SRR2533446,ENA_SAMN03842281,GEN,Resistant,Resistant,16.0,16.0
SRS1092649,Salmonella enterica,Salmonella enterica,0.993132339552496,SRR2533437,ENA_SAMN03842275,GEN,Resistant,Resistant,16.0,16.0
SRS1092651,Salmonella enterica,Salmonella enterica,0.9898443785309976,SRR2532635,ENA_SAMN03842274,GEN,Susceptible,Susceptible,0.25,0.25
SRS1092728,Salmonella enterica,Salmonella enterica,0.9930594681157144,SRR2533383,ENA_SAMN03276117,GEN,Resistant,Resistant,16.0,16.0
SRS1092759,Salmonella enterica,Salmonella enterica,0.987577147109302,SRR2533345,ENA_SAMN03291697,GEN,Susceptible,Susceptible,0.5,0.5
SRS1092761,Salmonella enterica,Salmonella enterica,0.9913265521271054,SRR2533348,ENA_SAMN03291700,GEN,Susceptible,Susceptible,0.5,0.5
SRS1092766,Salmonella enterica,Salmonella enterica,0.9875542514060532,SRR2533346,ENA_SAMN03291698,GEN,Susceptible,Susceptible,0.5,0.5
SRS1092769,Salmonella enterica,Salmonella enterica,0.9944774984578116,SRR2533342,ENA_SAMN03291692,GEN,Resistant,Resistant,16.0,16.0
SRS1092775,Salmonella enterica,Salmonella enterica,0.9913023482901212,SRR2533333,ENA_SAMN03291707,GEN,Resistant,Resistant,16.0,16.0
SRS1092777,Salmonella enterica,Salmonella enterica,0.9912990700654802,SRR2532788,ENA_SAMN03291706,GEN,Resistant,Resistant,8.0,8.0
SRS1092782,Salmonella enterica,Salmonella enterica,0.9873907811828052,SRR2533328,ENA_SAMN03291682,GEN,Resistant,Resistant,16.0,16.0
SRS1092788,Salmonella enterica,Salmonella enterica,0.9913737935264656,SRR2533324,ENA_SAMN03291679,GEN,Susceptible,Susceptible,0.5,0.5
SRS1092789,Salmonella enterica,Salmonella enterica,0.998327870656971,SRR2532791,ENA_SAMN03291678,GEN,Susceptible,Susceptible,0.5,0.5
SRS1092792,Salmonella enterica,Salmonella enterica,0.9896698543472372,SRR2533321,ENA_SAMN03291674,GEN,Susceptible,Susceptible,0.25,0.25
SRS1092795,Salmonella enterica,Salmonella enterica,0.9913664509623876,SRR2533323,ENA_SAMN03291677,GEN,Susceptible,Susceptible,0.5,0.5
SRS1092848,Salmonella enterica,Salmonella enterica,0.9988390256406644,SRR2533460,BVBRC_590.15310,GEN,Resistant,Resistant,16.0,16.0
SRS1092858,Salmonella enterica,Salmonella enterica,0.9931733004669924,SRR2533476,ENA_SAMN03842319,GEN,Susceptible,Susceptible,0.25,0.25
SRS1092920,Salmonella enterica,Salmonella enterica,0.9875102086580344,SRR2533544,ENA_SAMN03842256,GEN,Resistant,Resistant,16.0,16.0
SRS1096253,Escherichia coli,Escherichia coli,0.9737474007587352,SRR2544773,ENA_SAMN04122818,GEN,Resistant,Resistant,16.0,16.0
SRS1096254,Escherichia coli,Escherichia coli,0.9862978766311166,SRR2544771,ENA_SAMN04122816,GEN,Resistant,Resistant,16.0,16.0
SRS1096255,Escherichia coli,Escherichia coli,0.9860406436726904,SRR2544772,ENA_SAMN04122817,GEN,Resistant,Resistant,16.0,16.0
SRS1096256,Escherichia coli,Escherichia coli,0.9862472607403264,SRR2544769,ENA_SAMN04122814,GEN,Resistant,Resistant,16.0,16.0
SRS1096259,Escherichia coli,Escherichia coli,0.9737506935161768,SRR2544770,ENA_SAMN04122815,GEN,Susceptible,Susceptible,1.0,1.0
SRS1096263,Klebsiella pneumoniae,Klebsiella pneumoniae,0.9883555806655976,SRR2544779,ENA_SAMN04122809,GEN,Susceptible,Susceptible,1.0,1.0
SRS1096265,Escherichia coli,Escherichia coli,0.9737422543726308,SRR2544778,ENA_SAMN04122823,GEN,Resistant,Resistant,16.0,16.0
SRS1096267,Escherichia coli,Escherichia coli,0.9857681493653976,SRR2544776,ENA_SAMN04122821,GEN,Resistant,Resistant,16.0,16.0
SRS1096268,Escherichia coli,Escherichia coli,0.9736886693076848,SRR2544775,ENA_SAMN04122820,GEN,Susceptible,Susceptible,1.0,1.0
SRS1096269,Escherichia coli,Escherichia coli,0.986237629630511,SRR2544777,ENA_SAMN04122822,GEN,Resistant,Resistant,16.0,16.0
SRS1096270,Escherichia coli,Escherichia coli,0.9727343802803612,SRR2544774,ENA_SAMN04122819,GEN,Resistant,Resistant,16.0,16.0
SRS1096271,Pseudomonas aeruginosa,Pseudomonas aeruginosa,0.9868553471236096,SRR2544785,ENA_SAMN04122813,CAZ,Intermediate,Susceptible,12.0,16.0
SRS1101905,Salmonella enterica,Salmonella enterica,0.9875492841906628,SRR2567209,ENA_SAMN03894407,GEN,Susceptible,Susceptible,0.5,0.5
SRS1101922,Salmonella enterica,Salmonella enterica,0.9982986385327052,SRR2567196,ENA_SAMN03894394,GEN,Susceptible,Susceptible,0.25,0.25
SRS1101930,Salmonella enterica,Salmonella enterica,0.9979250417267042,SRR2567193,ENA_SAMN03894391,GEN,Susceptible,Susceptible,0.25,0.25
SRS1101938,Salmonella enterica,Salmonella enterica,0.9908468077557828,SRR2567185,ENA_SAMN03894383,GEN,Resistant,Resistant,16.0,16.0
SRS1101940,Salmonella enterica,Salmonella enterica,0.98733930004502,SRR2567183,ENA_SAMN03894381,GEN,Susceptible,Susceptible,0.5,0.5
SRS1101945,Salmonella enterica,Salmonella enterica,0.9917647575606836,SRR2567178,ENA_SAMN03894376,GEN,Susceptible,Susceptible,0.5,0.5
SRS1101946,Salmonella enterica,Salmonella enterica,0.9901157984931874,SRR2567177,ENA_SAMN03894375,GEN,Susceptible,Susceptible,0.5,0.5
SRS1101951,Salmonella enterica,Salmonella enterica,0.9903923797712986,SRR2567172,ENA_SAMN03894370,GEN,Resistant,Resistant,16.0,16.0
SRS1101959,Salmonella enterica,Salmonella enterica,0.9904678659350497,SRR2567164,ENA_SAMN03894362,GEN,Resistant,Resistant,16.0,16.0
SRS1101980,Salmonella enterica,Salmonella enterica,0.9980267265888118,SRR2567148,ENA_SAMN03894346,GEN,Susceptible,Susceptible,0.25,0.25
SRS1101984,Salmonella enterica,Salmonella enterica,0.9892823280408608,SRR2567144,ENA_SAMN03894342,GEN,Susceptible,Susceptible,1.0,1.0
SRS1102004,Salmonella enterica,Salmonella enterica,0.9891440961916592,SRR2567125,ENA_SAMN03894323,GEN,Resistant,Resistant,16.0,16.0
SRS1102016,Salmonella enterica,Salmonella enterica,0.9899083625849496,SRR2567113,ENA_SAMN03894311,GEN,Susceptible,Susceptible,0.25,0.25
SRS1102035,Salmonella enterica,Salmonella enterica,0.9867770428855972,SRR2567094,ENA_SAMN03894292,GEN,Susceptible,Susceptible,0.25,0.25
SRS1102040,Salmonella enterica,Salmonella enterica,0.9901345879298364,SRR2567088,ENA_SAMN03894286,GEN,Resistant,Resistant,16.0,16.0
SRS1102043,Salmonella enterica,Salmonella enterica,0.9900442879059737,SRR2567085,ENA_SAMN03894283,GEN,Susceptible,Susceptible,0.25,0.25
SRS1102045,Salmonella enterica,Salmonella enterica,0.989500039479876,SRR2567083,ENA_SAMN03894281,GEN,Susceptible,Susceptible,0.25,0.25
SRS1102049,Salmonella enterica,Salmonella enterica,0.997851089163546,SRR2567079,ENA_SAMN03894277,GEN,Resistant,Resistant,16.0,16.0
SRS1102056,Salmonella enterica,Salmonella enterica,0.9869959164112552,SRR2567072,ENA_SAMN03894270,GEN,Resistant,Resistant,16.0,16.0
SRS1102060,Salmonella enterica,Salmonella enterica,0.9979263371800488,SRR2567068,ENA_SAMN03894266,GEN,Susceptible,Susceptible,0.25,0.25
SRS1102064,Salmonella enterica,Salmonella enterica,0.9908166320185604,SRR2567064,ENA_SAMN03894262,GEN,Resistant,Resistant,16.0,16.0
SRS1102067,Salmonella enterica,Salmonella enterica,0.98698949614369,SRR2567062,ENA_SAMN03894260,GEN,Susceptible,Susceptible,0.25,0.25
SRS1102069,Salmonella enterica,Salmonella enterica,0.989776573482654,SRR2567059,ENA_SAMN03894257,GEN,Susceptible,Susceptible,0.5,0.5
SRS1102070,Salmonella enterica,Salmonella enterica,0.9872695000919396,SRR2567058,ENA_SAMN03894256,GEN,Susceptible,Susceptible,0.5,0.5
SRS1102071,Salmonella enterica,Salmonella enterica,0.994674521284875,SRR2567057,ENA_SAMN03894255,GEN,Resistant,Resistant,16.0,16.0
SRS1102072,Salmonella enterica,Salmonella enterica,0.994674521284875,SRR2567056,ENA_SAMN03894254,GEN,Resistant,Resistant,16.0,16.0
SRS1102077,Salmonella enterica,Salmonella enterica,0.9935053758053092,SRR2567051,ENA_SAMN03894249,GEN,Susceptible,Susceptible,0.5,0.5
SRS1102085,Salmonella enterica,Salmonella enterica,0.998428348359882,SRR2567047,ENA_SAMN03894245,GEN,Susceptible,Susceptible,0.25,0.25
SRS1102087,Salmonella enterica,Salmonella enterica,0.9936959953031304,SRR2567045,ENA_SAMN03894243,GEN,Resistant,Resistant,16.0,16.0
SRS1102099,Salmonella enterica,Salmonella enterica,0.9906934307393714,SRR2567040,ENA_SAMN03894238,GEN,Susceptible,Susceptible,0.5,0.5
SRS1102100,Salmonella enterica,Salmonella enterica,0.998379964167982,SRR2567041,ENA_SAMN03894239,GEN,Susceptible,Susceptible,0.5,0.5
SRS1102108,Salmonella enterica,Salmonella enterica,0.9981799780474172,SRR2567032,ENA_SAMN03894230,GEN,Susceptible,Susceptible,0.25,0.25
SRS1102111,Salmonella enterica,Salmonella enterica,0.9937607330582038,SRR2567028,ENA_SAMN03894226,GEN,Resistant,Resistant,16.0,16.0
SRS1102114,Salmonella enterica,Salmonella enterica,0.9979302459545272,SRR2567026,ENA_SAMN03894224,GEN,Susceptible,Susceptible,0.25,0.25
SRS1102116,Salmonella enterica,Salmonella enterica,0.9907617571109164,SRR2567023,ENA_SAMN03894221,GEN,Susceptible,Susceptible,0.5,0.5
SRS1102118,Salmonella enterica,Salmonella enterica,0.9981055035471912,SRR2567021,ENA_SAMN03894219,GEN,Susceptible,Susceptible,0.25,0.25
SRS1102125,Salmonella enterica,Salmonella enterica,0.9907695358360338,SRR2567014,ENA_SAMN03894212,GEN,Susceptible,Susceptible,0.5,0.5
SRS1102130,Salmonella enterica,Salmonella enterica,0.9906899418653518,SRR2567010,ENA_SAMN03894208,GEN,Susceptible,Susceptible,0.5,0.5
SRS1102131,Salmonella enterica,Salmonella enterica,0.9877805135657026,SRR2567008,ENA_SAMN03894206,GEN,Resistant,Resistant,16.0,16.0
SRS1102136,Salmonella enterica,Salmonella enterica,0.9934408093874112,SRR2567004,ENA_SAMN03894202,GEN,Susceptible,Susceptible,0.5,0.5
SRS1102138,Salmonella enterica,Salmonella enterica,0.9872194838455584,SRR2567001,ENA_SAMN03894199,GEN,Susceptible,Susceptible,0.5,0.5
SRS1102139,Salmonella enterica,Salmonella enterica,0.9888858245834438,SRR2567000,ENA_SAMN03894198,GEN,Resistant,Resistant,16.0,16.0
SRS1102144,Salmonella enterica,Salmonella enterica,0.9906674021098502,SRR2566994,ENA_SAMN03894192,GEN,Resistant,Resistant,16.0,16.0
SRS1102147,Salmonella enterica,Salmonella enterica,0.9913220249264532,SRR2566993,ENA_SAMN03894191,GEN,Resistant,Resistant,16.0,16.0
SRS1102148,Salmonella enterica,Salmonella enterica,0.9992714276045142,SRR2566992,ENA_SAMN03894190,GEN,Susceptible,Susceptible,0.5,0.5
SRS1102151,Salmonella enterica,Salmonella enterica,0.9896262634077648,SRR2566989,ENA_SAMN03894187,GEN,Resistant,Resistant,16.0,16.0
SRS1102153,Salmonella enterica,Salmonella enterica,0.991334365804809,SRR2566987,ENA_SAMN03894185,GEN,Resistant,Resistant,16.0,16.0
SRS1102155,Salmonella enterica,Salmonella enterica,0.9850337558109854,SRR2566985,ENA_SAMN03894183,GEN,Susceptible,Susceptible,0.5,0.5
SRS1102159,Salmonella enterica,Salmonella enterica,0.9900463784971308,SRR2566981,ENA_SAMN03894179,GEN,Susceptible,Susceptible,0.5,0.5
SRS1102160,Salmonella enterica,Salmonella enterica,0.9867899424186196,SRR2566980,ENA_SAMN03894178,GEN,Susceptible,Susceptible,0.5,0.5
SRS1102161,Salmonella enterica,Salmonella enterica,0.9893627324323044,SRR2566979,ENA_SAMN03894177,GEN,Susceptible,Susceptible,0.5,0.5
SRS1102182,Salmonella enterica,Salmonella enterica,0.9907992598806384,SRR2566958,ENA_SAMN03894156,GEN,Susceptible,Susceptible,1.0,1.0
SRS1102184,Salmonella enterica,Salmonella enterica,0.9899116852613398,SRR2566956,ENA_SAMN03894154,GEN,Susceptible,Susceptible,0.5,0.5
SRS1102193,Salmonella enterica,Salmonella enterica,0.9913429656883184,SRR2566948,ENA_SAMN03894146,GEN,Resistant,Resistant,16.0,16.0
SRS1102194,Salmonella enterica,Salmonella enterica,0.9881352744766152,SRR2566946,ENA_SAMN03894144,GEN,Susceptible,Susceptible,0.5,0.5
SRS1102199,Salmonella enterica,Salmonella enterica,0.9933143085883694,SRR2566941,ENA_SAMN03894139,GEN,Susceptible,Susceptible,0.5,0.5
SRS1102206,Salmonella enterica,Salmonella enterica,0.9980397595292764,SRR2566933,ENA_SAMN03894131,GEN,Susceptible,Susceptible,0.5,0.5
SRS1102210,Salmonella enterica,Salmonella enterica,0.9909806157352185,SRR2566929,ENA_SAMN03894127,GEN,Susceptible,Susceptible,0.5,0.5
SRS1102213,Salmonella enterica,Salmonella enterica,0.9903241292183548,SRR2566926,ENA_SAMN03894124,GEN,Susceptible,Susceptible,0.5,0.5
SRS1102215,Salmonella enterica,Salmonella enterica,0.9918757743019,SRR2566925,ENA_SAMN03894123,GEN,Susceptible,Susceptible,0.5,0.5
SRS1102218,Salmonella enterica,Salmonella enterica,0.989826253090998,SRR2566923,ENA_SAMN03894121,GEN,Susceptible,Susceptible,0.5,0.5
SRS1102226,Salmonella enterica,Salmonella enterica,0.9914160309578112,SRR2566915,ENA_SAMN03894113,GEN,Resistant,Resistant,16.0,16.0
SRS1102234,Salmonella enterica,Salmonella enterica,0.9899116852613398,SRR2566907,ENA_SAMN03894105,GEN,Susceptible,Susceptible,0.5,0.5
SRS1102236,Salmonella enterica,Salmonella enterica,0.997882962170892,SRR2566905,ENA_SAMN03894103,GEN,Susceptible,Susceptible,0.25,0.25
SRS1102249,Salmonella enterica,Salmonella enterica,0.991308905780326,SRR2566891,ENA_SAMN03894089,GEN,Resistant,Resistant,16.0,16.0
SRS1102252,Salmonella enterica,Salmonella enterica,0.9869701603519248,SRR2566889,ENA_SAMN03894087,GEN,Susceptible,Susceptible,1.0,1.0
SRS1102256,Salmonella enterica,Salmonella enterica,0.9906250241838768,SRR2566885,ENA_SAMN03894083,GEN,Susceptible,Susceptible,0.5,0.5
SRS1102259,Salmonella enterica,Salmonella enterica,0.9869185917938664,SRR2566882,ENA_SAMN03894080,GEN,Susceptible,Susceptible,0.5,0.5
SRS1102264,Salmonella enterica,Salmonella enterica,0.9872291026172187,SRR2566877,ENA_SAMN03894075,GEN,Susceptible,Susceptible,0.5,0.5
SRS1102265,Salmonella enterica,Salmonella enterica,0.987222735246066,SRR2566876,ENA_SAMN03894074,GEN,Susceptible,Susceptible,0.25,0.25
SRS1102269,Salmonella enterica,Salmonella enterica,0.993448215609761,SRR2566872,ENA_SAMN03894070,GEN,Susceptible,Susceptible,0.5,0.5
SRS1102276,Salmonella enterica,Salmonella enterica,0.9900565438127844,SRR2566865,ENA_SAMN03894063,GEN,Susceptible,Susceptible,0.5,0.5
SRS1102283,Salmonella enterica,Salmonella enterica,0.9875363130554728,SRR2566858,ENA_SAMN03894056,GEN,Susceptible,Susceptible,0.5,0.5
SRS1107894,Salmonella enterica,Salmonella enterica,0.9876211008270708,SRR2583954,ENA_SAMN03842407,GEN,Resistant,Resistant,16.0,16.0
SRS1107899,Salmonella enterica,Salmonella enterica,0.9864251322920694,SRR2583961,BVBRC_590.13349,GEN,Susceptible,Susceptible,1.0,1.0
SRS1107901,Salmonella enterica,Salmonella enterica,0.9898082335681236,SRR2583959,ENA_SAMN03842402,GEN,Resistant,Resistant,16.0,16.0
SRS1112896,Salmonella enterica,Salmonella enterica,0.9844310441398668,SRR2638018,ENA_SAMN04161018,GEN,Susceptible,Susceptible,0.5,0.5
SRS1114216,Salmonella enterica,Salmonella enterica,0.9906892308768944,SRR2648195,ENA_SAMN03938892,GEN,Susceptible,Susceptible,0.5,0.5
SRS1114293,Salmonella enterica,Salmonella enterica,0.9898768952476158,SRR2648751,ENA_SAMN04166359,GEN,Susceptible,Susceptible,1.0,1.0
SRS1117080,Salmonella enterica,Salmonella enterica,0.9907049222176958,SRR2669161,ENA_SAMN03842419,GEN,Resistant,Resistant,16.0,16.0
SRS1117279,Salmonella enterica,Salmonella enterica,0.9876601752526464,SRR2670695,ENA_SAMN03842387,GEN,Resistant,Resistant,16.0,16.0
SRS1117288,Salmonella enterica,Salmonella enterica,0.9872387838017386,SRR2670707,ENA_SAMN03842352,GEN,Susceptible,Susceptible,0.5,0.5
SRS1117294,Salmonella enterica,Salmonella enterica,0.9937422895536794,SRR2670712,ENA_SAMN03842362,GEN,Resistant,Resistant,8.0,8.0
SRS1120680,Salmonella enterica,Salmonella enterica,0.9907250368828804,SRR2724061,ENA_SAMN03938850,GEN,Susceptible,Susceptible,0.5,0.5
SRS1120681,Salmonella enterica,Salmonella enterica,0.9914383362112656,SRR2724060,ENA_SAMN03938849,GEN,Resistant,Resistant,16.0,16.0
SRS1135994,Salmonella enterica,Salmonella enterica,0.9914337625479636,SRR2829314,ENA_SAMN04217163,GEN,Resistant,Resistant,16.0,16.0
SRS1144505,Salmonella enterica,Salmonella enterica,0.990799434520454,SRR2889980,ENA_SAMN03938857,GEN,Resistant,Resistant,16.0,16.0
SRS1144507,Salmonella enterica,Salmonella enterica,0.9916187464016254,SRR2889978,ENA_SAMN03938855,GEN,Susceptible,Susceptible,0.5,0.5
SRS1155442,Acinetobacter baumannii,Acinetobacter baumannii,0.981802801648292,SRR2911724,ENA_SAMN04229826,CAZ,Resistant,Resistant,64.0,64.0
SRS1155447,Acinetobacter baumannii,Acinetobacter baumannii,0.9818006251445984,SRR2911739,ENA_SAMN04229824,CAZ,Intermediate,Resistant,16.0,16.0
SRS1158952,Salmonella enterica,Salmonella enterica,0.9881842073903304,SRR2919947,ENA_SAMN04260535,GEN,Susceptible,Susceptible,0.5,0.5
SRS1159009,Salmonella enterica,Salmonella enterica,0.9867854653844212,SRR2920118,ENA_SAMN04260528,GEN,Susceptible,Susceptible,0.5,0.5
SRS1162478,Acinetobacter baumannii,Acinetobacter baumannii,0.9821655701894144,SRR2916634,ENA_SAMN04254729,CAZ,Resistant,Resistant,64.0,64.0
SRS1162482,Acinetobacter baumannii,Acinetobacter baumannii,0.9821556313126,SRR2916635,ENA_SAMN04254730,CAZ,Resistant,Resistant,64.0,64.0
SRS1162805,Acinetobacter baumannii,Acinetobacter baumannii,0.9824398576752664,SRR2916656,ENA_SAMN04254727,CAZ,Resistant,Resistant,64.0,64.0
SRS1164391,Salmonella enterica,Salmonella enterica,0.9838599398608164,SRR2917935,ENA_SAMN02777831,GEN,Susceptible,Susceptible,0.25,0.25
SRS1169289,Escherichia coli,Escherichia coli,0.9861640617547844,SRR2927307,ENA_SAMN04279649,GEN,Susceptible,Susceptible,1.0,1.0
SRS1169290,Escherichia coli,Escherichia coli,0.9861365658571029,SRR2927308,ENA_SAMN04279650,GEN,Susceptible,Susceptible,1.0,1.0
SRS1169291,Escherichia coli,Escherichia coli,0.9864407203579,SRR2927306,ENA_SAMN04279648,GEN,Susceptible,Susceptible,1.0,1.0
SRS1169292,Escherichia coli,Escherichia coli,0.9859856389084573,SRR2927305,ENA_SAMN04279647,GEN,Susceptible,Susceptible,1.0,1.0
SRS1169293,Escherichia coli,Escherichia coli,0.9860050507234954,SRR2927304,ENA_SAMN04279646,GEN,Susceptible,Susceptible,1.0,1.0
SRS1169294,Escherichia coli,Escherichia coli,0.9864217797388564,SRR2927303,ENA_SAMN04279645,GEN,Susceptible,Susceptible,1.0,1.0
SRS1181014,Salmonella enterica,Salmonella enterica,0.9914288071429403,SRR2962362,BVBRC_590.16791,GEN,Resistant,Resistant,16.0,16.0
SRS1181265,Salmonella enterica,Salmonella enterica,0.9874023349467428,SRR2962662,ENA_SAMN02777803,GEN,Susceptible,Susceptible,0.5,0.5
SRS1181403,Salmonella enterica,Salmonella enterica,0.9991489123969172,SRR2962888,ENA_SAMN04297474,GEN,Susceptible,Susceptible,1.0,1.0
SRS1190391,Salmonella enterica,Salmonella enterica,0.9879962654452504,SRR2973708,ENA_SAMN04316371,GEN,Susceptible,Susceptible,1.0,1.0
SRS1190397,Salmonella enterica,Salmonella enterica,0.9845280533960662,SRR2973702,ENA_SAMN04316378,GEN,Resistant,Resistant,8.0,8.0
SRS1190398,Salmonella enterica,Salmonella enterica,0.9908725949424746,SRR2973701,ENA_SAMN04316370,GEN,Resistant,Resistant,16.0,16.0
SRS1190434,Salmonella enterica,Salmonella enterica,0.9849338598466318,SRR2973754,ENA_SAMN04316400,GEN,Susceptible,Susceptible,1.0,1.0
SRS1197465,Salmonella enterica,Salmonella enterica,0.990265162828302,SRR2982345,ENA_SAMN03938795,GEN,Resistant,Resistant,16.0,16.0
SRS1197471,Salmonella enterica,Salmonella enterica,0.9981789896794974,SRR2982350,ENA_SAMN03938760,GEN,Susceptible,Susceptible,0.5,0.5
SRS1206035,Salmonella enterica,Salmonella enterica,0.9913614157322974,SRR2993932,ENA_SAMN03938785,GEN,Resistant,Resistant,16.0,16.0
SRS1206041,Salmonella enterica,Salmonella enterica,0.9872388549545726,SRR2993935,ENA_SAMN03938788,GEN,Susceptible,Susceptible,0.5,0.5
SRS1213533,Salmonella enterica,Salmonella enterica,0.9866762781390894,SRR3033302,ENA_SAMN04350814,GEN,Susceptible,Susceptible,0.25,0.25
SRS1217320,Salmonella enterica,Salmonella enterica,0.9855022043258596,SRR3038514,ENA_SAMN04359406,GEN,Resistant,Resistant,16.0,16.0
SRS1221874,Salmonella enterica,Salmonella enterica,0.9913404720412524,SRR3052027,ENA_SAMN04256033,GEN,Resistant,Resistant,8.0,8.0
SRS1223504,Salmonella enterica,Salmonella enterica,0.9900385676648632,SRR3055294,ENA_SAMN04224259,GEN,Resistant,Resistant,16.0,16.0
SRS1223803,Salmonella enterica,Salmonella enterica,0.9875037981223728,SRR3056894,ENA_SAMN04370515,GEN,Susceptible,Susceptible,0.25,0.25
SRS1223804,Salmonella enterica,Salmonella enterica,0.989771605188849,SRR3056893,ENA_SAMN04370512,GEN,Susceptible,Susceptible,0.25,0.25
SRS1223817,Salmonella enterica,Salmonella enterica,0.9880001369371256,SRR3056908,ENA_SAMN04370486,GEN,Susceptible,Susceptible,0.5,0.5
SRS1224034,Escherichia coli,Escherichia coli,0.9728520447607716,SRR3057135,ENA_SAMN04339720,GEN,Susceptible,Susceptible,1.0,1.0
SRS1224035,Escherichia coli,Escherichia coli,0.9865464899622756,SRR3057134,ENA_SAMN04339719,GEN,Susceptible,Susceptible,1.0,1.0
SRS1224037,Escherichia coli,Escherichia coli,0.9864551077093036,SRR3057133,ENA_SAMN04339718,GEN,Susceptible,Susceptible,1.0,1.0
SRS1224039,Escherichia coli,Escherichia coli,0.9894514194824586,SRR3057131,ENA_SAMN04339716,GEN,Susceptible,Susceptible,1.0,1.0
SRS1224043,Escherichia coli,Escherichia coli,0.9859640965835388,SRR3057126,ENA_SAMN04339728,GEN,Resistant,Resistant,16.0,16.0
SRS1224044,Escherichia coli,Escherichia coli,0.973400729968231,SRR3057125,ENA_SAMN04339727,GEN,Susceptible,Susceptible,0.5,0.5
SRS1224045,Escherichia coli,Escherichia coli,0.98626748286553,SRR3057124,ENA_SAMN04339726,GEN,Susceptible,Susceptible,1.0,1.0
SRS1224046,Escherichia coli,Escherichia coli,0.985935502690272,SRR3057123,ENA_SAMN04339725,GEN,Susceptible,Susceptible,1.0,1.0
SRS1224047,Escherichia coli,Escherichia coli,0.974383606661012,SRR3057121,ENA_SAMN04339723,GEN,Susceptible,Susceptible,1.0,1.0
SRS1224048,Escherichia coli,Escherichia coli,0.9895977635662686,SRR3057122,ENA_SAMN04339724,GEN,Susceptible,Susceptible,0.5,0.5
SRS1224049,Escherichia coli,Escherichia coli,0.973008295919056,SRR3057120,ENA_SAMN04339722,GEN,Susceptible,Susceptible,0.5,0.5
SRS1224050,Escherichia coli,Escherichia coli,0.9865147361096184,SRR3057119,ENA_SAMN04339721,GEN,Susceptible,Susceptible,1.0,1.0
SRS1224051,Acinetobacter baumannii,Acinetobacter baumannii,0.9838193055063316,SRR3057118,ENA_SAMN04339712,CAZ,Resistant,Resistant,64.0,64.0
SRS1224137,Salmonella enterica,Salmonella enterica,0.9899092301592948,SRR3057227,ENA_SAMN04217187,GEN,Susceptible,Susceptible,0.5,0.5
SRS1227705,Salmonella enterica,Salmonella enterica,0.9912987038788844,SRR3062665,ENA_SAMN04376233,GEN,Resistant,Resistant,16.0,16.0
SRS1227709,Salmonella enterica,Salmonella enterica,0.9871389914601516,SRR3062669,ENA_SAMN04376239,GEN,Resistant,Resistant,8.0,8.0
SRS1235861,Salmonella enterica,Salmonella enterica,0.9878237679978292,SRR3085525,ENA_SAMN04384222,GEN,Susceptible,Susceptible,0.5,0.5
SRS1235941,Salmonella enterica,Salmonella enterica,0.9884645699997826,SRR3085620,ENA_SAMN04384235,GEN,Resistant,Resistant,8.0,8.0
SRS1235946,Salmonella enterica,Salmonella enterica,0.9983367351474894,SRR3085621,ENA_SAMN04384242,GEN,Resistant,Resistant,16.0,16.0
SRS1239804,Salmonella enterica,Salmonella enterica,0.9948289313834412,SRR3091334,ENA_SAMN04224269,GEN,Susceptible,Susceptible,0.25,0.25
SRS1239835,Salmonella enterica,Salmonella enterica,0.9914328421622582,SRR3091342,ENA_SAMN04224223,GEN,Resistant,Resistant,16.0,16.0
SRS1239840,Salmonella enterica,Salmonella enterica,0.9915212016130808,SRR3091348,ENA_SAMN04224230,GEN,Susceptible,Susceptible,0.5,0.5
SRS1239972,Salmonella enterica,Salmonella enterica,0.9849177920352968,SRR3091418,ENA_SAMN04224280,GEN,Susceptible,Susceptible,1.0,1.0
SRS1243680,Escherichia coli,Escherichia coli,0.9859784163415672,SRR3095385,ENA_SAMN04393388,GEN,Susceptible,Susceptible,1.0,1.0
SRS1243681,Escherichia coli,Escherichia coli,0.9746313575952804,SRR3095384,ENA_SAMN04393387,GEN,Susceptible,Susceptible,1.0,1.0
SRS1243683,Escherichia coli,Escherichia coli,0.9862571963136622,SRR3095382,ENA_SAMN04393398,GEN,Resistant,Resistant,16.0,16.0
SRS1243684,Escherichia coli,Escherichia coli,0.9720070016188144,SRR3095381,ENA_SAMN04393397,GEN,Intermediate,Susceptible,4.0,4.0
SRS1243685,Escherichia coli,Escherichia coli,0.9861583722437786,SRR3095380,ENA_SAMN04393396,GEN,Susceptible,Susceptible,1.0,1.0
SRS1243686,Escherichia coli,Escherichia coli,0.972917967919696,SRR3095379,ENA_SAMN04393395,GEN,Susceptible,Susceptible,1.0,1.0
SRS1243687,Escherichia coli,Escherichia coli,0.986073176740776,SRR3095378,ENA_SAMN04393386,GEN,Susceptible,Susceptible,1.0,1.0
SRS1243689,Escherichia coli,Escherichia coli,0.9733898636171328,SRR3095391,ENA_SAMN04393394,GEN,Susceptible,Susceptible,1.0,1.0
SRS1243691,Escherichia coli,Escherichia coli,0.972810302164068,SRR3095389,ENA_SAMN04393392,GEN,Resistant,Resistant,18.0,16.0
SRS1243692,Escherichia coli,Escherichia coli,0.97344608562135,SRR3095388,ENA_SAMN04393391,GEN,Susceptible,Susceptible,1.0,1.0
SRS1243693,Escherichia coli,Escherichia coli,0.9860471218545742,SRR3095387,ENA_SAMN04393390,GEN,Resistant,Resistant,16.0,16.0
SRS1244291,Salmonella enterica,Salmonella enterica,0.9934565584906544,SRR3096028,ENA_SAMN04217222,GEN,Susceptible,Susceptible,0.5,0.5
SRS1244316,Salmonella enterica,Salmonella enterica,0.990694399377052,SRR3096080,ENA_SAMN04255111,GEN,Susceptible,Susceptible,0.5,0.5
SRS1245892,Salmonella enterica,Salmonella enterica,0.9896658447262484,SRR3098266,ENA_SAMN04396273,GEN,Susceptible,Susceptible,0.5,0.5
SRS1245896,Salmonella enterica,Salmonella enterica,0.984259597780318,SRR3098270,ENA_SAMN04396254,GEN,Resistant,Resistant,8.0,8.0
SRS1247081,Salmonella enterica,Salmonella enterica,0.9979730861179869,SRR3099653,ENA_SAMN04255423,GEN,Susceptible,Susceptible,0.25,0.25
SRS1254600,Salmonella enterica,Salmonella enterica,0.9933632319824706,SRR3110299,ENA_SAMN04256014,GEN,Susceptible,Susceptible,0.25,0.25
SRS1254707,Salmonella enterica,Salmonella enterica,0.9904909418236272,SRR3110475,ENA_SAMN04217280,GEN,Resistant,Resistant,16.0,16.0
SRS1256045,Salmonella enterica,Salmonella enterica,0.991724268186732,SRR3111262,ENA_SAMN04224327,GEN,Susceptible,Susceptible,0.5,0.5
SRS1256050,Salmonella enterica,Salmonella enterica,0.9933547724549288,SRR3111268,ENA_SAMN04224333,GEN,Susceptible,Susceptible,0.5,0.5
SRS1256794,Acinetobacter baumannii,Acinetobacter baumannii,0.9831902496058657,SRR3112206,ENA_SAMN04432983,CAZ,Intermediate,Resistant,16.0,16.0
SRS1256843,Escherichia coli,Escherichia coli,0.9770373548648292,SRR7817826,ENA_SAMN04014854,GEN,Resistant,Resistant,16.0,16.0
SRS1256844,Klebsiella pneumoniae,Klebsiella pneumoniae,0.9890619084732556,SRR3666070,ENA_SAMN04014853,GEN,Resistant,Resistant,16.0,16.0
SRS1256850,Klebsiella pneumoniae,Klebsiella pneumoniae,0.9891960831621136,SRR5658721,ENA_SAMN04014846,GEN,Susceptible,Susceptible,2.0,2.0
SRS1256851,Klebsiella pneumoniae,Klebsiella pneumoniae,0.9893472083531994,SRR5658733,ENA_SAMN04014845,GEN,Susceptible,Susceptible,2.0,2.0
SRS1256852,Klebsiella pneumoniae,Klebsiella pneumoniae,0.98989032247324,SRR3666077,ENA_SAMN04014844,GEN,Intermediate,Susceptible,4.0,4.0
SRS1256853,Escherichia coli,Escherichia coli,0.9856908357965471,SRR3666076,ENA_SAMN04014842,GEN,Intermediate,Susceptible,4.0,4.0
SRS1256886,Acinetobacter baumannii,Acinetobacter baumannii,0.9830452760424192,SRR3886579,ENA_SAMN04014876,CAZ,Resistant,Resistant,128.0,64.0
SRS1256888,Acinetobacter baumannii,Acinetobacter baumannii,0.9815987223091626,SRR3666032,ENA_SAMN04014874,CAZ,Resistant,Resistant,128.0,64.0
SRS1256897,Escherichia coli,Escherichia coli,0.9743065377864136,SRR7817909,ENA_SAMN04014908,GEN,Susceptible,Susceptible,0.5,0.5
SRS1256899,Pseudomonas aeruginosa,Pseudomonas aeruginosa,0.99322367175618,SRR3666066,ENA_SAMN04014905,CAZ,Resistant,Resistant,128.0,64.0
SRS1256902,Pseudomonas aeruginosa,Pseudomonas aeruginosa,0.9925828742759856,SRR3886584,ENA_SAMN04014895,CAZ,Resistant,Resistant,128.0,64.0
SRS1256903,Escherichia coli,Escherichia coli,0.9720797775482026,SRR3878674,ENA_SAMN04014889,GEN,Resistant,Resistant,16.0,16.0
SRS1256905,Acinetobacter baumannii,Acinetobacter baumannii,0.9829761810453208,SRR3666035,ENA_SAMN04014886,CAZ,Resistant,Resistant,128.0,64.0
SRS1256910,Pseudomonas aeruginosa,Pseudomonas aeruginosa,0.9940337558921684,SRR3886583,ENA_SAMN04014935,CAZ,Resistant,Resistant,128.0,64.0
SRS1256911,Pseudomonas aeruginosa,Pseudomonas aeruginosa,0.9887715895188234,SRR3666068,ENA_SAMN04014933,CAZ,Resistant,Resistant,128.0,64.0
SRS1256912,Pseudomonas aeruginosa,Pseudomonas aeruginosa,0.9930353692687794,SRR3886565,ENA_SAMN04014931,CAZ,Resistant,Resistant,128.0,64.0
SRS1256913,Escherichia coli,Escherichia coli,0.9866743749356708,SRR7818258,ENA_SAMN04014930,GEN,Susceptible,Susceptible,0.5,0.5
SRS1256915,Escherichia coli,Escherichia coli,0.9859352600755888,SRR7818146,ENA_SAMN04014927,GEN,Resistant,Resistant,16.0,16.0
SRS1256916,Escherichia coli,Escherichia coli,0.9734515223538004,SRR7252659,ENA_SAMN04014926,GEN,Susceptible,Susceptible,0.5,0.5
SRS1256918,Escherichia coli,Escherichia coli,0.9860269922607956,SRR6817615,ENA_SAMN04014922,GEN,Susceptible,Susceptible,0.5,0.5
SRS1256921,Escherichia coli,Escherichia coli,0.9776469905429354,SRR6703161,ENA_SAMN04014918,GEN,Susceptible,Susceptible,1.0,1.0
SRS1256923,Klebsiella pneumoniae,Klebsiella pneumoniae,0.9895965567445416,SRR7818144,ENA_SAMN04014916,GEN,Resistant,Resistant,16.0,16.0
SRS1256925,Pseudomonas aeruginosa,Pseudomonas aeruginosa,0.9926314786533036,SRR7818938,ENA_SAMN04014952,CAZ,Intermediate,Susceptible,16.0,16.0
SRS1256926,Pseudomonas aeruginosa,Pseudomonas aeruginosa,0.9928227896070124,SRR7252691,ENA_SAMN04014951,CAZ,Resistant,Resistant,64.0,64.0
SRS1256927,Klebsiella pneumoniae,Klebsiella pneumoniae,0.988981133109054,SRR7818324,ENA_SAMN04014950,GEN,Resistant,Resistant,16.0,16.0
SRS1256928,Pseudomonas aeruginosa,Pseudomonas aeruginosa,0.9932618290196428,SRR3666044,ENA_SAMN04014949,CAZ,Resistant,Resistant,64.0,64.0
SRS1256929,Pseudomonas aeruginosa,Pseudomonas aeruginosa,0.9891460909505227,SRR3666069,ENA_SAMN04014946,CAZ,Resistant,Resistant,32.0,32.0
SRS1256930,Pseudomonas aeruginosa,Pseudomonas aeruginosa,0.9932793834681608,SRR3666049,ENA_SAMN04014944,CAZ,Resistant,Resistant,128.0,64.0
SRS1256931,Pseudomonas aeruginosa,Pseudomonas aeruginosa,0.98907905081812,SRR3666031,ENA_SAMN04014941,CAZ,Resistant,Resistant,128.0,64.0
SRS1256936,Klebsiella pneumoniae,Klebsiella pneumoniae,0.9846199525730418,SRR3666075,ENA_SAMN04014880,GEN,Resistant,Resistant,8.0,8.0
SRS1259656,Salmonella enterica,Salmonella enterica,0.9979510393454746,SRR3115200,ENA_SAMN04224386,GEN,Susceptible,Susceptible,0.25,0.25
SRS1259676,Salmonella enterica,Salmonella enterica,0.9977423604361858,SRR3115221,ENA_SAMN04224366,GEN,Resistant,Resistant,16.0,16.0
SRS1259684,Salmonella enterica,Salmonella enterica,0.9936108558739496,SRR3115231,ENA_SAMN04217285,GEN,Susceptible,Susceptible,0.5,0.5
SRS1259687,Salmonella enterica,Salmonella enterica,0.9848880823345524,SRR3115237,ENA_SAMN04217296,GEN,Resistant,Resistant,16.0,16.0
SRS1259688,Salmonella enterica,Salmonella enterica,0.990534844098112,SRR3115236,ENA_SAMN04217295,GEN,Susceptible,Susceptible,0.25,0.25
SRS1259691,Salmonella enterica,Salmonella enterica,0.9891802428475528,SRR3115243,ENA_SAMN04217315,GEN,Susceptible,Susceptible,1.0,1.0
SRS1260546,Salmonella enterica,Salmonella enterica,0.9864887428910112,SRR3116163,BVBRC_590.16921,GEN,Susceptible,Susceptible,0.5,0.5
SRS1260548,Salmonella enterica,Salmonella enterica,0.99803937444422,SRR3116161,ENA_SAMN04217342,GEN,Susceptible,Susceptible,0.25,0.25
SRS1267045,Acinetobacter baumannii,Acinetobacter baumannii,0.9831893141578312,SRR3130311,ENA_SAMN04445876,CAZ,Resistant,Resistant,64.0,64.0
SRS1267049,Acinetobacter baumannii,Acinetobacter baumannii,0.9823264982039608,SRR3130308,ENA_SAMN04445873,CAZ,Resistant,Resistant,64.0,64.0
SRS1267424,Acinetobacter baumannii,Acinetobacter baumannii,0.9830391734444354,SRR3131130,ENA_SAMN04446436,CAZ,Resistant,Resistant,64.0,64.0
SRS1267433,Salmonella enterica,Salmonella enterica,0.986960365790866,SRR3131144,ENA_SAMN04217318,GEN,Susceptible,Susceptible,0.5,0.5
SRS1267437,Acinetobacter baumannii,Acinetobacter baumannii,0.9826684426556944,SRR3131148,ENA_SAMN04446442,CAZ,Intermediate,Resistant,16.0,16.0
SRS1267441,Acinetobacter baumannii,Acinetobacter baumannii,0.9822780701475604,SRR3131158,ENA_SAMN04446452,CAZ,Resistant,Resistant,64.0,64.0
SRS1267442,Acinetobacter baumannii,Acinetobacter baumannii,0.9822780701475604,SRR3131157,ENA_SAMN04446451,CAZ,Resistant,Resistant,64.0,64.0
SRS1267446,Acinetobacter baumannii,Acinetobacter baumannii,0.982654788224388,SRR3131155,ENA_SAMN04446449,CAZ,Intermediate,Resistant,16.0,16.0
SRS1267449,Acinetobacter baumannii,Acinetobacter baumannii,0.982780434784484,SRR3131171,ENA_SAMN04446465,CAZ,Resistant,Resistant,64.0,64.0
SRS1267451,Acinetobacter baumannii,Acinetobacter baumannii,0.9840685643552918,SRR3131169,ENA_SAMN04446463,CAZ,Resistant,Resistant,64.0,64.0
SRS1267452,Acinetobacter baumannii,Acinetobacter baumannii,0.9823304878817634,SRR3131168,ENA_SAMN04446462,CAZ,Resistant,Resistant,64.0,64.0
SRS1267453,Acinetobacter baumannii,Acinetobacter baumannii,0.9822801053234418,SRR3131167,ENA_SAMN04446461,CAZ,Resistant,Resistant,64.0,64.0
SRS1267456,Acinetobacter baumannii,Acinetobacter baumannii,0.9816766411042191,SRR3131164,ENA_SAMN04446458,CAZ,Resistant,Resistant,64.0,64.0
SRS1267457,Acinetobacter baumannii,Acinetobacter baumannii,0.9823371689132164,SRR3131163,ENA_SAMN04446457,CAZ,Resistant,Resistant,64.0,64.0
SRS1267465,Acinetobacter baumannii,Acinetobacter baumannii,0.9824618088431162,SRR3131172,ENA_SAMN04446466,CAZ,Resistant,Resistant,64.0,64.0
SRS1267466,Acinetobacter baumannii,Acinetobacter baumannii,0.9833533345516992,SRR3131173,ENA_SAMN04446467,CAZ,Resistant,Resistant,64.0,64.0
SRS1267498,Acinetobacter baumannii,Acinetobacter baumannii,0.9826508187199646,SRR3131214,ENA_SAMN04446476,CAZ,Susceptible,Susceptible,8.0,8.0
SRS1267499,Acinetobacter baumannii,Acinetobacter baumannii,0.9826411280986732,SRR3131213,ENA_SAMN04446475,CAZ,Intermediate,Resistant,16.0,16.0
SRS1267501,Acinetobacter baumannii,Acinetobacter baumannii,0.9824851249515172,SRR3131211,ENA_SAMN04446473,CAZ,Intermediate,Resistant,16.0,16.0
SRS1267524,Acinetobacter baumannii,Acinetobacter baumannii,0.980816289436384,SRR3131225,ENA_SAMN04446546,CAZ,Intermediate,Resistant,16.0,16.0
SRS1267530,Acinetobacter baumannii,Acinetobacter baumannii,0.9826813515823558,SRR3131239,ENA_SAMN04446560,CAZ,Resistant,Resistant,64.0,64.0
SRS1267532,Acinetobacter baumannii,Acinetobacter baumannii,0.983083747218996,SRR3131237,ENA_SAMN04446558,CAZ,Resistant,Resistant,64.0,64.0
SRS1267539,Acinetobacter baumannii,Acinetobacter baumannii,0.982153619764587,SRR3131240,ENA_SAMN04446535,CAZ,Resistant,Resistant,64.0,64.0
SRS1268496,Acinetobacter baumannii,Acinetobacter baumannii,0.9827002176184028,SRR3133101,ENA_SAMN04447716,CAZ,Intermediate,Resistant,16.0,16.0
SRS1268497,Acinetobacter baumannii,Acinetobacter baumannii,0.982654788224388,SRR3133100,ENA_SAMN04447715,CAZ,Intermediate,Resistant,16.0,16.0
SRS1268500,Acinetobacter baumannii,Acinetobacter baumannii,0.9826724127284724,SRR3133097,ENA_SAMN04447712,CAZ,Intermediate,Resistant,16.0,16.0
SRS1268524,Acinetobacter baumannii,Acinetobacter baumannii,0.9826508187199646,SRR3133092,ENA_SAMN04447707,CAZ,Intermediate,Resistant,16.0,16.0
SRS1268527,Acinetobacter baumannii,Acinetobacter baumannii,0.9826508187199646,SRR3133089,ENA_SAMN04447704,CAZ,Intermediate,Resistant,16.0,16.0
SRS1268529,Acinetobacter baumannii,Acinetobacter baumannii,0.9826468497286,SRR3133087,ENA_SAMN04447702,CAZ,Intermediate,Resistant,16.0,16.0
SRS1268530,Acinetobacter baumannii,Acinetobacter baumannii,0.9826684426556944,SRR3133086,ENA_SAMN04447701,CAZ,Resistant,Resistant,64.0,64.0
SRS1269984,Acinetobacter baumannii,Acinetobacter baumannii,0.9829939359147468,SRR3135275,ENA_SAMN04448648,CAZ,Resistant,Resistant,64.0,64.0
SRS1271518,Acinetobacter baumannii,Acinetobacter baumannii,0.9824806395849702,SRR3137568,ENA_SAMN04450954,CAZ,Intermediate,Resistant,16.0,16.0
SRS1271519,Acinetobacter baumannii,Acinetobacter baumannii,0.98232459787426,SRR3137567,ENA_SAMN04450953,CAZ,Intermediate,Resistant,16.0,16.0
SRS1271522,Acinetobacter baumannii,Acinetobacter baumannii,0.9832300787736424,SRR3137583,ENA_SAMN04450969,CAZ,Resistant,Resistant,64.0,64.0
SRS1271525,Acinetobacter baumannii,Acinetobacter baumannii,0.9823070753863395,SRR3137580,ENA_SAMN04450966,CAZ,Resistant,Resistant,64.0,64.0
SRS1271534,Acinetobacter baumannii,Acinetobacter baumannii,0.982468608178384,SRR3137590,ENA_SAMN04450976,CAZ,Resistant,Resistant,64.0,64.0
SRS1271551,Acinetobacter baumannii,Acinetobacter baumannii,0.9837098442002152,SRR3137571,ENA_SAMN04450957,CAZ,Intermediate,Resistant,16.0,16.0
SRS1271552,Acinetobacter baumannii,Acinetobacter baumannii,0.9837098442002152,SRR3137570,ENA_SAMN04450956,CAZ,Intermediate,Resistant,16.0,16.0
SRS1271553,Acinetobacter baumannii,Acinetobacter baumannii,0.98364181395252,SRR3137569,ENA_SAMN04450955,CAZ,Intermediate,Resistant,16.0,16.0
SRS1272383,Campylobacter jejuni,Campylobacter jejuni,0.9814937630423533,SRR3138667,ENA_SAMN04452153,TET,Resistant,Resistant,64.0,64.0
SRS1272384,Campylobacter jejuni,Campylobacter jejuni,0.9812931949937306,SRR3138666,ENA_SAMN04452140,TET,Resistant,Resistant,64.0,64.0
SRS1272386,Campylobacter jejuni,Campylobacter jejuni,0.9823436442065644,SRR3138668,ENA_SAMN04452141,TET,Resistant,Resistant,64.0,64.0
SRS1272388,Campylobacter jejuni,Campylobacter jejuni,0.9826808508376952,SRR3138669,ENA_SAMN04452139,TET,Resistant,Resistant,64.0,64.0
SRS1272389,Campylobacter jejuni,Campylobacter jejuni,0.9802427351500888,SRR3138676,ENA_SAMN04452150,TET,Resistant,Resistant,64.0,64.0
SRS1272390,Campylobacter jejuni,Campylobacter jejuni,0.9819355582906342,SRR3138675,ENA_SAMN04452148,TET,Susceptible,Susceptible,0.25,0.25
SRS1272391,Campylobacter jejuni,Campylobacter jejuni,0.9808651856970172,SRR3138673,ENA_SAMN04452137,TET,Resistant,Resistant,64.0,64.0
SRS1272392,Campylobacter jejuni,Campylobacter jejuni,0.9818016574426645,SRR3138672,ENA_SAMN04452147,TET,Susceptible,Susceptible,0.12,0.12
SRS1272393,Campylobacter jejuni,Campylobacter jejuni,0.9819172701575516,SRR3138671,ENA_SAMN04452151,TET,Susceptible,Susceptible,0.25,0.25
SRS1272395,Campylobacter jejuni,Campylobacter jejuni,0.9816356944304868,SRR3138670,ENA_SAMN04452144,TET,Susceptible,Susceptible,0.25,0.25
SRS1272396,Campylobacter jejuni,Campylobacter jejuni,0.9820643433403132,SRR3138681,ENA_SAMN04452149,TET,Resistant,Resistant,64.0,64.0
SRS1272399,Campylobacter jejuni,Campylobacter jejuni,0.9811232539894,SRR3138683,ENA_SAMN04452152,TET,Resistant,Resistant,64.0,64.0
SRS1272400,Campylobacter jejuni,Campylobacter jejuni,0.9820176156957808,SRR3138686,ENA_SAMN04452142,TET,Resistant,Resistant,64.0,64.0
SRS1276754,Acinetobacter baumannii,Acinetobacter baumannii,0.982654788224388,SRR3146385,ENA_SAMN04457329,CAZ,Intermediate,Resistant,16.0,16.0
SRS1276757,Acinetobacter baumannii,Acinetobacter baumannii,0.9826684426556944,SRR3146383,ENA_SAMN04457327,CAZ,Intermediate,Resistant,16.0,16.0
SRS1276758,Acinetobacter baumannii,Acinetobacter baumannii,0.9826684426556944,SRR3146382,ENA_SAMN04457326,CAZ,Intermediate,Resistant,16.0,16.0
SRS1276759,Acinetobacter baumannii,Acinetobacter baumannii,0.9826468497286,SRR3146381,ENA_SAMN04457325,CAZ,Intermediate,Resistant,16.0,16.0
SRS1277871,Campylobacter jejuni,Campylobacter jejuni,0.9816252860139888,SRR3147787,ENA_SAMN04461492,TET,Resistant,Resistant,32.0,32.0
SRS1277872,Campylobacter jejuni,Campylobacter jejuni,0.9816962083283832,SRR3147788,ENA_SAMN04461498,TET,Resistant,Resistant,64.0,64.0
SRS1277875,Campylobacter jejuni,Campylobacter jejuni,0.9821236287236532,SRR3147791,ENA_SAMN04461490,TET,Resistant,Resistant,64.0,64.0
SRS1277882,Campylobacter jejuni,Campylobacter jejuni,0.9828214574195762,SRR3147790,ENA_SAMN04461489,TET,Resistant,Resistant,64.0,64.0
SRS1277939,Salmonella enterica,Salmonella enterica,0.9876459009252364,SRR3147931,ENA_SAMN04224440,GEN,Resistant,Resistant,16.0,16.0
SRS1277971,Campylobacter jejuni,Campylobacter jejuni,0.9819362618980833,SRR3148213,ENA_SAMN04461500,TET,Resistant,Resistant,64.0,64.0
SRS1277972,Campylobacter jejuni,Campylobacter jejuni,0.9816495957963932,SRR3148212,ENA_SAMN04461496,TET,Susceptible,Susceptible,0.5,0.5
SRS1277978,Campylobacter jejuni,Campylobacter jejuni,0.9809451989446288,SRR3148208,ENA_SAMN04461486,TET,Resistant,Resistant,64.0,64.0
SRS1277979,Campylobacter jejuni,Campylobacter jejuni,0.9820776947348876,SRR3148205,ENA_SAMN04461487,TET,Resistant,Resistant,64.0,64.0
SRS1277985,Campylobacter jejuni,Campylobacter jejuni,0.981753754359882,SRR3148215,ENA_SAMN04461494,TET,Susceptible,Susceptible,0.06,0.06
SRS1278016,Campylobacter jejuni,Campylobacter jejuni,0.9822972804822608,SRR3148216,ENA_SAMN04461485,TET,Resistant,Resistant,64.0,64.0
SRS1278039,Campylobacter jejuni,Campylobacter jejuni,0.9825031366269504,SRR3148332,ENA_SAMN04461473,TET,Susceptible,Susceptible,0.25,0.25
SRS1278041,Campylobacter jejuni,Campylobacter jejuni,0.9821739100770506,SRR3148323,ENA_SAMN04461470,TET,Susceptible,Susceptible,0.12,0.12
SRS1278043,Campylobacter jejuni,Campylobacter jejuni,0.9820737999137146,SRR3148313,ENA_SAMN04461472,TET,Resistant,Resistant,64.0,64.0
SRS1278045,Campylobacter jejuni,Campylobacter jejuni,0.9815492617143402,SRR3148303,ENA_SAMN04461471,TET,Resistant,Resistant,64.0,64.0
SRS1278091,Campylobacter jejuni,Campylobacter jejuni,0.9824032294629116,SRR3148243,ENA_SAMN04461468,TET,Susceptible,Susceptible,0.25,0.25
SRS1278092,Campylobacter jejuni,Campylobacter jejuni,0.9824827689902064,SRR3148242,ENA_SAMN04461467,TET,Resistant,Resistant,64.0,64.0
SRS1279262,Acinetobacter baumannii,Acinetobacter baumannii,0.9836078115250322,SRR3151890,ENA_SAMN04479997,CAZ,Intermediate,Resistant,16.0,16.0
SRS1279630,Acinetobacter baumannii,Acinetobacter baumannii,0.9839688395521812,SRR3152492,ENA_SAMN04480650,CAZ,Intermediate,Resistant,16.0,16.0
SRS1279633,Acinetobacter baumannii,Acinetobacter baumannii,0.9822703638149456,SRR3152500,ENA_SAMN04480658,CAZ,Resistant,Resistant,64.0,64.0
SRS1279634,Acinetobacter baumannii,Acinetobacter baumannii,0.9829203360208328,SRR3152499,ENA_SAMN04480657,CAZ,Susceptible,Susceptible,4.0,4.0
SRS1279636,Acinetobacter baumannii,Acinetobacter baumannii,0.9904127165605808,SRR3152498,ENA_SAMN04480656,CAZ,Susceptible,Susceptible,8.0,8.0
SRS1279645,Acinetobacter baumannii,Acinetobacter baumannii,0.983453390740882,SRR3152507,ENA_SAMN04480665,CAZ,Resistant,Resistant,64.0,64.0
SRS1279647,Acinetobacter baumannii,Acinetobacter baumannii,0.981466100171035,SRR3152504,ENA_SAMN04480662,CAZ,Resistant,Resistant,64.0,64.0
SRS1281779,Salmonella enterica,Salmonella enterica,0.9945714037127328,SRR3156383,ENA_SAMN04481399,GEN,Resistant,Resistant,16.0,16.0
SRS1283011,Acinetobacter baumannii,Acinetobacter baumannii,0.9826508187199646,SRR3159151,ENA_SAMN04482436,CAZ,Intermediate,Resistant,16.0,16.0
SRS1283012,Acinetobacter baumannii,Acinetobacter baumannii,0.982654788224388,SRR3159150,ENA_SAMN04482435,CAZ,Intermediate,Resistant,16.0,16.0
SRS1283015,Acinetobacter baumannii,Acinetobacter baumannii,0.982664473096113,SRR3159147,ENA_SAMN04482432,CAZ,Intermediate,Resistant,16.0,16.0
SRS1283023,Acinetobacter baumannii,Acinetobacter baumannii,0.982654788224388,SRR3159160,ENA_SAMN04482445,CAZ,Intermediate,Resistant,16.0,16.0
SRS1283024,Acinetobacter baumannii,Acinetobacter baumannii,0.9826508187199646,SRR3159159,ENA_SAMN04482444,CAZ,Intermediate,Resistant,16.0,16.0
SRS1283028,Acinetobacter baumannii,Acinetobacter baumannii,0.982664473096113,SRR3159169,ENA_SAMN04482454,CAZ,Intermediate,Resistant,16.0,16.0
SRS1283032,Acinetobacter baumannii,Acinetobacter baumannii,0.9826724127284724,SRR3159154,ENA_SAMN04482439,CAZ,Intermediate,Resistant,16.0,16.0
SRS1296135,Escherichia coli,Escherichia coli,0.976418220361966,SRR3168643,ENA_SAMN04456584,GEN,Susceptible,Susceptible,1.0,1.0
SRS1296136,Acinetobacter baumannii,Acinetobacter baumannii,0.9837415285565104,SRR3168642,ENA_SAMN04456583,CAZ,Resistant,Resistant,64.0,64.0
SRS1296138,Escherichia coli,Escherichia coli,0.9862403175501996,SRR3168641,ENA_SAMN04456582,GEN,Resistant,Resistant,16.0,16.0
SRS1296139,Acinetobacter baumannii,Acinetobacter baumannii,0.9835284439239906,SRR3168640,ENA_SAMN04456595,CAZ,Resistant,Resistant,64.0,64.0
SRS1296140,Acinetobacter baumannii,Acinetobacter baumannii,0.9834763747073924,SRR3168639,ENA_SAMN04456594,CAZ,Resistant,Resistant,64.0,64.0
SRS1296142,Staphylococcus aureus,Staphylococcus aureus,0.9984331496484752,SRR3168638,ENA_SAMN04456593,ERY,Susceptible,Susceptible,0.25,0.25
SRS1296144,Escherichia coli,Escherichia coli,0.986394852093664,SRR3168634,ENA_SAMN04456581,GEN,Resistant,Resistant,16.0,16.0
SRS1296147,Acinetobacter baumannii,Acinetobacter baumannii,0.9834993367429408,SRR3168648,ENA_SAMN04456589,CAZ,Resistant,Resistant,64.0,64.0
SRS1296689,Acinetobacter baumannii,Acinetobacter baumannii,0.9837249452074016,SRR3170235,ENA_SAMN04485913,CAZ,Resistant,Resistant,64.0,64.0
SRS1296690,Acinetobacter baumannii,Acinetobacter baumannii,0.982490501657984,SRR3170234,ENA_SAMN04485912,CAZ,Resistant,Resistant,64.0,64.0
SRS1296694,Acinetobacter baumannii,Acinetobacter baumannii,0.9824843211759856,SRR3170230,ENA_SAMN04485908,CAZ,Resistant,Resistant,64.0,64.0
SRS1296698,Acinetobacter baumannii,Acinetobacter baumannii,0.9830109709297272,SRR3170241,ENA_SAMN04485901,CAZ,Resistant,Resistant,64.0,64.0
SRS1296701,Acinetobacter baumannii,Acinetobacter nosocomialis,0.981750572794452,SRR3170246,ENA_SAMN04485906,CAZ,Susceptible,Susceptible,4.0,4.0
SRS1296702,Acinetobacter baumannii,Acinetobacter baumannii,0.9837031350645068,SRR3170244,ENA_SAMN04485904,CAZ,Intermediate,Resistant,16.0,16.0
SRS1296715,Acinetobacter baumannii,Acinetobacter baumannii,0.9821949052267482,SRR3170266,ENA_SAMN04487147,CAZ,Intermediate,Resistant,16.0,16.0
SRS1296717,Acinetobacter baumannii,Acinetobacter baumannii,0.9823044787886502,SRR3170264,ENA_SAMN04487145,CAZ,Intermediate,Resistant,16.0,16.0
SRS1296721,Acinetobacter baumannii,Acinetobacter baumannii,0.98362146597744,SRR3170260,ENA_SAMN04487141,CAZ,Intermediate,Resistant,16.0,16.0
SRS1296796,Acinetobacter baumannii,Acinetobacter baumannii,0.9836173941572184,SRR3170588,ENA_SAMN04488269,CAZ,Intermediate,Resistant,16.0,16.0
SRS1296809,Acinetobacter baumannii,Acinetobacter baumannii,0.9821614500315776,SRR3170606,ENA_SAMN04488287,CAZ,Resistant,Resistant,64.0,64.0
SRS1296811,Acinetobacter baumannii,Acinetobacter baumannii,0.9810215360346892,SRR3170604,ENA_SAMN04488285,CAZ,Resistant,Resistant,64.0,64.0
SRS1296813,Acinetobacter baumannii,Acinetobacter baumannii,0.9829311879623264,SRR3170602,ENA_SAMN04488283,CAZ,Resistant,Resistant,64.0,64.0
SRS1296814,Acinetobacter baumannii,Acinetobacter baumannii,0.9835712479412074,SRR3170601,ENA_SAMN04488282,CAZ,Resistant,Resistant,64.0,64.0
SRS1296915,Acinetobacter baumannii,Acinetobacter baumannii,0.9839688395521812,SRR3170740,ENA_SAMN04491042,CAZ,Resistant,Resistant,64.0,64.0
SRS1296916,Acinetobacter baumannii,Acinetobacter baumannii,0.9825215286264296,SRR3170739,ENA_SAMN04491041,CAZ,Resistant,Resistant,64.0,64.0
SRS1296922,Acinetobacter baumannii,Acinetobacter baumannii,0.9817852725188552,SRR3170734,ENA_SAMN04491036,CAZ,Resistant,Resistant,64.0,64.0
SRS1296936,Acinetobacter baumannii,Acinetobacter baumannii,0.9826243299316588,SRR3170768,ENA_SAMN04491433,CAZ,Resistant,Resistant,64.0,64.0
SRS1296959,Acinetobacter baumannii,Acinetobacter baumannii,0.9829697581843808,SRR3170771,ENA_SAMN04491436,CAZ,Resistant,Resistant,64.0,64.0
SRS1296960,Acinetobacter baumannii,Acinetobacter baumannii,0.9827530107755544,SRR3170770,ENA_SAMN04491435,CAZ,Resistant,Resistant,64.0,64.0
SRS1297454,Campylobacter jejuni,Campylobacter jejuni,0.9813342486297596,SRR3171748,ENA_SAMN04495839,TET,Resistant,Resistant,64.0,64.0
SRS1297455,Campylobacter jejuni,Campylobacter jejuni,0.9801286330528228,SRR3171747,ENA_SAMN04495833,TET,Resistant,Resistant,64.0,64.0
SRS1297459,Campylobacter jejuni,Campylobacter jejuni,0.9811736987015712,SRR3171750,ENA_SAMN04495834,TET,Resistant,Resistant,64.0,64.0
SRS1297466,Campylobacter jejuni,Campylobacter jejuni,0.9817905586284756,SRR3171764,ENA_SAMN04495835,TET,Resistant,Resistant,64.0,64.0
SRS1297468,Campylobacter jejuni,Campylobacter jejuni,0.9819043841389734,SRR3171761,ENA_SAMN04495841,TET,Susceptible,Susceptible,0.12,0.12
SRS1297472,Campylobacter jejuni,Campylobacter jejuni,0.9814517922459948,SRR3171758,ENA_SAMN04495844,TET,Susceptible,Susceptible,0.06,0.06
SRS1297473,Campylobacter jejuni,Campylobacter jejuni,0.9823351629556788,SRR3171757,ENA_SAMN04495838,TET,Resistant,Resistant,64.0,64.0
SRS1297557,Salmonella enterica,Salmonella enterica,0.9981858957242714,SRR3173688,ENA_SAMN04255147,GEN,Susceptible,Susceptible,0.25,0.25
SRS1297571,Salmonella enterica,Salmonella enterica,0.9885067211737786,SRR3173704,ENA_SAMN04224454,GEN,Susceptible,Susceptible,0.25,0.25
SRS1302077,Salmonella enterica,Salmonella enterica,0.9884167356781076,SRR3180038,ENA_SAMN04501552,GEN,Intermediate,Susceptible,4.0,4.0
SRS1306701,Salmonella enterica,Salmonella enterica,0.9914606815640128,SRR3182556,ENA_SAMN04217433,GEN,Resistant,Resistant,16.0,16.0
SRS1307306,Campylobacter jejuni,Campylobacter jejuni,0.98173764993662,SRR3183449,ENA_SAMN04508238,TET,Resistant,Resistant,64.0,64.0
SRS1307307,Campylobacter jejuni,Campylobacter jejuni,0.9826911650381004,SRR3183448,ENA_SAMN04508236,TET,Resistant,Resistant,64.0,64.0
SRS1307309,Campylobacter jejuni,Campylobacter jejuni,0.9811263165230282,SRR3183451,ENA_SAMN04508247,TET,Resistant,Resistant,64.0,64.0
SRS1307311,Campylobacter jejuni,Campylobacter jejuni,0.9818880617402254,SRR3183453,ENA_SAMN04508242,TET,Resistant,Resistant,64.0,64.0
SRS1307314,Campylobacter jejuni,Campylobacter jejuni,0.9818989929176588,SRR3183463,ENA_SAMN04508220,TET,Resistant,Resistant,64.0,64.0
SRS1307315,Campylobacter jejuni,Campylobacter jejuni,0.980510004356208,SRR3183462,ENA_SAMN04508259,TET,Susceptible,Susceptible,0.06,0.06
SRS1307318,Campylobacter jejuni,Campylobacter jejuni,0.9810723330187828,SRR3183459,ENA_SAMN04508222,TET,Resistant,Resistant,64.0,64.0
SRS1307319,Campylobacter jejuni,Campylobacter jejuni,0.982352423985544,SRR3183458,ENA_SAMN04508235,TET,Susceptible,Susceptible,0.25,0.25
SRS1307320,Campylobacter jejuni,Campylobacter jejuni,0.9817002935242156,SRR3183457,ENA_SAMN04508250,TET,Resistant,Resistant,64.0,64.0
SRS1307327,Campylobacter jejuni,Campylobacter jejuni,0.9812287356547386,SRR3183468,ENA_SAMN04508231,TET,Resistant,Resistant,64.0,64.0
SRS1307328,Campylobacter jejuni,Campylobacter jejuni,0.9817292895172246,SRR3183467,ENA_SAMN04508237,TET,Susceptible,Susceptible,0.25,0.25
SRS1307329,Campylobacter jejuni,Campylobacter jejuni,0.9933392563993096,SRR3183478,ENA_SAMN04508241,TET,Resistant,Resistant,64.0,64.0
SRS1307330,Campylobacter jejuni,Campylobacter jejuni,0.982320857120311,SRR3183477,ENA_SAMN04508226,TET,Resistant,Resistant,64.0,64.0
SRS1307331,Campylobacter jejuni,Campylobacter jejuni,0.9810270262625064,SRR3183476,ENA_SAMN04508224,TET,Resistant,Resistant,64.0,64.0
SRS1307335,Campylobacter jejuni,Campylobacter jejuni,0.9823832524315408,SRR3183472,ENA_SAMN04508256,TET,Resistant,Resistant,64.0,64.0
SRS1307336,Campylobacter jejuni,Campylobacter jejuni,0.9819385698437662,SRR3183471,ENA_SAMN04508244,TET,Susceptible,Susceptible,1.0,1.0
SRS1307337,Campylobacter jejuni,Campylobacter jejuni,0.9817253947944966,SRR3183482,ENA_SAMN04508252,TET,Resistant,Resistant,32.0,32.0
SRS1307338,Campylobacter jejuni,Campylobacter jejuni,0.9819776845880748,SRR3183481,ENA_SAMN04508251,TET,Resistant,Resistant,64.0,64.0
SRS1307340,Campylobacter jejuni,Campylobacter jejuni,0.9813096962834262,SRR3183479,ENA_SAMN04508258,TET,Resistant,Resistant,64.0,64.0
SRS1307352,Campylobacter jejuni,Campylobacter jejuni,0.9804680958722642,SRR3183483,ENA_SAMN04508223,TET,Resistant,Resistant,64.0,64.0
SRS1307614,Salmonella enterica,Salmonella enterica,0.998318587032854,SRR3184114,ENA_SAMN04507539,GEN,Resistant,Resistant,16.0,16.0
SRS1307657,Salmonella enterica,Salmonella enterica,0.9977833426394754,SRR3184159,ENA_SAMN04255384,GEN,Resistant,Resistant,8.0,8.0
SRS1307659,Salmonella enterica,Salmonella enterica,0.9932073304412278,SRR3184167,ENA_SAMN04255410,GEN,Resistant,Resistant,16.0,16.0
SRS1308457,Campylobacter jejuni,Campylobacter jejuni,0.981497551682644,SRR3185255,ENA_SAMN04514637,TET,Susceptible,Susceptible,0.12,0.12
SRS1308461,Campylobacter jejuni,Campylobacter jejuni,0.9826086001740804,SRR3185263,ENA_SAMN04514653,TET,Resistant,Resistant,64.0,64.0
SRS1308464,Campylobacter jejuni,Campylobacter jejuni,0.9814713075163748,SRR3185260,ENA_SAMN04514641,TET,Resistant,Resistant,64.0,64.0
SRS1308466,Campylobacter jejuni,Campylobacter jejuni,0.9810213911005884,SRR3185258,ENA_SAMN04514652,TET,Resistant,Resistant,64.0,64.0
SRS1308468,Campylobacter jejuni,Campylobacter jejuni,0.9814368008200698,SRR3185256,ENA_SAMN04514639,TET,Susceptible,Susceptible,0.06,0.06
SRS1308967,Campylobacter jejuni,Campylobacter jejuni,0.98114618864268,SRR3185902,ENA_SAMN04514646,TET,Susceptible,Susceptible,0.12,0.12
SRS1308968,Campylobacter jejuni,Campylobacter jejuni,0.9820960320485936,SRR3185903,ENA_SAMN04514649,TET,Susceptible,Susceptible,0.06,0.06
SRS1308969,Campylobacter jejuni,Campylobacter jejuni,0.9814935910206256,SRR3185905,ENA_SAMN04514645,TET,Susceptible,Susceptible,0.5,0.5
SRS1308970,Campylobacter jejuni,Campylobacter jejuni,0.9821420215857294,SRR3185904,ENA_SAMN04514643,TET,Resistant,Resistant,64.0,64.0
SRS1309029,Campylobacter jejuni,Campylobacter jejuni,0.980448572710423,SRR3185979,ENA_SAMN04514636,TET,Resistant,Resistant,64.0,64.0
SRS1309037,Campylobacter jejuni,Campylobacter jejuni,0.9825447989289136,SRR3185981,ENA_SAMN04514647,TET,Resistant,Resistant,64.0,64.0
SRS1309038,Campylobacter jejuni,Campylobacter jejuni,0.9815892830277504,SRR3185980,ENA_SAMN04514644,TET,Susceptible,Susceptible,0.25,0.25
SRS1310735,Salmonella enterica,Salmonella enterica,0.9894699767771274,SRR3188261,ENA_SAMN04224468,GEN,Susceptible,Susceptible,0.25,0.25
SRS1312639,Salmonella enterica,Salmonella enterica,0.9857848634440616,SRR3191434,ENA_SAMN04217235,GEN,Susceptible,Susceptible,0.5,0.5
SRS1312644,Salmonella enterica,Salmonella enterica,0.9914074350637544,SRR3191437,ENA_SAMN04217246,GEN,Susceptible,Susceptible,0.5,0.5
SRS1314752,Campylobacter jejuni,Campylobacter jejuni,0.9815146330546312,SRR3194380,ENA_SAMN04521107,TET,Resistant,Resistant,64.0,64.0
SRS1314753,Campylobacter jejuni,Campylobacter jejuni,0.9814957333566344,SRR3194381,ENA_SAMN04521105,TET,Resistant,Resistant,64.0,64.0
SRS1314755,Campylobacter jejuni,Campylobacter jejuni,0.9923706510533288,SRR3194383,ENA_SAMN04521104,TET,Resistant,Resistant,64.0,64.0
SRS1315977,Campylobacter jejuni,Campylobacter jejuni,0.9809101552824572,SRR3196135,ENA_SAMN04524175,TET,Resistant,Resistant,64.0,64.0
SRS1315979,Campylobacter jejuni,Campylobacter jejuni,0.9817309799323152,SRR3196134,ENA_SAMN04524173,TET,Susceptible,Susceptible,0.12,0.12
SRS1315980,Campylobacter jejuni,Campylobacter jejuni,0.9817418438270632,SRR3196133,ENA_SAMN04524187,TET,Susceptible,Susceptible,0.5,0.5
SRS1315981,Campylobacter jejuni,Campylobacter jejuni,0.9811524387617512,SRR3196132,ENA_SAMN04524172,TET,Resistant,Resistant,16.0,16.0
SRS1315983,Campylobacter jejuni,Campylobacter jejuni,0.9818744213403616,SRR3196130,ENA_SAMN04524194,TET,Susceptible,Susceptible,0.12,0.12
SRS1315984,Campylobacter jejuni,Campylobacter jejuni,0.982303234064673,SRR3196129,ENA_SAMN04524192,TET,Resistant,Resistant,64.0,64.0
SRS1315985,Campylobacter jejuni,Campylobacter jejuni,0.9827087515280344,SRR3196128,ENA_SAMN04524189,TET,Resistant,Resistant,64.0,64.0
SRS1315986,Campylobacter jejuni,Campylobacter jejuni,0.9811764819923312,SRR3196127,ENA_SAMN04524178,TET,Resistant,Resistant,64.0,64.0
SRS1315987,Campylobacter jejuni,Campylobacter jejuni,0.9816141373350032,SRR3196126,ENA_SAMN04524185,TET,Resistant,Resistant,64.0,64.0
SRS1315988,Campylobacter jejuni,Campylobacter jejuni,0.982234405025566,SRR3196142,ENA_SAMN04524184,TET,Resistant,Resistant,64.0,64.0
SRS1315990,Campylobacter jejuni,Campylobacter jejuni,0.9824254975423928,SRR3196141,ENA_SAMN04524174,TET,Resistant,Resistant,64.0,64.0
SRS1315993,Campylobacter jejuni,Campylobacter jejuni,0.980186251410008,SRR3196143,ENA_SAMN04524180,TET,Resistant,Resistant,64.0,64.0
SRS1316323,Campylobacter jejuni,Campylobacter jejuni,0.9820115089675792,SRR3196446,ENA_SAMN04524191,TET,Resistant,Resistant,64.0,64.0
SRS1316544,Campylobacter jejuni,Campylobacter jejuni,0.981054128750002,SRR3196679,ENA_SAMN04524182,TET,Resistant,Resistant,64.0,64.0
SRS1316548,Campylobacter jejuni,Campylobacter jejuni,0.9930282077226612,SRR3196687,ENA_SAMN04524186,TET,Resistant,Resistant,64.0,64.0
SRS1316549,Campylobacter jejuni,Campylobacter jejuni,0.982304421862788,SRR3196686,ENA_SAMN04524198,TET,Resistant,Resistant,64.0,64.0
SRS1316553,Campylobacter jejuni,Campylobacter jejuni,0.982884335356196,SRR3196683,ENA_SAMN04524177,TET,Resistant,Resistant,64.0,64.0
SRS1316882,Acinetobacter baumannii,Acinetobacter baumannii,0.9836153814809836,SRR3197175,ENA_SAMN04516582,CAZ,Susceptible,Susceptible,4.0,4.0
SRS1317380,Acinetobacter baumannii,Acinetobacter baumannii,0.9826735112582372,SRR3197591,ENA_SAMN04525191,CAZ,Intermediate,Resistant,16.0,16.0
SRS1317381,Acinetobacter baumannii,Acinetobacter baumannii,0.98190489914801,SRR3197590,ENA_SAMN04525190,CAZ,Intermediate,Resistant,16.0,16.0
SRS1317382,Acinetobacter baumannii,Acinetobacter nosocomialis,0.9816745801199812,SRR3197589,ENA_SAMN04525189,CAZ,Susceptible,Susceptible,8.0,8.0
SRS1317392,Acinetobacter baumannii,Acinetobacter baumannii,0.9824213521301864,SRR3197595,ENA_SAMN04525195,CAZ,Intermediate,Resistant,16.0,16.0
SRS1317398,Acinetobacter baumannii,Acinetobacter baumannii,0.982259721412569,SRR3197608,ENA_SAMN04525207,CAZ,Intermediate,Resistant,16.0,16.0
SRS1317399,Acinetobacter baumannii,Acinetobacter baumannii,0.98241812104257,SRR3197607,ENA_SAMN04525206,CAZ,Intermediate,Resistant,16.0,16.0
SRS1317400,Acinetobacter baumannii,Acinetobacter baumannii,0.9836078115250322,SRR3197606,ENA_SAMN04525205,CAZ,Intermediate,Resistant,16.0,16.0
SRS1317407,Salmonella enterica,Salmonella enterica,0.9908861823010364,SRR3198626,ENA_SAMN04217274,GEN,Susceptible,Susceptible,0.5,0.5
SRS1318878,Campylobacter jejuni,Campylobacter jejuni,0.981537834026234,SRR3199489,ENA_SAMN04526075,TET,Susceptible,Susceptible,0.12,0.12
SRS1318928,Campylobacter jejuni,Campylobacter jejuni,0.9802016800828616,SRR3199585,ENA_SAMN04526074,TET,Resistant,Resistant,64.0,64.0
SRS1318929,Campylobacter jejuni,Campylobacter jejuni,0.9818058685199392,SRR3199584,ENA_SAMN04526073,TET,Susceptible,Susceptible,0.06,0.06
SRS1320186,Campylobacter jejuni,Campylobacter jejuni,0.9819749684865564,SRR3201106,ENA_SAMN04528888,TET,Resistant,Resistant,64.0,64.0
SRS1320187,Campylobacter jejuni,Campylobacter jejuni,0.9822844080193248,SRR3201105,ENA_SAMN04528887,TET,Susceptible,Susceptible,0.12,0.12
SRS1320190,Campylobacter jejuni,Campylobacter jejuni,0.981970184754416,SRR3201102,ENA_SAMN04528884,TET,Resistant,Resistant,64.0,64.0
SRS1320191,Campylobacter jejuni,Campylobacter jejuni,0.9813386650907686,SRR3201101,ENA_SAMN04528883,TET,Resistant,Resistant,64.0,64.0
SRS1320192,Campylobacter jejuni,Campylobacter jejuni,0.9820045564644586,SRR3201100,ENA_SAMN04528882,TET,Susceptible,Susceptible,0.25,0.25
SRS1320193,Campylobacter jejuni,Campylobacter jejuni,0.9821282820875576,SRR3201099,ENA_SAMN04528881,TET,Resistant,Resistant,64.0,64.0
SRS1320194,Campylobacter jejuni,Campylobacter jejuni,0.9807310026799744,SRR3201098,ENA_SAMN04528880,TET,Resistant,Resistant,32.0,32.0
SRS1320195,Campylobacter jejuni,Campylobacter jejuni,0.9814661634615258,SRR3201110,ENA_SAMN04528892,TET,Resistant,Resistant,64.0,64.0
SRS1320197,Campylobacter jejuni,Campylobacter jejuni,0.9815843956475137,SRR3201108,ENA_SAMN04528890,TET,Resistant,Resistant,64.0,64.0
SRS1320198,Campylobacter jejuni,Campylobacter jejuni,0.9820588228438968,SRR3201107,ENA_SAMN04528889,TET,Susceptible,Susceptible,0.12,0.12
SRS1320201,Campylobacter jejuni,Campylobacter jejuni,0.9823951743901717,SRR3201112,ENA_SAMN04528894,TET,Susceptible,Susceptible,0.25,0.25
SRS1320202,Campylobacter jejuni,Campylobacter jejuni,0.980833508372942,SRR3201111,ENA_SAMN04528893,TET,Resistant,Resistant,64.0,64.0
SRS1320203,Campylobacter jejuni,Campylobacter jejuni,0.9806401372129228,SRR3201123,ENA_SAMN04528906,TET,Resistant,Resistant,64.0,64.0
SRS1320204,Campylobacter jejuni,Campylobacter jejuni,0.9812579231935458,SRR3201121,ENA_SAMN04528903,TET,Resistant,Resistant,64.0,64.0
SRS1320206,Campylobacter jejuni,Campylobacter jejuni,0.9814057909609636,SRR3201120,ENA_SAMN04528904,TET,Resistant,Resistant,64.0,64.0
SRS1320207,Campylobacter jejuni,Campylobacter jejuni,0.9824298356145166,SRR3201119,ENA_SAMN04528902,TET,Resistant,Resistant,64.0,64.0
SRS1320209,Campylobacter jejuni,Campylobacter jejuni,0.981177536613058,SRR3201117,ENA_SAMN04528900,TET,Susceptible,Susceptible,2.0,2.0
SRS1320210,Campylobacter jejuni,Campylobacter jejuni,0.9825007665063192,SRR3201116,ENA_SAMN04528898,TET,Resistant,Resistant,64.0,64.0
SRS1320212,Campylobacter jejuni,Campylobacter jejuni,0.9810110570752932,SRR3201124,ENA_SAMN04528907,TET,Susceptible,Susceptible,0.12,0.12
SRS1320213,Campylobacter jejuni,Campylobacter jejuni,0.9818236768219426,SRR3201125,ENA_SAMN04528899,TET,Resistant,Resistant,64.0,64.0
SRS1327402,Campylobacter jejuni,Campylobacter jejuni,0.9821647492033128,SRR3209758,ENA_SAMN04536998,TET,Resistant,Resistant,64.0,64.0
SRS1327403,Campylobacter jejuni,Campylobacter jejuni,0.9803865454864548,SRR3209759,ENA_SAMN04536995,TET,Susceptible,Susceptible,0.06,0.06
SRS1327404,Campylobacter jejuni,Campylobacter jejuni,0.9824973597060132,SRR3209757,ENA_SAMN04537001,TET,Susceptible,Susceptible,0.12,0.12
SRS1327419,Campylobacter jejuni,Campylobacter jejuni,0.9814077254050292,SRR3209766,ENA_SAMN04537003,TET,Resistant,Resistant,64.0,64.0
SRS1327422,Campylobacter jejuni,Campylobacter jejuni,0.9825045160367664,SRR3209763,ENA_SAMN04537002,TET,Resistant,Resistant,64.0,64.0
SRS1327425,Campylobacter jejuni,Campylobacter jejuni,0.9820352787307188,SRR3209760,ENA_SAMN04536996,TET,Resistant,Resistant,64.0,64.0
SRS1327433,Campylobacter jejuni,Campylobacter jejuni,0.9805842650987724,SRR3209797,ENA_SAMN04537006,TET,Resistant,Resistant,64.0,64.0
SRS1327443,Campylobacter jejuni,Campylobacter jejuni,0.9811207372942962,SRR3209814,ENA_SAMN04537008,TET,Resistant,Resistant,64.0,64.0
SRS1327796,Salmonella enterica,Salmonella enterica,0.9896470534482408,SRR3210384,ENA_SAMN04218132,GEN,Susceptible,Susceptible,1.0,1.0
SRS1332282,Campylobacter jejuni,Campylobacter jejuni,0.9808956337535192,SRR3214705,ENA_SAMN04543708,TET,Susceptible,Susceptible,0.12,0.12
SRS1332283,Campylobacter jejuni,Campylobacter jejuni,0.982192912213212,SRR3214704,ENA_SAMN04543714,TET,Resistant,Resistant,64.0,64.0
SRS1332285,Campylobacter jejuni,Campylobacter jejuni,0.9818862355130938,SRR3214702,ENA_SAMN04543709,TET,Resistant,Resistant,64.0,64.0
SRS1332286,Campylobacter jejuni,Campylobacter jejuni,0.9809762988194431,SRR3214711,ENA_SAMN04543712,TET,Resistant,Resistant,64.0,64.0
SRS1332287,Campylobacter jejuni,Campylobacter jejuni,0.982492813941636,SRR3214710,ENA_SAMN04543717,TET,Resistant,Resistant,64.0,64.0
SRS1332289,Campylobacter jejuni,Campylobacter jejuni,0.9817905586284756,SRR3214706,ENA_SAMN04543715,TET,Resistant,Resistant,64.0,64.0
SRS1332290,Campylobacter jejuni,Campylobacter jejuni,0.9821691494026176,SRR3214707,ENA_SAMN04543710,TET,Resistant,Resistant,64.0,64.0
SRS1332292,Campylobacter jejuni,Campylobacter jejuni,0.981652387027296,SRR3214714,ENA_SAMN04543707,TET,Resistant,Resistant,64.0,64.0
SRS1332683,Campylobacter jejuni,Campylobacter jejuni,0.9808046984818468,SRR3215112,ENA_SAMN04543698,TET,Resistant,Resistant,64.0,64.0
SRS1332684,Campylobacter jejuni,Campylobacter jejuni,0.9805932072208406,SRR3215111,ENA_SAMN04543697,TET,Resistant,Resistant,64.0,64.0
SRS1332686,Campylobacter jejuni,Campylobacter jejuni,0.980540855685195,SRR3215109,ENA_SAMN04543694,TET,Resistant,Resistant,64.0,64.0
SRS1332687,Campylobacter jejuni,Campylobacter jejuni,0.9835475552080136,SRR3215116,ENA_SAMN04543713,TET,Susceptible,Susceptible,0.06,0.06
SRS1332689,Campylobacter jejuni,Campylobacter jejuni,0.982082031051489,SRR3215117,ENA_SAMN04543718,TET,Susceptible,Susceptible,0.12,0.12
SRS1332691,Campylobacter jejuni,Campylobacter jejuni,0.9825953273158334,SRR3215113,ENA_SAMN04543701,TET,Susceptible,Susceptible,0.12,0.12
SRS1332692,Campylobacter jejuni,Campylobacter jejuni,0.9826417515137156,SRR3215120,ENA_SAMN04543690,TET,Resistant,Resistant,64.0,64.0
SRS1332693,Campylobacter jejuni,Campylobacter jejuni,0.9819326016151352,SRR3215121,ENA_SAMN04543691,TET,Susceptible,Susceptible,0.25,0.25
SRS1332695,Campylobacter jejuni,Campylobacter jejuni,0.982258895938512,SRR3215118,ENA_SAMN04543687,TET,Susceptible,Susceptible,0.25,0.25
SRS1332698,Campylobacter jejuni,Campylobacter jejuni,0.9819718875216924,SRR3215127,ENA_SAMN04543686,TET,Resistant,Resistant,64.0,64.0
SRS1332699,Campylobacter jejuni,Campylobacter jejuni,0.9819897573799772,SRR3215125,ENA_SAMN04543683,TET,Resistant,Resistant,64.0,64.0
SRS1332701,Campylobacter jejuni,Campylobacter jejuni,0.9808284682037248,SRR3215132,ENA_SAMN04543693,TET,Resistant,Resistant,64.0,64.0
SRS1332702,Campylobacter jejuni,Campylobacter jejuni,0.9811101084020676,SRR3215131,ENA_SAMN04543696,TET,Resistant,Resistant,64.0,64.0
SRS1332704,Campylobacter jejuni,Campylobacter jejuni,0.980973798724364,SRR3215128,ENA_SAMN04543688,TET,Resistant,Resistant,64.0,64.0
SRS1332706,Campylobacter jejuni,Campylobacter jejuni,0.9807475996197322,SRR3215134,ENA_SAMN04543700,TET,Susceptible,Susceptible,0.06,0.06
SRS1333368,Acinetobacter baumannii,Acinetobacter baumannii,0.980729310747591,SRR3216437,ENA_SAMN04515407,CAZ,Intermediate,Resistant,16.0,16.0
SRS1334301,Acinetobacter baumannii,Acinetobacter baumannii,0.9824896671156718,SRR3217329,ENA_SAMN04515403,CAZ,Intermediate,Resistant,16.0,16.0
SRS1334307,Acinetobacter baumannii,Acinetobacter baumannii,0.9836567776983504,SRR3217328,ENA_SAMN04515402,CAZ,Intermediate,Resistant,16.0,16.0
SRS1334311,Acinetobacter baumannii,Acinetobacter baumannii,0.9826292693681876,SRR3217324,ENA_SAMN04515394,CAZ,Susceptible,Susceptible,4.0,4.0
SRS1334358,Acinetobacter baumannii,Acinetobacter baumannii,0.9824529556418988,SRR3217394,ENA_SAMN04515796,CAZ,Susceptible,Susceptible,8.0,8.0
SRS1334360,Acinetobacter baumannii,Acinetobacter baumannii,0.9834614957596078,SRR3217390,ENA_SAMN04515792,CAZ,Susceptible,Susceptible,2.0,2.0
SRS1334365,Acinetobacter baumannii,Acinetobacter baumannii,0.9821381409239764,SRR3217407,ENA_SAMN04515809,CAZ,Intermediate,Resistant,16.0,16.0
SRS1334373,Acinetobacter baumannii,Acinetobacter baumannii,0.9825621666922372,SRR3217399,ENA_SAMN04515801,CAZ,Intermediate,Resistant,16.0,16.0
SRS1335139,Acinetobacter baumannii,Acinetobacter baumannii,0.9835846538868726,SRR3218389,ENA_SAMN04545397,CAZ,Intermediate,Resistant,16.0,16.0
SRS1335145,Acinetobacter baumannii,Acinetobacter baumannii,0.9815111685590434,SRR3218383,ENA_SAMN04545391,CAZ,Susceptible,Susceptible,8.0,8.0
SRS1335148,Acinetobacter baumannii,Acinetobacter baumannii,0.9823174265264394,SRR3218394,ENA_SAMN04545402,CAZ,Susceptible,Susceptible,8.0,8.0
SRS1335155,Acinetobacter baumannii,Acinetobacter baumannii,0.982908696555828,SRR3218397,ENA_SAMN04545405,CAZ,Intermediate,Resistant,16.0,16.0
SRS1335810,Salmonella enterica,Salmonella enterica,0.9911225591607348,SRR3219142,ENA_SAMN04218162,GEN,Susceptible,Susceptible,1.0,1.0
SRS1336140,Klebsiella pneumoniae,Klebsiella pneumoniae,0.9848451876660356,SRR3219831,ENA_SAMN04448224,GEN,Resistant,Resistant,16.0,16.0
SRS1336141,Klebsiella pneumoniae,Klebsiella pneumoniae,0.9895656477177032,SRR3219834,ENA_SAMN04448225,GEN,Susceptible,Susceptible,1.0,1.0
SRS1336144,Klebsiella pneumoniae,Klebsiella pneumoniae,0.988980238274706,SRR3219835,ENA_SAMN04448226,GEN,Intermediate,Susceptible,4.0,4.0
SRS1336145,Klebsiella pneumoniae,Klebsiella pneumoniae,0.9888010632022786,SRR3221668,ENA_SAMN04448227,GEN,Resistant,Resistant,16.0,16.0
SRS1336151,Klebsiella pneumoniae,Klebsiella pneumoniae,0.98981220658991,SRR3221676,ENA_SAMN04448231,GEN,Resistant,Resistant,16.0,16.0
SRS1336278,Klebsiella pneumoniae,Klebsiella pneumoniae,0.9895574096365698,SRR3221942,ENA_SAMN04448235,GEN,Susceptible,Susceptible,1.0,1.0
SRS1336458,Klebsiella pneumoniae,Klebsiella pneumoniae,0.9888555762256158,SRR3222075,ENA_SAMN04448237,GEN,Susceptible,Susceptible,0.25,0.25
SRS1336575,Klebsiella pneumoniae,Klebsiella pneumoniae,0.9888233323232338,SRR3222121,ENA_SAMN04448238,GEN,Susceptible,Susceptible,0.25,0.25
SRS1336666,Escherichia coli,Escherichia coli,0.9734226243982204,SRR3222296,ENA_SAMN04448242,GEN,Resistant,Resistant,16.0,16.0
SRS1336709,Klebsiella pneumoniae,Klebsiella pneumoniae,0.9905257030917676,SRR3222390,ENA_SAMN04448243,GEN,Susceptible,Susceptible,0.5,0.5
SRS1336810,Klebsiella pneumoniae,Klebsiella pneumoniae,0.985039202412432,SRR3222406,ENA_SAMN04448244,GEN,Resistant,Resistant,16.0,16.0
SRS1336811,Klebsiella pneumoniae,Klebsiella pneumoniae,0.9850328379636544,SRR3222408,ENA_SAMN04448245,GEN,Intermediate,Susceptible,4.0,4.0
SRS1336862,Acinetobacter baumannii,Acinetobacter baumannii,0.982245330322054,SRR3222489,ENA_SAMN04546721,CAZ,Intermediate,Resistant,16.0,16.0
SRS1336864,Acinetobacter baumannii,Acinetobacter baumannii,0.9823285890518744,SRR3222487,ENA_SAMN04546719,CAZ,Intermediate,Resistant,16.0,16.0
SRS1337407,Salmonella enterica,Salmonella enterica,0.9908995870233795,SRR3223097,ENA_SAMN04218176,GEN,Resistant,Resistant,16.0,16.0
SRS1337489,Acinetobacter baumannii,Acinetobacter baumannii,0.9830842371943166,SRR3223167,ENA_SAMN04547094,CAZ,Intermediate,Resistant,16.0,16.0
SRS1337491,Acinetobacter baumannii,Acinetobacter baumannii,0.9819961202313982,SRR3223165,ENA_SAMN04547092,CAZ,Susceptible,Susceptible,4.0,4.0
SRS1337495,Acinetobacter baumannii,Acinetobacter baumannii,0.9821300526561106,SRR3223170,ENA_SAMN04547097,CAZ,Intermediate,Resistant,16.0,16.0
SRS1337499,Acinetobacter baumannii,Acinetobacter baumannii,0.9826618560847546,SRR3223173,ENA_SAMN04547100,CAZ,Intermediate,Resistant,16.0,16.0
SRS1337500,Acinetobacter baumannii,Acinetobacter baumannii,0.9822887586768704,SRR3223172,ENA_SAMN04547099,CAZ,Intermediate,Resistant,16.0,16.0
SRS1337605,Acinetobacter baumannii,Acinetobacter baumannii,0.9833452372886036,SRR3223469,ENA_SAMN04549259,CAZ,Intermediate,Resistant,16.0,16.0
SRS1337611,Acinetobacter baumannii,Acinetobacter baumannii,0.9836118890615037,SRR3223485,ENA_SAMN04549275,CAZ,Intermediate,Resistant,16.0,16.0
SRS1337661,Acinetobacter baumannii,Acinetobacter baumannii,0.9835861343369444,SRR3223558,ENA_SAMN04549308,CAZ,Intermediate,Resistant,16.0,16.0
SRS1337663,Acinetobacter baumannii,Acinetobacter baumannii,0.983602352323154,SRR3223557,ENA_SAMN04549307,CAZ,Intermediate,Resistant,16.0,16.0
SRS1337664,Acinetobacter baumannii,Acinetobacter baumannii,0.982376055446336,SRR3223560,ENA_SAMN04549310,CAZ,Intermediate,Resistant,16.0,16.0
SRS1337667,Acinetobacter baumannii,Acinetobacter baumannii,0.9827126660659898,SRR3223554,ENA_SAMN04549304,CAZ,Intermediate,Resistant,16.0,16.0
SRS1337668,Acinetobacter baumannii,Acinetobacter baumannii,0.9831853265146484,SRR3223552,ENA_SAMN04549302,CAZ,Intermediate,Resistant,16.0,16.0
SRS1337678,Acinetobacter baumannii,Acinetobacter baumannii,0.9835887318514044,SRR3223562,ENA_SAMN04549312,CAZ,Intermediate,Resistant,16.0,16.0
SRS1337782,Salmonella enterica,Salmonella enterica,0.986537246177062,SRR3223752,ENA_SAMN04224491,GEN,Intermediate,Susceptible,4.0,4.0
SRS1337783,Salmonella enterica,Salmonella enterica,0.9900295396556508,SRR3223751,ENA_SAMN04224490,GEN,Resistant,Resistant,16.0,16.0
SRS1337892,Acinetobacter baumannii,Acinetobacter baumannii,0.9835103006437154,SRR3223919,ENA_SAMN04549506,CAZ,Intermediate,Resistant,16.0,16.0
SRS1337896,Acinetobacter baumannii,Acinetobacter baumannii,0.9834874745921496,SRR3223915,ENA_SAMN04549502,CAZ,Intermediate,Resistant,16.0,16.0
SRS1337899,Acinetobacter baumannii,Acinetobacter baumannii,0.9831629480120214,SRR3223912,ENA_SAMN04549499,CAZ,Intermediate,Resistant,16.0,16.0
SRS1337900,Acinetobacter baumannii,Acinetobacter baumannii,0.9823285890518744,SRR3223911,ENA_SAMN04549498,CAZ,Intermediate,Resistant,16.0,16.0
SRS1337910,Acinetobacter baumannii,Acinetobacter baumannii,0.9810070076854897,SRR3223920,ENA_SAMN04549507,CAZ,Intermediate,Resistant,16.0,16.0
SRS1338129,Acinetobacter baumannii,Acinetobacter baumannii,0.9827360037944096,SRR3224235,ENA_SAMN04549554,CAZ,Susceptible,Susceptible,8.0,8.0
SRS1338130,Acinetobacter baumannii,Acinetobacter baumannii,0.982690225912115,SRR3224233,ENA_SAMN04549552,CAZ,Intermediate,Resistant,16.0,16.0
SRS1338133,Acinetobacter baumannii,Acinetobacter baumannii,0.9829006593405024,SRR3224230,ENA_SAMN04549549,CAZ,Susceptible,Susceptible,8.0,8.0
SRS1338318,Acinetobacter baumannii,Acinetobacter baumannii,0.9833873048162616,SRR3224808,ENA_SAMN04549840,CAZ,Intermediate,Resistant,16.0,16.0
SRS1338323,Acinetobacter baumannii,Acinetobacter baumannii,0.983602352323154,SRR3224803,ENA_SAMN04549834,CAZ,Intermediate,Resistant,16.0,16.0
SRS1338328,Acinetobacter baumannii,Acinetobacter baumannii,0.9828124500470308,SRR3224798,ENA_SAMN04549829,CAZ,Susceptible,Susceptible,8.0,8.0
SRS1338330,Acinetobacter baumannii,Acinetobacter baumannii,0.9833627029600296,SRR3224796,ENA_SAMN04549827,CAZ,Intermediate,Resistant,16.0,16.0
SRS1338472,Acinetobacter baumannii,Acinetobacter baumannii,0.9820203707370788,SRR3224994,ENA_SAMN04549876,CAZ,Susceptible,Susceptible,2.0,2.0
SRS1338479,Acinetobacter baumannii,Acinetobacter baumannii,0.9835677750362102,SRR3225003,ENA_SAMN04549885,CAZ,Intermediate,Resistant,16.0,16.0
SRS1338485,Acinetobacter baumannii,Acinetobacter baumannii,0.9835887318514044,SRR3224996,ENA_SAMN04549878,CAZ,Intermediate,Resistant,16.0,16.0
SRS1338487,Acinetobacter baumannii,Acinetobacter baumannii,0.9826440204737884,SRR3224988,ENA_SAMN04549870,CAZ,Susceptible,Susceptible,4.0,4.0
SRS1338491,Acinetobacter baumannii,Acinetobacter baumannii,0.98232459787426,SRR3224984,ENA_SAMN04549866,CAZ,Intermediate,Resistant,16.0,16.0
SRS1338511,Acinetobacter baumannii,Acinetobacter baumannii,0.9822216733382316,SRR3225046,ENA_SAMN04550080,CAZ,Susceptible,Susceptible,2.0,2.0
SRS1338513,Acinetobacter baumannii,Acinetobacter baumannii,0.9831490751346348,SRR3225043,ENA_SAMN04550077,CAZ,Susceptible,Susceptible,4.0,4.0
SRS1338514,Acinetobacter baumannii,Acinetobacter baumannii,0.9827166452880832,SRR3225049,ENA_SAMN04550083,CAZ,Susceptible,Susceptible,8.0,8.0
SRS1338525,Acinetobacter baumannii,Acinetobacter baumannii,0.9810070076854897,SRR3225059,ENA_SAMN04550093,CAZ,Intermediate,Resistant,16.0,16.0
SRS1338619,Acinetobacter baumannii,Acinetobacter baumannii,0.98359419682212,SRR3225248,ENA_SAMN04550122,CAZ,Intermediate,Resistant,16.0,16.0
SRS1338624,Acinetobacter baumannii,Acinetobacter baumannii,0.9835846538868726,SRR3225242,ENA_SAMN04550116,CAZ,Intermediate,Resistant,16.0,16.0
SRS1338626,Acinetobacter baumannii,Acinetobacter baumannii,0.9809745469535066,SRR3225238,ENA_SAMN04550113,CAZ,Intermediate,Resistant,16.0,16.0
SRS1338632,Acinetobacter baumannii,Acinetobacter baumannii,0.982308813147419,SRR3225231,ENA_SAMN04550106,CAZ,Intermediate,Resistant,16.0,16.0
SRS1338643,Salmonella enterica,Salmonella enterica,0.9869701711347884,SRR3225369,ENA_SAMN04255217,GEN,Resistant,Resistant,16.0,16.0
SRS1339072,Acinetobacter baumannii,Acinetobacter baumannii,0.9824689244565116,SRR3226989,ENA_SAMN04555175,CAZ,Intermediate,Resistant,16.0,16.0
SRS1339075,Acinetobacter baumannii,Acinetobacter baumannii,0.9827522821274388,SRR3227002,ENA_SAMN04555188,CAZ,Intermediate,Resistant,16.0,16.0
SRS1339085,Acinetobacter baumannii,Acinetobacter baumannii,0.9827929757584392,SRR3227004,ENA_SAMN04555190,CAZ,Intermediate,Resistant,16.0,16.0
SRS1339087,Acinetobacter baumannii,Acinetobacter baumannii,0.9835982743021516,SRR3227008,ENA_SAMN04555194,CAZ,Intermediate,Resistant,16.0,16.0
SRS1339089,Acinetobacter baumannii,Acinetobacter baumannii,0.9831837977725264,SRR3227005,ENA_SAMN04555191,CAZ,Intermediate,Resistant,16.0,16.0
SRS1339111,Acinetobacter baumannii,Acinetobacter baumannii,0.98316459945594,SRR3227045,ENA_SAMN04555231,CAZ,Susceptible,Susceptible,4.0,4.0
SRS1339118,Acinetobacter baumannii,Acinetobacter baumannii,0.9824896671156718,SRR3227037,ENA_SAMN04555223,CAZ,Intermediate,Resistant,16.0,16.0
SRS1339121,Acinetobacter baumannii,Acinetobacter baumannii,0.982318703838266,SRR3227031,ENA_SAMN04555217,CAZ,Intermediate,Resistant,16.0,16.0
SRS1339126,Acinetobacter baumannii,Acinetobacter baumannii,0.982318703838266,SRR3227048,ENA_SAMN04555234,CAZ,Intermediate,Resistant,16.0,16.0
SRS1339130,Acinetobacter baumannii,Acinetobacter baumannii,0.9823236584397196,SRR3227011,ENA_SAMN04555197,CAZ,Susceptible,Susceptible,8.0,8.0
SRS1340441,Acinetobacter baumannii,Acinetobacter baumannii,0.982925802504031,SRR3228493,ENA_SAMN04555305,CAZ,Susceptible,Susceptible,2.0,2.0
SRS1340449,Acinetobacter baumannii,Acinetobacter baumannii,0.9833476758864682,SRR3228479,ENA_SAMN04555295,CAZ,Intermediate,Resistant,16.0,16.0
SRS1340559,Acinetobacter baumannii,Acinetobacter baumannii,0.9828088602880528,SRR3228534,ENA_SAMN04555480,CAZ,Susceptible,Susceptible,4.0,4.0
SRS1340570,Acinetobacter baumannii,Acinetobacter baumannii,0.982451623231788,SRR3228539,ENA_SAMN04555485,CAZ,Intermediate,Resistant,16.0,16.0
SRS1340580,Acinetobacter baumannii,Acinetobacter baumannii,0.9811748743569229,SRR3228538,ENA_SAMN04555484,CAZ,Susceptible,Susceptible,8.0,8.0
SRS1340584,Acinetobacter baumannii,Acinetobacter baumannii,0.9831798091487336,SRR3228564,ENA_SAMN04555510,CAZ,Intermediate,Resistant,16.0,16.0
SRS1340585,Acinetobacter baumannii,Acinetobacter baumannii,0.9836649253412788,SRR3228563,ENA_SAMN04555509,CAZ,Intermediate,Resistant,16.0,16.0
SRS1340587,Acinetobacter baumannii,Acinetobacter baumannii,0.9838121533536904,SRR3228569,ENA_SAMN04555515,CAZ,Intermediate,Resistant,16.0,16.0
SRS1340594,Acinetobacter baumannii,Acinetobacter baumannii,0.9835657865796974,SRR3228559,ENA_SAMN04555505,CAZ,Intermediate,Resistant,16.0,16.0
SRS1340596,Acinetobacter baumannii,Acinetobacter baumannii,0.9833759815385756,SRR3228557,ENA_SAMN04555503,CAZ,Susceptible,Susceptible,2.0,2.0
SRS1340598,Acinetobacter baumannii,Acinetobacter baumannii,0.9834205243175386,SRR3228575,ENA_SAMN04555521,CAZ,Intermediate,Resistant,16.0,16.0
SRS1349699,Salmonella enterica,Salmonella enterica,0.990874462447794,SRR3242342,ENA_SAMN04218196,GEN,Susceptible,Susceptible,0.5,0.5
SRS1349703,Salmonella enterica,Salmonella enterica,0.9907760914180352,SRR3242326,ENA_SAMN04218186,GEN,Susceptible,Susceptible,0.5,0.5
SRS1349704,Salmonella enterica,Salmonella enterica,0.9905573495450778,SRR3242213,ENA_SAMN04218185,GEN,Resistant,Resistant,16.0,16.0
SRS1349717,Salmonella enterica,Salmonella enterica,0.9853913792087184,SRR3242354,ENA_SAMN04218207,GEN,Susceptible,Susceptible,0.5,0.5
SRS1349929,Campylobacter jejuni,Campylobacter jejuni,0.9811656148850916,SRR3241809,ENA_SAMN04568566,TET,Resistant,Resistant,64.0,64.0
SRS1350009,Acinetobacter baumannii,Acinetobacter baumannii,0.9824723693610276,SRR6703158,ENA_SAMN04014904,CAZ,Resistant,Resistant,128.0,64.0
SRS1350011,Acinetobacter baumannii,Acinetobacter baumannii,0.9810114459949476,SRR6818605,ENA_SAMN04014929,CAZ,Resistant,Resistant,128.0,64.0
SRS1350012,Escherichia coli,Escherichia coli,0.9862937951018174,SRR3242018,ENA_SAMN04014925,GEN,Susceptible,Susceptible,0.25,0.25
SRS1350013,Acinetobacter baumannii,Acinetobacter baumannii,0.9826503488384262,SRR6818604,ENA_SAMN04014924,CAZ,Resistant,Resistant,128.0,64.0
SRS1350029,Acinetobacter baumannii,Acinetobacter baumannii,0.9828985918648662,SRR6818824,ENA_SAMN04014943,CAZ,Resistant,Resistant,64.0,64.0
SRS1350030,Acinetobacter baumannii,Acinetobacter baumannii,0.9826208417743796,SRR6818794,ENA_SAMN04014942,CAZ,Resistant,Resistant,128.0,64.0
SRS1350031,Pseudomonas aeruginosa,Pseudomonas aeruginosa,0.9887714785169872,SRR6818875,ENA_SAMN04014936,CAZ,Susceptible,Susceptible,8.0,8.0
SRS1350040,Acinetobacter baumannii,Acinetobacter baumannii,0.9828274088682656,SRR3242044,ENA_SAMN04568513,CAZ,Intermediate,Resistant,16.0,16.0
SRS1350045,Acinetobacter baumannii,Acinetobacter baumannii,0.9816172494665591,SRR3242039,ENA_SAMN04568508,CAZ,Intermediate,Resistant,16.0,16.0
SRS1350060,Acinetobacter baumannii,Acinetobacter baumannii,0.9826012136660704,SRR3242051,ENA_SAMN04568520,CAZ,Susceptible,Susceptible,8.0,8.0
SRS1352998,Salmonella enterica,Salmonella enterica,0.9981862735978032,SRR3271883,ENA_SAMN04255317,GEN,Susceptible,Susceptible,0.25,0.25
SRS1353012,Salmonella enterica,Salmonella enterica,0.9934613106872108,SRR3271890,ENA_SAMN04255344,GEN,Susceptible,Susceptible,0.5,0.5
SRS1359734,Salmonella enterica,Salmonella enterica,0.9904899935095814,SRR3289784,ENA_SAMN04218256,GEN,Resistant,Resistant,16.0,16.0
SRS1359747,Salmonella enterica,Salmonella enterica,0.9850827294840784,SRR3289806,ENA_SAMN04218229,GEN,Susceptible,Susceptible,1.0,1.0
SRS1359748,Salmonella enterica,Salmonella enterica,0.9914140148376954,SRR3289805,ENA_SAMN04218227,GEN,Resistant,Resistant,16.0,16.0
SRS1359991,Escherichia coli,Escherichia coli,0.9733425381005524,SRR3290091,ENA_SAMN04571743,GEN,Susceptible,Susceptible,0.5,0.5
SRS1359992,Escherichia coli,Escherichia coli,0.9889155465959176,SRR3290090,ENA_SAMN04571742,GEN,Susceptible,Susceptible,1.0,1.0
SRS1359993,Escherichia coli,Escherichia coli,0.9736535956897214,SRR3290089,ENA_SAMN04571741,GEN,Resistant,Resistant,16.0,16.0
SRS1361367,Salmonella enterica,Salmonella enterica,0.9853476832070022,SRR3294534,ENA_SAMN04255231,GEN,Intermediate,Susceptible,4.0,4.0
SRS1361885,Salmonella enterica,Salmonella enterica,0.998926040550586,SRR3295612,ENA_SAMN04576696,GEN,Resistant,Resistant,16.0,16.0
SRS1361889,Salmonella enterica,Salmonella enterica,0.994696584967828,SRR3295608,ENA_SAMN04576692,GEN,Susceptible,Susceptible,0.5,0.5
SRS1361903,Salmonella enterica,Salmonella enterica,0.9872844918332858,SRR3295594,ENA_SAMN04576678,GEN,Resistant,Resistant,16.0,16.0
SRS1361907,Salmonella enterica,Salmonella enterica,0.9870638714468648,SRR3295590,ENA_SAMN04576674,GEN,Susceptible,Susceptible,0.5,0.5
SRS1361913,Salmonella enterica,Salmonella enterica,0.9939724282751172,SRR3295584,ENA_SAMN04576668,GEN,Resistant,Resistant,16.0,16.0
SRS1361920,Salmonella enterica,Salmonella enterica,0.99450976396073,SRR3295576,ENA_SAMN04576660,GEN,Resistant,Resistant,16.0,16.0
SRS1361940,Salmonella enterica,Salmonella enterica,0.9888249930223192,SRR3295556,ENA_SAMN04576640,GEN,Resistant,Resistant,16.0,16.0
SRS1361959,Salmonella enterica,Salmonella enterica,0.9981277342286644,SRR3295538,ENA_SAMN04576622,GEN,Susceptible,Susceptible,0.25,0.25
SRS1361970,Salmonella enterica,Salmonella enterica,0.9907295414405812,SRR3295527,ENA_SAMN04576611,GEN,Resistant,Resistant,16.0,16.0
SRS1361991,Salmonella enterica,Salmonella enterica,0.9898918824564812,SRR3295506,ENA_SAMN04576590,GEN,Susceptible,Susceptible,0.5,0.5
SRS1362008,Salmonella enterica,Salmonella enterica,0.9906703986740764,SRR3295952,ENA_SAMN04577499,GEN,Susceptible,Susceptible,1.0,1.0
SRS1362024,Salmonella enterica,Salmonella enterica,0.9982348894983514,SRR3295936,ENA_SAMN04577483,GEN,Susceptible,Susceptible,0.5,0.5
SRS1362038,Salmonella enterica,Salmonella enterica,0.9980791785406954,SRR3295921,ENA_SAMN04577468,GEN,Susceptible,Susceptible,0.25,0.25
SRS1362043,Salmonella enterica,Salmonella enterica,0.987295149286909,SRR3295916,ENA_SAMN04577463,GEN,Susceptible,Susceptible,0.5,0.5
SRS1362057,Salmonella enterica,Salmonella enterica,0.9874171788130812,SRR3295905,ENA_SAMN04577452,GEN,Resistant,Resistant,16.0,16.0
SRS1362059,Salmonella enterica,Salmonella enterica,0.9874523917488434,SRR3295903,ENA_SAMN04577450,GEN,Resistant,Resistant,16.0,16.0
SRS1362081,Salmonella enterica,Salmonella enterica,0.9880322395604506,SRR3295880,ENA_SAMN04577427,GEN,Susceptible,Susceptible,0.5,0.5
SRS1362089,Salmonella enterica,Salmonella enterica,0.984524083444102,SRR3295873,ENA_SAMN04577420,GEN,Resistant,Resistant,16.0,16.0
SRS1362101,Salmonella enterica,Salmonella enterica,0.9851197657325969,SRR3295861,ENA_SAMN04577408,GEN,Resistant,Resistant,16.0,16.0
SRS1362102,Salmonella enterica,Salmonella enterica,0.987789822757977,SRR3295860,ENA_SAMN04577407,GEN,Susceptible,Susceptible,0.5,0.5
SRS1362122,Salmonella enterica,Salmonella enterica,0.9878342846684416,SRR3295840,ENA_SAMN04577387,GEN,Susceptible,Susceptible,0.5,0.5
SRS1362130,Salmonella enterica,Salmonella enterica,0.9882431320311534,SRR3295833,ENA_SAMN04577380,GEN,Susceptible,Susceptible,0.5,0.5
SRS1362132,Salmonella enterica,Salmonella enterica,0.9857076079435788,SRR3295830,ENA_SAMN04577377,GEN,Susceptible,Susceptible,1.0,1.0
SRS1362140,Salmonella enterica,Salmonella enterica,0.9876576128532162,SRR3295822,ENA_SAMN04577369,GEN,Resistant,Resistant,16.0,16.0
SRS1362161,Salmonella enterica,Salmonella enterica,0.984805788236666,SRR3295801,ENA_SAMN04577348,GEN,Resistant,Resistant,16.0,16.0
SRS1362170,Salmonella enterica,Salmonella enterica,0.9907827256602172,SRR3295792,ENA_SAMN04577339,GEN,Susceptible,Susceptible,0.25,0.25
SRS1362196,Salmonella enterica,Salmonella enterica,0.990303806665202,SRR3295766,ENA_SAMN04577313,GEN,Susceptible,Susceptible,0.5,0.5
SRS1362197,Salmonella enterica,Salmonella enterica,0.9853812526246352,SRR3295765,ENA_SAMN04577312,GEN,Susceptible,Susceptible,1.0,1.0
SRS1362208,Salmonella enterica,Salmonella enterica,0.9982406941012744,SRR3295754,ENA_SAMN04577301,GEN,Susceptible,Susceptible,0.25,0.25
SRS1362215,Salmonella enterica,Salmonella enterica,0.9879318063608898,SRR3295747,ENA_SAMN04577294,GEN,Susceptible,Susceptible,0.5,0.5
SRS1362227,Salmonella enterica,Salmonella enterica,0.9852627538996964,SRR3295735,ENA_SAMN04577282,GEN,Resistant,Resistant,16.0,16.0
SRS1362229,Salmonella enterica,Salmonella enterica,0.9881959266523178,SRR3295733,ENA_SAMN04577280,GEN,Susceptible,Susceptible,1.0,1.0
SRS1362244,Salmonella enterica,Salmonella enterica,0.989832098938386,SRR3295718,ENA_SAMN04577265,GEN,Susceptible,Susceptible,0.5,0.5
SRS1362253,Salmonella enterica,Salmonella enterica,0.9981865146815364,SRR3295709,ENA_SAMN04577256,GEN,Resistant,Resistant,8.0,8.0
SRS1362257,Salmonella enterica,Salmonella enterica,0.99856680152414,SRR3295705,ENA_SAMN04577252,GEN,Susceptible,Susceptible,0.5,0.5
SRS1362281,Salmonella enterica,Salmonella enterica,0.9903437101437004,SRR3295681,ENA_SAMN04577228,GEN,Susceptible,Susceptible,0.5,0.5
SRS1362287,Salmonella enterica,Salmonella enterica,0.9872638513926332,SRR3295677,ENA_SAMN04577224,GEN,Susceptible,Susceptible,0.5,0.5
SRS1362289,Salmonella enterica,Salmonella enterica,0.9848132833695968,SRR3295674,ENA_SAMN04577221,GEN,Resistant,Resistant,16.0,16.0
SRS1362303,Salmonella enterica,Salmonella enterica,0.989714268335407,SRR3295659,ENA_SAMN04577206,GEN,Susceptible,Susceptible,0.5,0.5
SRS1362306,Salmonella enterica,Salmonella enterica,0.9896832538257198,SRR3295657,ENA_SAMN04577204,GEN,Susceptible,Susceptible,0.5,0.5
SRS1362320,Salmonella enterica,Salmonella enterica,0.9868885258886178,SRR3295643,ENA_SAMN04577190,GEN,Resistant,Resistant,16.0,16.0
SRS1362328,Salmonella enterica,Salmonella enterica,0.9879668632231492,SRR3295634,ENA_SAMN04577181,GEN,Susceptible,Susceptible,0.5,0.5
SRS1362934,Campylobacter jejuni,Campylobacter jejuni,0.9826681483019992,SRR3297723,ENA_SAMN04580866,TET,Resistant,Resistant,64.0,64.0
SRS1362938,Campylobacter jejuni,Campylobacter jejuni,0.9824272337596226,SRR3297734,ENA_SAMN04580857,TET,Resistant,Resistant,32.0,32.0
SRS1362939,Campylobacter jejuni,Campylobacter jejuni,0.9808000856808872,SRR3297732,ENA_SAMN04580855,TET,Resistant,Resistant,64.0,64.0
SRS1362940,Campylobacter jejuni,Campylobacter jejuni,0.9823695571169074,SRR3297731,ENA_SAMN04580871,TET,Resistant,Resistant,64.0,64.0
SRS1362952,Campylobacter jejuni,Campylobacter jejuni,0.9820501673052248,SRR3297737,ENA_SAMN04580867,TET,Resistant,Resistant,64.0,64.0
SRS1362955,Campylobacter jejuni,Campylobacter jejuni,0.9827127902836564,SRR3297742,ENA_SAMN04580868,TET,Resistant,Resistant,64.0,64.0
SRS1365258,Salmonella enterica,Salmonella enterica,0.9933679920618924,SRR3306283,ENA_SAMN04255243,GEN,Susceptible,Susceptible,0.5,0.5
SRS1369890,Campylobacter jejuni,Campylobacter jejuni,0.98121956610363,SRR3319956,ENA_SAMN04599788,TET,Susceptible,Susceptible,0.06,0.06
SRS1369891,Campylobacter jejuni,Campylobacter jejuni,0.9819805395884752,SRR3319968,ENA_SAMN04599796,TET,Susceptible,Susceptible,0.5,0.5
SRS1369893,Campylobacter jejuni,Campylobacter jejuni,0.9819900019713372,SRR3319978,ENA_SAMN04599787,TET,Resistant,Resistant,64.0,64.0
SRS1369894,Campylobacter jejuni,Campylobacter jejuni,0.9819322449495268,SRR3319977,ENA_SAMN04599776,TET,Resistant,Resistant,64.0,64.0
SRS1369896,Campylobacter jejuni,Campylobacter jejuni,0.9823128869257868,SRR3319975,ENA_SAMN04599782,TET,Resistant,Resistant,64.0,64.0
SRS1369898,Campylobacter jejuni,Campylobacter jejuni,0.9820641596468912,SRR3319973,ENA_SAMN04599795,TET,Resistant,Resistant,64.0,64.0
SRS1369901,Campylobacter jejuni,Campylobacter jejuni,0.9925442822542886,SRR3319970,ENA_SAMN04599781,TET,Resistant,Resistant,64.0,64.0
SRS1369902,Campylobacter jejuni,Campylobacter jejuni,0.982221794668351,SRR3319969,ENA_SAMN04599786,TET,Resistant,Resistant,64.0,64.0
SRS1369903,Campylobacter jejuni,Campylobacter jejuni,0.9815131675681464,SRR3319993,ENA_SAMN04599802,TET,Resistant,Resistant,64.0,64.0
SRS1369904,Campylobacter jejuni,Campylobacter jejuni,0.9817821976523782,SRR3319992,ENA_SAMN04599794,TET,Resistant,Resistant,64.0,64.0
SRS1369906,Campylobacter jejuni,Campylobacter jejuni,0.9810498834263556,SRR3319990,ENA_SAMN04599790,TET,Resistant,Resistant,64.0,64.0
SRS1369907,Campylobacter jejuni,Campylobacter jejuni,0.98113254013281,SRR3319987,ENA_SAMN04599797,TET,Resistant,Resistant,64.0,64.0
SRS1369908,Campylobacter jejuni,Campylobacter jejuni,0.9825031366269504,SRR3319988,ENA_SAMN04599800,TET,Susceptible,Susceptible,0.12,0.12
SRS1369909,Campylobacter jejuni,Campylobacter jejuni,0.9824897156343352,SRR3319986,ENA_SAMN04599798,TET,Susceptible,Susceptible,0.06,0.06
SRS1369910,Campylobacter jejuni,Campylobacter jejuni,0.9824854906001944,SRR3319985,ENA_SAMN04599792,TET,Susceptible,Susceptible,0.06,0.06
SRS1369913,Campylobacter jejuni,Campylobacter jejuni,0.9825173594760352,SRR3319983,ENA_SAMN04599779,TET,Resistant,Resistant,32.0,32.0
SRS1369929,Campylobacter jejuni,Campylobacter jejuni,0.9812339525700744,SRR3319995,ENA_SAMN04599793,TET,Resistant,Resistant,32.0,32.0
SRS1369930,Campylobacter jejuni,Campylobacter jejuni,0.98226122830922,SRR3319994,ENA_SAMN04599789,TET,Susceptible,Susceptible,0.25,0.25
SRS1369932,Campylobacter jejuni,Campylobacter jejuni,0.981507430583146,SRR3320062,ENA_SAMN04599801,TET,Resistant,Resistant,64.0,64.0
SRS1371147,Campylobacter jejuni,Campylobacter jejuni,0.9822386343294408,SRR3321616,ENA_SAMN04600067,TET,Resistant,Resistant,64.0,64.0
SRS1371151,Campylobacter jejuni,Campylobacter jejuni,0.9821424186755152,SRR3321633,ENA_SAMN04600066,TET,Susceptible,Susceptible,0.12,0.12
SRS1371152,Campylobacter jejuni,Campylobacter jejuni,0.9820823129763044,SRR3321632,ENA_SAMN04600095,TET,Resistant,Resistant,64.0,64.0
SRS1371155,Campylobacter jejuni,Campylobacter jejuni,0.9819278877464892,SRR3321631,ENA_SAMN04600084,TET,Susceptible,Susceptible,1.0,1.0
SRS1371156,Campylobacter jejuni,Campylobacter jejuni,0.9807105034212044,SRR3321628,ENA_SAMN04600069,TET,Resistant,Resistant,16.0,16.0
SRS1371159,Campylobacter jejuni,Campylobacter jejuni,0.9814048384386428,SRR3321624,ENA_SAMN04600078,TET,Resistant,Resistant,64.0,64.0
SRS1371160,Campylobacter jejuni,Campylobacter jejuni,0.9817582114786312,SRR3321623,ENA_SAMN04600089,TET,Resistant,Resistant,64.0,64.0
SRS1371161,Campylobacter jejuni,Campylobacter jejuni,0.9819989779411444,SRR3321622,ENA_SAMN04600090,TET,Susceptible,Susceptible,0.5,0.5
SRS1371163,Campylobacter jejuni,Campylobacter jejuni,0.9819413274958833,SRR3321620,ENA_SAMN04600083,TET,Susceptible,Susceptible,1.0,1.0
SRS1371165,Campylobacter jejuni,Campylobacter jejuni,0.9805600222622208,SRR3321626,ENA_SAMN04600076,TET,Resistant,Resistant,64.0,64.0
SRS1371168,Campylobacter jejuni,Campylobacter jejuni,0.9823788734453048,SRR3321643,ENA_SAMN04600073,TET,Resistant,Resistant,64.0,64.0
SRS1371169,Campylobacter jejuni,Campylobacter jejuni,0.9816445548948308,SRR3321642,ENA_SAMN04600093,TET,Resistant,Resistant,64.0,64.0
SRS1371170,Campylobacter jejuni,Campylobacter jejuni,0.9832357885589496,SRR3321641,ENA_SAMN04600092,TET,Resistant,Resistant,64.0,64.0
SRS1371172,Campylobacter jejuni,Campylobacter jejuni,0.9827027162962266,SRR3321639,ENA_SAMN04600085,TET,Resistant,Resistant,64.0,64.0
SRS1371176,Campylobacter jejuni,Campylobacter jejuni,0.9820544726889636,SRR3321635,ENA_SAMN04600099,TET,Susceptible,Susceptible,0.06,0.06
SRS1371179,Campylobacter jejuni,Campylobacter jejuni,0.980526740345794,SRR3321655,ENA_SAMN04600070,TET,Susceptible,Susceptible,0.5,0.5
SRS1371181,Campylobacter jejuni,Campylobacter jejuni,0.9822722290402762,SRR3321651,ENA_SAMN04600077,TET,Resistant,Resistant,64.0,64.0
SRS1371182,Campylobacter jejuni,Campylobacter jejuni,0.9823104325821485,SRR3321648,ENA_SAMN04600094,TET,Resistant,Resistant,64.0,64.0
SRS1371183,Campylobacter jejuni,Campylobacter jejuni,0.981136713968994,SRR3321647,ENA_SAMN04600091,TET,Resistant,Resistant,64.0,64.0
SRS1372957,Salmonella enterica,Salmonella enterica,0.9981771609551114,SRR3330385,ENA_SAMN04255260,GEN,Susceptible,Susceptible,0.25,0.25
SRS1372958,Salmonella enterica,Salmonella enterica,0.9980796350167124,SRR3330384,ENA_SAMN04255259,GEN,Susceptible,Susceptible,0.25,0.25
SRS1372959,Salmonella enterica,Salmonella enterica,0.9980865463033616,SRR3330383,ENA_SAMN04255258,GEN,Susceptible,Susceptible,0.25,0.25
SRS1372964,Salmonella enterica,Salmonella enterica,0.9940413176843896,SRR3330386,ENA_SAMN04255261,GEN,Resistant,Resistant,16.0,16.0
SRS1373028,Salmonella enterica,Salmonella enterica,0.9934842403720656,SRR3330602,ENA_SAMN04224343,GEN,Susceptible,Susceptible,0.25,0.25
SRS1380641,Salmonella enterica,Salmonella enterica,0.9905509492727164,SRR3344472,ENA_SAMN04218277,GEN,Resistant,Resistant,16.0,16.0
SRS1381424,Escherichia coli,Escherichia coli,0.9733638169520884,SRR3345827,ENA_SAMN04622919,GEN,Resistant,Resistant,16.0,16.0
SRS1381425,Escherichia coli,Escherichia coli,0.9727630643363576,SRR3345826,ENA_SAMN04622928,GEN,Susceptible,Susceptible,1.0,1.0
SRS1381426,Escherichia coli,Escherichia coli,0.9860521573533196,SRR3345825,ENA_SAMN04622927,GEN,Resistant,Resistant,16.0,16.0
SRS1381427,Escherichia coli,Escherichia coli,0.9723594474343475,SRR3618626,ENA_SAMN04622917,GEN,Resistant,Resistant,16.0,16.0
SRS1381428,Escherichia coli,Escherichia coli,0.9862285354388466,SRR3345834,ENA_SAMN04622926,GEN,Resistant,Resistant,16.0,16.0
SRS1381429,Escherichia coli,Escherichia coli,0.9863642426154792,SRR3345833,ENA_SAMN04622925,GEN,Susceptible,Susceptible,1.0,1.0
SRS1381430,Escherichia coli,Escherichia coli,0.9862384733693575,SRR3345832,ENA_SAMN04622924,GEN,Resistant,Resistant,16.0,16.0
SRS1381431,Escherichia coli,Escherichia coli,0.986266900417683,SRR3345831,ENA_SAMN04622923,GEN,Resistant,Resistant,16.0,16.0
SRS1381432,Escherichia coli,Escherichia coli,0.9857750278684284,SRR3345830,ENA_SAMN04622922,GEN,Susceptible,Susceptible,1.0,1.0
SRS1381433,Escherichia coli,Escherichia coli,0.975134969397186,SRR3345829,ENA_SAMN04622921,GEN,Susceptible,Susceptible,1.0,1.0
SRS1381434,Escherichia coli,Escherichia coli,0.9862708652745816,SRR3345828,ENA_SAMN04622920,GEN,Susceptible,Susceptible,1.0,1.0
SRS1382881,Campylobacter jejuni,Campylobacter jejuni,0.9805871495470294,SRR3350788,ENA_SAMN04625675,TET,Resistant,Resistant,64.0,64.0
SRS1382882,Campylobacter jejuni,Campylobacter jejuni,0.9810360822588966,SRR3350809,ENA_SAMN04625687,TET,Resistant,Resistant,64.0,64.0
SRS1382883,Campylobacter jejuni,Campylobacter jejuni,0.9826168783629856,SRR3350808,ENA_SAMN04625672,TET,Resistant,Resistant,64.0,64.0
SRS1382890,Campylobacter jejuni,Campylobacter jejuni,0.982438487110202,SRR3350801,ENA_SAMN04625678,TET,Resistant,Resistant,64.0,64.0
SRS1382891,Campylobacter jejuni,Campylobacter jejuni,0.9805668731433956,SRR3350799,ENA_SAMN04625671,TET,Resistant,Resistant,64.0,64.0
SRS1382896,Campylobacter jejuni,Campylobacter jejuni,0.9816375797908422,SRR3350802,ENA_SAMN04625694,TET,Resistant,Resistant,64.0,64.0
SRS1382899,Campylobacter jejuni,Campylobacter jejuni,0.9809566714385182,SRR3350814,ENA_SAMN04625698,TET,Resistant,Resistant,64.0,64.0
SRS1382900,Campylobacter jejuni,Campylobacter jejuni,0.9816182014135256,SRR3350813,ENA_SAMN04625659,TET,Resistant,Resistant,64.0,64.0
SRS1382901,Campylobacter jejuni,Campylobacter jejuni,0.9832045785837163,SRR3350811,ENA_SAMN04625691,TET,Resistant,Resistant,64.0,64.0
SRS1382902,Campylobacter jejuni,Campylobacter jejuni,0.9812433411058428,SRR3350812,ENA_SAMN04625660,TET,Resistant,Resistant,64.0,64.0
SRS1382916,Campylobacter jejuni,Campylobacter jejuni,0.9824464187228936,SRR3350833,ENA_SAMN04625686,TET,Susceptible,Susceptible,0.12,0.12
SRS1382919,Campylobacter jejuni,Campylobacter jejuni,0.982476273519519,SRR3350821,ENA_SAMN04625668,TET,Resistant,Resistant,64.0,64.0
SRS1382921,Campylobacter jejuni,Campylobacter jejuni,0.9813819916446404,SRR3350891,ENA_SAMN04625692,TET,Resistant,Resistant,32.0,32.0
SRS1382922,Campylobacter jejuni,Campylobacter jejuni,0.98175115633251,SRR3350890,ENA_SAMN04625680,TET,Resistant,Resistant,64.0,64.0
SRS1382923,Campylobacter jejuni,Campylobacter jejuni,0.9810222073754812,SRR3350889,ENA_SAMN04625657,TET,Susceptible,Susceptible,0.12,0.12
SRS1382924,Campylobacter jejuni,Campylobacter jejuni,0.982022309590584,SRR3350887,ENA_SAMN04625697,TET,Resistant,Resistant,64.0,64.0
SRS1382928,Campylobacter jejuni,Campylobacter jejuni,0.9807920218230078,SRR3350852,ENA_SAMN04625664,TET,Resistant,Resistant,64.0,64.0
SRS1382929,Campylobacter jejuni,Campylobacter jejuni,0.9820045564644586,SRR3350850,ENA_SAMN04625683,TET,Resistant,Resistant,64.0,64.0
SRS1382931,Campylobacter jejuni,Campylobacter jejuni,0.981892443879937,SRR3350839,ENA_SAMN04625682,TET,Susceptible,Susceptible,0.06,0.06
SRS1382932,Campylobacter jejuni,Campylobacter jejuni,0.9817423072270344,SRR3350838,ENA_SAMN04625667,TET,Resistant,Resistant,64.0,64.0
SRS1382933,Campylobacter jejuni,Campylobacter jejuni,0.9818207283688446,SRR3350836,ENA_SAMN04625670,TET,Resistant,Resistant,64.0,64.0
SRS1382935,Campylobacter jejuni,Campylobacter jejuni,0.9814752099192272,SRR3350834,ENA_SAMN04625679,TET,Susceptible,Susceptible,0.06,0.06
SRS1382936,Campylobacter jejuni,Campylobacter jejuni,0.9819971374415182,SRR3350904,ENA_SAMN04625663,TET,Susceptible,Susceptible,0.06,0.06
SRS1382940,Campylobacter jejuni,Campylobacter jejuni,0.9820916340255186,SRR3350898,ENA_SAMN04625662,TET,Resistant,Resistant,64.0,64.0
SRS1382941,Campylobacter jejuni,Campylobacter jejuni,0.980954774604434,SRR3350897,ENA_SAMN04625673,TET,Resistant,Resistant,64.0,64.0
SRS1382945,Campylobacter jejuni,Campylobacter jejuni,0.9813213795723544,SRR3350893,ENA_SAMN04625655,TET,Susceptible,Susceptible,0.12,0.12
SRS1382946,Campylobacter jejuni,Campylobacter jejuni,0.981413571189036,SRR3350892,ENA_SAMN04625661,TET,Resistant,Resistant,32.0,32.0
SRS1382947,Campylobacter jejuni,Campylobacter jejuni,0.9825308396116132,SRR3350906,ENA_SAMN04625688,TET,Susceptible,Susceptible,0.06,0.06
SRS1382948,Campylobacter jejuni,Campylobacter jejuni,0.9829056189310637,SRR3350905,ENA_SAMN04625674,TET,Resistant,Resistant,64.0,64.0
SRS139131,Staphylococcus aureus,Staphylococcus aureus,0.9944096163920246,SRR073419,BVBRC_904787.3,ERY,Resistant,Resistant,,
SRS1402314,Campylobacter jejuni,Campylobacter jejuni,0.9823422318283668,SRR3402080,ENA_SAMN04869750,TET,Resistant,Resistant,64.0,64.0
SRS1402315,Campylobacter jejuni,Campylobacter jejuni,0.9816069772326156,SRR3402079,ENA_SAMN04869747,TET,Susceptible,Susceptible,0.25,0.25
SRS1402326,Campylobacter jejuni,Campylobacter jejuni,0.9826860855640024,SRR3402092,ENA_SAMN04869756,TET,Resistant,Resistant,64.0,64.0
SRS1402327,Campylobacter jejuni,Campylobacter jejuni,0.981065394448241,SRR3402091,ENA_SAMN04869743,TET,Susceptible,Susceptible,0.06,0.06
SRS1402333,Campylobacter jejuni,Campylobacter jejuni,0.9805537327825414,SRR3402085,ENA_SAMN04869751,TET,Susceptible,Susceptible,0.06,0.06
SRS1402336,Campylobacter jejuni,Campylobacter jejuni,0.9819573516827548,SRR3402082,ENA_SAMN04869754,TET,Susceptible,Susceptible,0.5,0.5
SRS1402337,Campylobacter jejuni,Campylobacter jejuni,0.9817003212901706,SRR3402101,ENA_SAMN04869746,TET,Susceptible,Susceptible,0.25,0.25
SRS1402343,Campylobacter jejuni,Campylobacter jejuni,0.982114408601247,SRR3402097,ENA_SAMN04869757,TET,Resistant,Resistant,64.0,64.0
SRS1402344,Campylobacter jejuni,Campylobacter jejuni,0.9815876150028844,SRR3402096,ENA_SAMN04869753,TET,Susceptible,Susceptible,0.12,0.12
SRS1402345,Campylobacter jejuni,Campylobacter jejuni,0.9821739100770506,SRR3402095,ENA_SAMN04869738,TET,Resistant,Resistant,64.0,64.0
SRS1402346,Campylobacter jejuni,Campylobacter jejuni,0.9810270262625064,SRR3402093,ENA_SAMN04869755,TET,Resistant,Resistant,64.0,64.0
SRS1402380,Campylobacter jejuni,Campylobacter jejuni,0.9821098413070288,SRR3402105,ENA_SAMN04869744,TET,Resistant,Resistant,64.0,64.0
SRS1421924,Campylobacter jejuni,Campylobacter jejuni,0.9817793721061104,SRR3475824,ENA_SAMN04942548,TET,Resistant,Resistant,64.0,64.0
SRS1421929,Campylobacter jejuni,Campylobacter jejuni,0.9816659569279752,SRR3475830,ENA_SAMN04942549,TET,Susceptible,Susceptible,0.25,0.25
SRS1421944,Campylobacter jejuni,Campylobacter jejuni,0.9823577040592142,SRR3475854,ENA_SAMN04942551,TET,Resistant,Resistant,64.0,64.0
SRS1421945,Campylobacter jejuni,Campylobacter jejuni,0.9815235289377252,SRR3475856,ENA_SAMN04942583,TET,Resistant,Resistant,64.0,64.0
SRS1421961,Campylobacter jejuni,Campylobacter jejuni,0.9816283920408312,SRR3475873,ENA_SAMN04942552,TET,Resistant,Resistant,64.0,64.0
SRS1424287,Campylobacter jejuni,Campylobacter jejuni,0.9936366155750594,SRR3479923,ENA_SAMN04958210,TET,Susceptible,Susceptible,0.12,0.12
SRS1424289,Campylobacter jejuni,Campylobacter jejuni,0.9805119807429062,SRR3479925,ENA_SAMN04958211,TET,Susceptible,Susceptible,0.25,0.25
SRS1424290,Campylobacter jejuni,Campylobacter jejuni,0.980480687699582,SRR3479926,ENA_SAMN04958217,TET,Resistant,Resistant,64.0,64.0
SRS1424296,Campylobacter jejuni,Campylobacter jejuni,0.9811588502685428,SRR3479932,ENA_SAMN04958219,TET,Susceptible,Susceptible,0.06,0.06
SRS1424308,Campylobacter jejuni,Campylobacter jejuni,0.982313301834224,SRR3479989,ENA_SAMN04958212,TET,Susceptible,Susceptible,0.06,0.06
SRS1424311,Campylobacter jejuni,Campylobacter jejuni,0.9826415266661004,SRR3479992,ENA_SAMN04958218,TET,Resistant,Resistant,64.0,64.0
SRS1424312,Campylobacter jejuni,Campylobacter jejuni,0.98146352815793,SRR3479993,ENA_SAMN04958205,TET,Resistant,Resistant,64.0,64.0
SRS1424315,Campylobacter jejuni,Campylobacter jejuni,0.98270711177656,SRR3479996,ENA_SAMN04958208,TET,Resistant,Resistant,64.0,64.0
SRS1424316,Campylobacter jejuni,Campylobacter jejuni,0.9803395875856848,SRR3479997,ENA_SAMN04958215,TET,Resistant,Resistant,64.0,64.0
SRS1424317,Campylobacter jejuni,Campylobacter jejuni,0.981308791764844,SRR3479998,ENA_SAMN04958220,TET,Resistant,Resistant,64.0,64.0
SRS1424318,Campylobacter jejuni,Campylobacter jejuni,0.9825122123746544,SRR3479999,ENA_SAMN04958207,TET,Resistant,Resistant,64.0,64.0
SRS1424324,Campylobacter jejuni,Campylobacter jejuni,0.9820636938577862,SRR3480023,ENA_SAMN04958216,TET,Susceptible,Susceptible,0.12,0.12
SRS1424335,Campylobacter jejuni,Campylobacter jejuni,0.98195546020051,SRR3480035,ENA_SAMN04958209,TET,Susceptible,Susceptible,0.12,0.12
SRS1436462,Acinetobacter baumannii,Acinetobacter baumannii,0.9836849779452976,SRR3502988,ENA_SAMN04993337,CAZ,Resistant,Resistant,32.0,32.0
SRS1436464,Acinetobacter baumannii,Acinetobacter baumannii,0.9820318739879798,SRR3502996,ENA_SAMN04993339,CAZ,Resistant,Resistant,32.0,32.0
SRS1436470,Acinetobacter baumannii,Acinetobacter baumannii,0.9826384121042852,SRR3503026,ENA_SAMN04993340,CAZ,Resistant,Resistant,32.0,32.0
SRS1436473,Acinetobacter baumannii,Acinetobacter baumannii,0.9835318501172468,SRR3503028,ENA_SAMN04993341,CAZ,Resistant,Resistant,32.0,32.0
SRS1436479,Acinetobacter baumannii,Acinetobacter baumannii,0.981773575475909,SRR3503035,ENA_SAMN04993349,CAZ,Susceptible,Susceptible,2.0,2.0
SRS1436481,Acinetobacter baumannii,Acinetobacter baumannii,0.9833663131597552,SRR3503038,ENA_SAMN04993350,CAZ,Resistant,Resistant,32.0,32.0
SRS1436811,Acinetobacter baumannii,Acinetobacter baumannii,0.981901972959549,SRR3503443,ENA_SAMN04993353,CAZ,Resistant,Resistant,64.0,64.0
SRS1436812,Acinetobacter baumannii,Acinetobacter baumannii,0.9821572150904768,SRR3503444,ENA_SAMN04993355,CAZ,Resistant,Resistant,32.0,32.0
SRS1436817,Acinetobacter baumannii,Acinetobacter baumannii,0.9835482556142476,SRR3503451,ENA_SAMN04993359,CAZ,Resistant,Resistant,32.0,32.0
SRS1436822,Acinetobacter baumannii,Acinetobacter baumannii,0.9829024751805632,SRR3503456,ENA_SAMN04993360,CAZ,Resistant,Resistant,32.0,32.0
SRS1436825,Acinetobacter baumannii,Acinetobacter baumannii,0.9828247176355868,SRR3503459,ENA_SAMN04993366,CAZ,Resistant,Resistant,32.0,32.0
SRS1436833,Acinetobacter baumannii,Acinetobacter baumannii,0.9835253001372564,SRR3503476,ENA_SAMN04993377,CAZ,Resistant,Resistant,32.0,32.0
SRS1436897,Acinetobacter baumannii,Acinetobacter baumannii,0.9834498523970144,SRR3503602,ENA_SAMN04993379,CAZ,Resistant,Resistant,32.0,32.0
SRS1436900,Acinetobacter baumannii,Acinetobacter baumannii,0.9834900117055752,SRR3503603,ENA_SAMN04993381,CAZ,Resistant,Resistant,32.0,32.0
SRS1436901,Acinetobacter baumannii,Acinetobacter baumannii,0.9834900117055752,SRR3503610,ENA_SAMN04993382,CAZ,Resistant,Resistant,32.0,32.0
SRS1436903,Acinetobacter baumannii,Acinetobacter baumannii,0.9834831032995194,SRR3503615,ENA_SAMN04993384,CAZ,Resistant,Resistant,32.0,32.0
SRS1436912,Acinetobacter baumannii,Acinetobacter baumannii,0.9833235022750476,SRR3503622,ENA_SAMN04993386,CAZ,Resistant,Resistant,32.0,32.0
SRS1436917,Acinetobacter baumannii,Acinetobacter baumannii,0.983489583063226,SRR3503626,ENA_SAMN04993413,CAZ,Resistant,Resistant,32.0,32.0
SRS1436921,Acinetobacter baumannii,Acinetobacter baumannii,0.983229104894686,SRR3503631,ENA_SAMN04993414,CAZ,Resistant,Resistant,32.0,32.0
SRS1437076,Acinetobacter baumannii,Acinetobacter baumannii,0.9835290305984836,SRR3503820,ENA_SAMN04993416,CAZ,Resistant,Resistant,32.0,32.0
SRS1437077,Acinetobacter baumannii,Acinetobacter baumannii,0.983814750548602,SRR3503822,ENA_SAMN04993417,CAZ,Resistant,Resistant,32.0,32.0
SRS1437078,Acinetobacter baumannii,Acinetobacter baumannii,0.9830731651012242,SRR3503825,ENA_SAMN04993418,CAZ,Resistant,Resistant,32.0,32.0
SRS1437079,Acinetobacter baumannii,Acinetobacter baumannii,0.9829998415451598,SRR3503827,ENA_SAMN04993419,CAZ,Resistant,Resistant,32.0,32.0
SRS1437080,Acinetobacter baumannii,Acinetobacter baumannii,0.9829390054621692,SRR3649788,ENA_SAMN04993420,CAZ,Resistant,Resistant,32.0,32.0
SRS1437082,Acinetobacter baumannii,Acinetobacter baumannii,0.9818522480449472,SRR3503830,ENA_SAMN04993415,CAZ,Susceptible,Susceptible,8.0,8.0
SRS1437084,Acinetobacter baumannii,Acinetobacter baumannii,0.9828337363815564,SRR3503836,ENA_SAMN04993422,CAZ,Resistant,Resistant,32.0,32.0
SRS1437087,Acinetobacter baumannii,Acinetobacter baumannii,0.9834156303996088,SRR3503841,ENA_SAMN04993424,CAZ,Resistant,Resistant,32.0,32.0
SRS1437091,Acinetobacter baumannii,Acinetobacter baumannii,0.9835304409303214,SRR3503843,ENA_SAMN04993426,CAZ,Resistant,Resistant,32.0,32.0
SRS1437125,Acinetobacter baumannii,Acinetobacter baumannii,0.9831304365817228,SRR3503900,ENA_SAMN04993430,CAZ,Resistant,Resistant,64.0,64.0
SRS1437127,Acinetobacter baumannii,Acinetobacter baumannii,0.9821798661115492,SRR3503903,ENA_SAMN04993434,CAZ,Resistant,Resistant,64.0,64.0
SRS1437129,Acinetobacter baumannii,Acinetobacter baumannii,0.9820398615261912,SRR3503907,ENA_SAMN04993437,CAZ,Resistant,Resistant,32.0,32.0
SRS1437130,Acinetobacter baumannii,Acinetobacter baumannii,0.9829355787972232,SRR3503909,ENA_SAMN04993438,CAZ,Resistant,Resistant,32.0,32.0
SRS1437131,Acinetobacter baumannii,Acinetobacter baumannii,0.9835523182851812,SRR3503910,ENA_SAMN04993440,CAZ,Resistant,Resistant,64.0,64.0
SRS1437132,Acinetobacter baumannii,Acinetobacter baumannii,0.9834926459888828,SRR3503911,ENA_SAMN04993442,CAZ,Resistant,Resistant,32.0,32.0
SRS1437133,Acinetobacter baumannii,Acinetobacter baumannii,0.9835258698186548,SRR3503913,ENA_SAMN04993444,CAZ,Resistant,Resistant,64.0,64.0
SRS1437192,Acinetobacter baumannii,Acinetobacter baumannii,0.9827871070281448,SRR3504013,ENA_SAMN04993451,CAZ,Resistant,Resistant,32.0,32.0
SRS1437193,Acinetobacter baumannii,Acinetobacter baumannii,0.9835009639841342,SRR3504016,ENA_SAMN04993455,CAZ,Resistant,Resistant,32.0,32.0
SRS1437194,Acinetobacter baumannii,Acinetobacter baumannii,0.9834606243692232,SRR3504014,ENA_SAMN04993453,CAZ,Resistant,Resistant,32.0,32.0
SRS1437195,Acinetobacter baumannii,Acinetobacter baumannii,0.9835157735646456,SRR3504095,BVBRC_470.2300,CAZ,Resistant,Resistant,32.0,32.0
SRS1437272,Acinetobacter baumannii,Acinetobacter baumannii,0.9833538015896562,SRR3504097,ENA_SAMN04993390,CAZ,Resistant,Resistant,32.0,32.0
SRS1437273,Acinetobacter baumannii,Acinetobacter baumannii,0.9835279503107844,SRR3504099,ENA_SAMN04993393,CAZ,Resistant,Resistant,32.0,32.0
SRS1437282,Acinetobacter baumannii,Acinetobacter baumannii,0.9830905692608798,SRR3504218,ENA_SAMN04993409,CAZ,Resistant,Resistant,32.0,32.0
SRS1438104,Salmonella enterica,Salmonella enterica,0.9913073103965948,SRR3509861,ENA_SAMN04255281,GEN,Resistant,Resistant,16.0,16.0
SRS1438119,Salmonella enterica,Salmonella enterica,0.9909594141877872,SRR3509890,ENA_SAMN04255302,GEN,Susceptible,Susceptible,0.5,0.5
SRS1438120,Salmonella enterica,Salmonella enterica,0.9917211438116834,SRR3509891,ENA_SAMN04255303,GEN,Susceptible,Susceptible,0.25,0.25
SRS1442612,Acinetobacter baumannii,Acinetobacter baumannii,0.9832885926185968,SRR3536229,ENA_SAMN04993368,CAZ,Resistant,Resistant,32.0,32.0
SRS1446036,Campylobacter jejuni,Campylobacter jejuni,0.982523223987349,SRR3543479,ENA_SAMN05013897,TET,Susceptible,Susceptible,0.25,0.25
SRS1446037,Campylobacter jejuni,Campylobacter jejuni,0.9810044215062104,SRR3543480,ENA_SAMN05013903,TET,Resistant,Resistant,64.0,64.0
SRS1446038,Campylobacter jejuni,Campylobacter jejuni,0.9821830736858368,SRR3543481,ENA_SAMN05013906,TET,Resistant,Resistant,64.0,64.0
SRS1446041,Campylobacter jejuni,Campylobacter jejuni,0.9820824241522164,SRR3543484,ENA_SAMN05013907,TET,Susceptible,Susceptible,0.25,0.25
SRS1446042,Campylobacter jejuni,Campylobacter jejuni,0.9933243378722516,SRR3543485,ENA_SAMN05013892,TET,Resistant,Resistant,64.0,64.0
SRS1446043,Campylobacter jejuni,Campylobacter jejuni,0.982593156584312,SRR3543486,ENA_SAMN05013889,TET,Resistant,Resistant,64.0,64.0
SRS1446044,Campylobacter jejuni,Campylobacter jejuni,0.9817307215037804,SRR3543487,ENA_SAMN05013904,TET,Resistant,Resistant,64.0,64.0
SRS1446045,Campylobacter jejuni,Campylobacter jejuni,0.9895711706527393,SRR3543488,ENA_SAMN05013902,TET,Susceptible,Susceptible,0.06,0.06
SRS1446048,Campylobacter jejuni,Campylobacter jejuni,0.9799463776727289,SRR3543491,ENA_SAMN05013878,TET,Resistant,Resistant,64.0,64.0
SRS1446049,Campylobacter jejuni,Campylobacter jejuni,0.981832300227112,SRR3543493,ENA_SAMN05013898,TET,Susceptible,Susceptible,0.12,0.12
SRS1446050,Campylobacter jejuni,Campylobacter jejuni,0.9814475907366492,SRR3543492,ENA_SAMN05013886,TET,Susceptible,Susceptible,0.06,0.06
SRS1446052,Campylobacter jejuni,Campylobacter jejuni,0.9817568227406946,SRR3543495,ENA_SAMN05013890,TET,Resistant,Resistant,64.0,64.0
SRS1446053,Campylobacter jejuni,Campylobacter jejuni,0.9820084083598356,SRR3543496,ENA_SAMN05013893,TET,Resistant,Resistant,64.0,64.0
SRS1446055,Campylobacter jejuni,Campylobacter jejuni,0.9819392676837886,SRR3543498,ENA_SAMN05013899,TET,Susceptible,Susceptible,0.5,0.5
SRS1446056,Campylobacter jejuni,Campylobacter jejuni,0.9821236287236532,SRR3543499,ENA_SAMN05013880,TET,Resistant,Resistant,64.0,64.0
SRS1446058,Campylobacter jejuni,Campylobacter jejuni,0.99398970804601,SRR3543501,ENA_SAMN05013887,TET,Susceptible,Susceptible,0.06,0.06
SRS1446060,Campylobacter jejuni,Campylobacter jejuni,0.9815171428028804,SRR3543503,ENA_SAMN05013891,TET,Resistant,Resistant,64.0,64.0
SRS1446061,Campylobacter jejuni,Campylobacter jejuni,0.9803928559607864,SRR3543504,ENA_SAMN05013895,TET,Resistant,Resistant,32.0,32.0
SRS1446062,Campylobacter jejuni,Campylobacter jejuni,0.9813031764466236,SRR3543505,ENA_SAMN05013896,TET,Resistant,Resistant,32.0,32.0
SRS1446063,Campylobacter jejuni,Campylobacter jejuni,0.9811417904293146,SRR3543506,ENA_SAMN05013900,TET,Resistant,Resistant,64.0,64.0
SRS1446064,Campylobacter jejuni,Campylobacter jejuni,0.9823821371934528,SRR3543507,ENA_SAMN05013881,TET,Susceptible,Susceptible,0.12,0.12
SRS1446066,Campylobacter jejuni,Campylobacter jejuni,0.983081085854584,SRR3543509,ENA_SAMN05013882,TET,Resistant,Resistant,64.0,64.0
SRS1446067,Campylobacter jejuni,Campylobacter jejuni,0.9822984234375456,SRR3543510,ENA_SAMN05013910,TET,Resistant,Resistant,64.0,64.0
SRS1446683,Campylobacter jejuni,Campylobacter jejuni,0.9815002701496228,SRR3545750,ENA_SAMN05049802,TET,Susceptible,Susceptible,0.12,0.12
SRS1446686,Campylobacter jejuni,Campylobacter jejuni,0.981934363668078,SRR3545759,ENA_SAMN05049817,TET,Resistant,Resistant,64.0,64.0
SRS1446687,Campylobacter jejuni,Campylobacter jejuni,0.9817882570677712,SRR3545856,ENA_SAMN05049815,TET,Resistant,Resistant,64.0,64.0
SRS1446688,Campylobacter jejuni,Campylobacter jejuni,0.9810166374306916,SRR3545861,ENA_SAMN05049830,TET,Susceptible,Susceptible,0.12,0.12
SRS1446689,Campylobacter jejuni,Campylobacter jejuni,0.982007051626948,SRR3545862,ENA_SAMN05049801,TET,Resistant,Resistant,64.0,64.0
SRS1446691,Campylobacter jejuni,Campylobacter jejuni,0.982045122349368,SRR3545864,ENA_SAMN05049825,TET,Susceptible,Susceptible,1.0,1.0
SRS1446694,Campylobacter jejuni,Campylobacter jejuni,0.9819323201562636,SRR3545867,ENA_SAMN05049805,TET,Resistant,Resistant,64.0,64.0
SRS1446695,Campylobacter jejuni,Campylobacter jejuni,0.9800943580880626,SRR3545868,ENA_SAMN05049806,TET,Susceptible,Susceptible,0.25,0.25
SRS1446698,Campylobacter jejuni,Campylobacter jejuni,0.982619967624572,SRR3545871,ENA_SAMN05049814,TET,Resistant,Resistant,64.0,64.0
SRS1446699,Campylobacter jejuni,Campylobacter jejuni,0.9821325470550396,SRR3545870,ENA_SAMN05049813,TET,Resistant,Resistant,32.0,32.0
SRS1446700,Campylobacter jejuni,Campylobacter jejuni,0.9812609488562052,SRR3545872,ENA_SAMN05049819,TET,Resistant,Resistant,32.0,32.0
SRS1446707,Campylobacter jejuni,Campylobacter jejuni,0.9812300287939768,SRR3545883,ENA_SAMN05049800,TET,Resistant,Resistant,64.0,64.0
SRS1446709,Campylobacter jejuni,Campylobacter jejuni,0.9941574364510284,SRR3545886,ENA_SAMN05049829,TET,Susceptible,Susceptible,0.06,0.06
SRS1446715,Campylobacter jejuni,Campylobacter jejuni,0.9823309613363655,SRR3545893,ENA_SAMN05049810,TET,Susceptible,Susceptible,0.12,0.12
SRS1446718,Campylobacter jejuni,Campylobacter jejuni,0.981855592967776,SRR3545907,ENA_SAMN05049809,TET,Susceptible,Susceptible,0.12,0.12
SRS1446719,Campylobacter jejuni,Campylobacter jejuni,0.9821605284797428,SRR3545908,ENA_SAMN05049823,TET,Resistant,Resistant,64.0,64.0
SRS1446723,Campylobacter jejuni,Campylobacter jejuni,0.9808172273198444,SRR3545921,ENA_SAMN05049811,TET,Resistant,Resistant,64.0,64.0
SRS1446725,Campylobacter jejuni,Campylobacter jejuni,0.9930803925507466,SRR3545923,ENA_SAMN05049818,TET,Resistant,Resistant,64.0,64.0
SRS1446726,Campylobacter jejuni,Campylobacter jejuni,0.9830452172597406,SRR3545924,ENA_SAMN05049828,TET,Resistant,Resistant,64.0,64.0
SRS1446730,Campylobacter jejuni,Campylobacter jejuni,0.9823902660040964,SRR3545936,ENA_SAMN05049822,TET,Susceptible,Susceptible,0.12,0.12
SRS1463436,Campylobacter jejuni,Campylobacter jejuni,0.9818995136209708,SRR3575110,ENA_SAMN05163857,TET,Resistant,Resistant,64.0,64.0
SRS1463440,Campylobacter jejuni,Campylobacter jejuni,0.9811292477116176,SRR3575114,ENA_SAMN05163856,TET,Susceptible,Susceptible,0.12,0.12
SRS1463443,Campylobacter jejuni,Campylobacter jejuni,0.9807181356185922,SRR3575117,ENA_SAMN05163854,TET,Susceptible,Susceptible,0.12,0.12
SRS1463447,Campylobacter jejuni,Campylobacter jejuni,0.9821375066345056,SRR3575121,ENA_SAMN05163860,TET,Resistant,Resistant,64.0,64.0
SRS1465415,Campylobacter jejuni,Campylobacter jejuni,0.980491663544814,SRR3583301,ENA_SAMN05171403,TET,Resistant,Resistant,64.0,64.0
SRS1465416,Campylobacter jejuni,Campylobacter jejuni,0.9802102524411532,SRR3583302,ENA_SAMN05171404,TET,Resistant,Resistant,64.0,64.0
SRS1465417,Campylobacter jejuni,Campylobacter jejuni,0.9815052069293786,SRR3583303,ENA_SAMN05171406,TET,Resistant,Resistant,64.0,64.0
SRS1465418,Campylobacter jejuni,Campylobacter jejuni,0.9819548192355776,SRR3583304,ENA_SAMN05171407,TET,Susceptible,Susceptible,0.12,0.12
SRS1465419,Campylobacter jejuni,Campylobacter jejuni,0.9823707390926116,SRR3583305,BVBRC_197.16248,TET,Resistant,Resistant,64.0,64.0
SRS1465421,Campylobacter jejuni,Campylobacter jejuni,0.981196042220817,SRR3583307,ENA_SAMN05171402,TET,Resistant,Resistant,64.0,64.0
SRS1465423,Campylobacter jejuni,Campylobacter jejuni,0.9823076522696392,SRR3583309,ENA_SAMN05171395,TET,Susceptible,Susceptible,0.25,0.25
SRS1465425,Campylobacter jejuni,Campylobacter jejuni,0.9820639744641692,SRR3583311,ENA_SAMN05171401,TET,Resistant,Resistant,64.0,64.0
SRS1465426,Campylobacter jejuni,Campylobacter jejuni,0.9816861624352998,SRR3583312,ENA_SAMN05171408,TET,Susceptible,Susceptible,0.25,0.25
SRS1465429,Campylobacter jejuni,Campylobacter jejuni,0.9810575147115896,SRR3583315,ENA_SAMN05171397,TET,Resistant,Resistant,64.0,64.0
SRS1465430,Campylobacter jejuni,Campylobacter jejuni,0.9822215643657568,SRR3583318,ENA_SAMN05171389,TET,Susceptible,Susceptible,0.25,0.25
SRS1465431,Campylobacter jejuni,Campylobacter jejuni,0.9825527806974362,SRR3583317,ENA_SAMN05171405,TET,Resistant,Resistant,64.0,64.0
SRS1465435,Campylobacter jejuni,Campylobacter jejuni,0.9935416387835844,SRR3583321,ENA_SAMN05171398,TET,Susceptible,Susceptible,0.06,0.06
SRS1465436,Campylobacter jejuni,Campylobacter jejuni,0.9816740513434972,SRR3583322,ENA_SAMN05171412,TET,Susceptible,Susceptible,0.06,0.06
SRS1465437,Campylobacter jejuni,Campylobacter jejuni,0.9820731423504772,SRR3583323,ENA_SAMN05171413,TET,Susceptible,Susceptible,0.25,0.25
SRS1467818,Escherichia coli,Escherichia coli,0.986403611413182,SRR3588895,ENA_SAMN05178547,GEN,Resistant,Resistant,16.0,16.0
SRS1467819,Escherichia coli,Escherichia coli,0.986276821253904,SRR3588896,ENA_SAMN05178548,GEN,Resistant,Resistant,16.0,16.0
SRS1467820,Escherichia coli,Escherichia coli,0.965892384643871,SRR3588897,ENA_SAMN05178549,GEN,Susceptible,Susceptible,1.0,1.0
SRS1474984,Campylobacter jejuni,Campylobacter jejuni,0.9810507500223112,SRR3611597,ENA_SAMN05189929,TET,Resistant,Resistant,64.0,64.0
SRS1474985,Campylobacter jejuni,Campylobacter jejuni,0.9812159402363908,SRR3611598,ENA_SAMN05189930,TET,Resistant,Resistant,64.0,64.0
SRS1474991,Campylobacter jejuni,Campylobacter jejuni,0.9813034902020934,SRR3611607,ENA_SAMN05189936,TET,Resistant,Resistant,64.0,64.0
SRS1474992,Campylobacter jejuni,Campylobacter jejuni,0.9809149189015716,SRR3611608,ENA_SAMN05189937,TET,Resistant,Resistant,64.0,64.0
SRS1474993,Campylobacter jejuni,Campylobacter jejuni,0.9810391853915008,SRR3611610,ENA_SAMN05189938,TET,Resistant,Resistant,64.0,64.0
SRS1474994,Campylobacter jejuni,Campylobacter jejuni,0.9819271532808028,SRR3611611,ENA_SAMN05189939,TET,Resistant,Resistant,32.0,32.0
SRS1474996,Campylobacter jejuni,Campylobacter jejuni,0.980890611501999,SRR3611618,ENA_SAMN05189941,TET,Resistant,Resistant,64.0,64.0
SRS1475000,Campylobacter jejuni,Campylobacter jejuni,0.9816342299664907,SRR3611637,ENA_SAMN05189943,TET,Resistant,Resistant,64.0,64.0
SRS1475006,Campylobacter jejuni,Campylobacter jejuni,0.9824670592050484,SRR3611687,ENA_SAMN05190017,TET,Susceptible,Susceptible,0.06,0.06
SRS1475008,Campylobacter jejuni,Campylobacter jejuni,0.9828720220637748,SRR3611703,ENA_SAMN05190018,TET,Susceptible,Susceptible,0.12,0.12
SRS1475009,Campylobacter jejuni,Campylobacter jejuni,0.9815329446931662,SRR3611705,ENA_SAMN05190019,TET,Resistant,Resistant,64.0,64.0
SRS1475011,Campylobacter jejuni,Campylobacter jejuni,0.9813055461299316,SRR3611721,ENA_SAMN05190020,TET,Resistant,Resistant,64.0,64.0
SRS1475012,Campylobacter jejuni,Campylobacter jejuni,0.9812418133887624,SRR3611725,ENA_SAMN05190021,TET,Resistant,Resistant,64.0,64.0
SRS1475013,Campylobacter jejuni,Campylobacter jejuni,0.981401032844417,SRR3611727,ENA_SAMN05190022,TET,Susceptible,Susceptible,0.12,0.12
SRS1475014,Campylobacter jejuni,Campylobacter jejuni,0.9821773313229484,SRR3611728,ENA_SAMN05190024,TET,Resistant,Resistant,64.0,64.0
SRS1475015,Campylobacter jejuni,Campylobacter jejuni,0.9823116522920344,SRR3611730,ENA_SAMN05190025,TET,Resistant,Resistant,64.0,64.0
SRS1475016,Campylobacter jejuni,Campylobacter jejuni,0.9821052281452854,SRR3611732,ENA_SAMN05190023,TET,Resistant,Resistant,64.0,64.0
SRS1475017,Campylobacter jejuni,Campylobacter jejuni,0.9818794603158988,SRR3611734,ENA_SAMN05190026,TET,Resistant,Resistant,64.0,64.0
SRS1475018,Campylobacter jejuni,Campylobacter jejuni,0.99261711800818,SRR3611736,ENA_SAMN05190027,TET,Susceptible,Susceptible,0.06,0.06
SRS1475019,Campylobacter jejuni,Campylobacter jejuni,0.9812140487614176,SRR3611737,ENA_SAMN05190028,TET,Resistant,Resistant,64.0,64.0
SRS1475021,Campylobacter jejuni,Campylobacter jejuni,0.9824585716470524,SRR3611740,ENA_SAMN05190030,TET,Resistant,Resistant,32.0,32.0
SRS1475022,Campylobacter jejuni,Campylobacter jejuni,0.9807318721574086,SRR3611742,ENA_SAMN05190031,TET,Resistant,Resistant,64.0,64.0
SRS1475023,Campylobacter jejuni,Campylobacter jejuni,0.9823112440772818,SRR3611744,ENA_SAMN05190032,TET,Susceptible,Susceptible,0.06,0.06
SRS1475024,Campylobacter jejuni,Campylobacter jejuni,0.9821098413070288,SRR3611746,ENA_SAMN05190033,TET,Susceptible,Susceptible,0.25,0.25
SRS1475026,Campylobacter jejuni,Campylobacter jejuni,0.9818667878903564,SRR3611749,ENA_SAMN05190034,TET,Resistant,Resistant,64.0,64.0
SRS1475028,Campylobacter jejuni,Campylobacter jejuni,0.9815331314178084,SRR3611752,ENA_SAMN05190037,TET,Susceptible,Susceptible,0.25,0.25
SRS1475029,Campylobacter jejuni,Campylobacter jejuni,0.994174043574824,SRR3611753,ENA_SAMN05190038,TET,Susceptible,Susceptible,0.12,0.12
SRS1475031,Campylobacter jejuni,Campylobacter jejuni,0.9813863822903768,SRR3611755,ENA_SAMN05190040,TET,Resistant,Resistant,64.0,64.0
SRS1475034,Campylobacter jejuni,Campylobacter jejuni,0.9816605612121622,SRR3611758,ENA_SAMN05190043,TET,Resistant,Resistant,64.0,64.0
SRS1475036,Campylobacter jejuni,Campylobacter jejuni,0.9807961607087832,SRR3611760,ENA_SAMN05190046,TET,Resistant,Resistant,64.0,64.0
SRS1475038,Campylobacter jejuni,Campylobacter jejuni,0.9818296547240642,SRR3611763,ENA_SAMN05190047,TET,Resistant,Resistant,64.0,64.0
SRS1475039,Campylobacter jejuni,Campylobacter jejuni,0.981835817176973,SRR3611765,ENA_SAMN05190048,TET,Susceptible,Susceptible,0.12,0.12
SRS1475041,Campylobacter jejuni,Campylobacter jejuni,0.98130644959327,SRR3611768,ENA_SAMN05190050,TET,Resistant,Resistant,64.0,64.0
SRS1476331,Escherichia coli,Escherichia coli,0.9737647586137448,SRR3615372,ENA_SAMN05194389,GEN,Resistant,Resistant,16.0,16.0
SRS1476332,Escherichia coli,Escherichia coli,0.9749616469795508,SRR3615373,ENA_SAMN05194390,GEN,Resistant,Resistant,16.0,16.0
SRS1477853,Escherichia coli,Escherichia coli,0.9863196953172704,SRR3618617,ENA_SAMN05194531,GEN,Resistant,Resistant,16.0,16.0
SRS1477855,Escherichia coli,Escherichia coli,0.9862384733693575,SRR3618619,ENA_SAMN05194541,GEN,Resistant,Resistant,16.0,16.0
SRS1477856,Escherichia coli,Escherichia coli,0.9862350843392472,SRR3618620,ENA_SAMN05194542,GEN,Resistant,Resistant,16.0,16.0
SRS1477857,Escherichia coli,Escherichia coli,0.9860680210960924,SRR3618621,ENA_SAMN05194543,GEN,Resistant,Resistant,16.0,16.0
SRS1477858,Escherichia coli,Escherichia coli,0.9862447882257012,SRR3618622,ENA_SAMN05194544,GEN,Resistant,Resistant,16.0,16.0
SRS1477859,Pseudomonas aeruginosa,Pseudomonas aeruginosa,0.9931244454296652,SRR3618623,ENA_SAMN05194545,CAZ,Intermediate,Susceptible,12.0,16.0
SRS1477860,Pseudomonas aeruginosa,Pseudomonas aeruginosa,0.9928624479043556,SRR3618625,ENA_SAMN05194547,CAZ,Susceptible,Susceptible,6.0,8.0
SRS1477861,Pseudomonas aeruginosa,Pseudomonas aeruginosa,0.992247487377594,SRR3618624,ENA_SAMN05194546,CAZ,Intermediate,Susceptible,9.0,
SRS1477864,Pseudomonas aeruginosa,Pseudomonas aeruginosa,0.9920302048290428,SRR3618630,ENA_SAMN05194536,CAZ,Susceptible,Susceptible,6.0,8.0
SRS1477865,Escherichia coli,Escherichia coli,0.9862741069314682,SRR3618631,ENA_SAMN05194537,GEN,Susceptible,Susceptible,1.0,1.0
SRS1477866,Escherichia coli,Escherichia coli,0.9857530445700232,SRR3618632,ENA_SAMN05194538,GEN,Susceptible,Susceptible,1.0,1.0
SRS1477867,Escherichia coli,Escherichia coli,0.986256970670015,SRR3618633,ENA_SAMN05194539,GEN,Resistant,Resistant,16.0,16.0
SRS1477868,Escherichia coli,Escherichia coli,0.986270060597698,SRR3618634,ENA_SAMN05194540,GEN,Resistant,Resistant,16.0,16.0
SRS1502019,Salmonella enterica,Salmonella enterica,0.9872194185837276,SRR3664610,ENA_SAMN05201757,GEN,Susceptible,Susceptible,1.0,1.0
SRS1502025,Salmonella enterica,Salmonella enterica,0.9991376281038796,SRR3664616,ENA_SAMN02699282,GEN,Susceptible,Susceptible,1.0,1.0
SRS1502059,Salmonella enterica,Salmonella enterica,0.9893254460065524,SRR3664650,ENA_SAMN02699296,GEN,Resistant,Resistant,16.0,16.0
SRS1502062,Salmonella enterica,Salmonella enterica,0.9872356740329502,SRR3664653,ENA_SAMN05201783,GEN,Susceptible,Susceptible,0.5,0.5
SRS1502071,Salmonella enterica,Salmonella enterica,0.9848608009285496,SRR3664667,ENA_SAMN02699300,GEN,Susceptible,Susceptible,1.0,1.0
SRS1502082,Salmonella enterica,Salmonella enterica,0.9977732044705548,SRR3664678,ENA_SAMN02699303,GEN,Susceptible,Susceptible,0.5,0.5
SRS1502086,Salmonella enterica,Salmonella enterica,0.9975303063835668,SRR3664682,ENA_SAMN02699304,GEN,Resistant,Resistant,16.0,16.0
SRS1502108,Salmonella enterica,Salmonella enterica,0.9978794432233756,SRR3664704,ENA_SAMN05201823,GEN,Susceptible,Susceptible,0.25,0.25
SRS1502113,Salmonella enterica,Salmonella enterica,0.9898852341347878,SRR3664709,ENA_SAMN05201828,GEN,Susceptible,Susceptible,0.25,0.25
SRS1502123,Salmonella enterica,Salmonella enterica,0.9980654052423636,SRR3664717,ENA_SAMN05201835,GEN,Resistant,Resistant,16.0,16.0
SRS1502129,Salmonella enterica,Salmonella enterica,0.9856809301533848,SRR3664726,ENA_SAMN02699310,GEN,Susceptible,Susceptible,1.0,1.0
SRS1502138,Salmonella enterica,Salmonella enterica,0.9857876342154708,SRR3664734,ENA_SAMN02699313,GEN,Susceptible,Susceptible,0.5,0.5
SRS1502151,Salmonella enterica,Salmonella enterica,0.9935823983971884,SRR10992704,ENA_SAMN05201855,GEN,Resistant,Resistant,16.0,16.0
SRS1502156,Salmonella enterica,Salmonella enterica,0.986592046939074,SRR3664752,ENA_SAMN02699318,GEN,Resistant,Resistant,16.0,16.0
SRS1502166,Salmonella enterica,Salmonella enterica,0.9981168922325436,SRR3664762,ENA_SAMN05201868,GEN,Susceptible,Susceptible,0.5,0.5
SRS1502167,Salmonella enterica,Salmonella enterica,0.9867866679442066,SRR3664763,ENA_SAMN05201869,GEN,Susceptible,Susceptible,0.5,0.5
SRS1502187,Salmonella enterica,Salmonella enterica,0.9980938529558536,SRR3664782,ENA_SAMN05201885,GEN,Susceptible,Susceptible,0.25,0.25
SRS1502192,Salmonella enterica,Salmonella enterica,0.9978197139583536,SRR3664788,ENA_SAMN05201890,GEN,Susceptible,Susceptible,0.25,0.25
SRS1502193,Salmonella enterica,Salmonella enterica,0.9975120009765788,SRR3664790,ENA_SAMN05201892,GEN,Resistant,Resistant,16.0,16.0
SRS1502196,Salmonella enterica,Salmonella enterica,0.9867802509046733,SRR3664791,ENA_SAMN05201893,GEN,Susceptible,Susceptible,0.5,0.5
SRS1502198,Salmonella enterica,Salmonella enterica,0.9899092301592948,SRR3664794,ENA_SAMN05201895,GEN,Susceptible,Susceptible,0.5,0.5
SRS1502203,Salmonella enterica,Salmonella enterica,0.991724268186732,SRR3664800,ENA_SAMN05201900,GEN,Susceptible,Susceptible,0.5,0.5
SRS1502211,Salmonella enterica,Salmonella enterica,0.997958270178068,SRR3664807,ENA_SAMN05201905,GEN,Susceptible,Susceptible,0.5,0.5
SRS1502217,Salmonella enterica,Salmonella enterica,0.9913409336080486,SRR3664813,ENA_SAMN05201911,GEN,Resistant,Resistant,16.0,16.0
SRS1502219,Salmonella enterica,Salmonella enterica,0.9906644700104006,SRR3664816,ENA_SAMN02699328,GEN,Susceptible,Susceptible,0.5,0.5
SRS1502220,Salmonella enterica,Salmonella enterica,0.9913356158241792,SRR3664815,ENA_SAMN02699327,GEN,Resistant,Resistant,16.0,16.0
SRS1502223,Salmonella enterica,Salmonella enterica,0.991769469834868,SRR3664820,ENA_SAMN05201916,GEN,Susceptible,Susceptible,0.5,0.5
SRS1502227,Salmonella enterica,Salmonella enterica,0.9874803936159744,SRR3664823,ENA_SAMN05201919,GEN,Susceptible,Susceptible,0.5,0.5
SRS1502233,Salmonella enterica,Salmonella enterica,0.997697048853361,SRR3664829,ENA_SAMN05201924,GEN,Susceptible,Susceptible,0.5,0.5
SRS1502235,Salmonella enterica,Salmonella enterica,0.9858649546930004,SRR3664831,ENA_SAMN05201925,GEN,Susceptible,Susceptible,0.5,0.5
SRS1502236,Salmonella enterica,Salmonella enterica,0.98950751319468,SRR3664833,ENA_SAMN05201927,GEN,Susceptible,Susceptible,0.5,0.5
SRS1502242,Salmonella enterica,Salmonella enterica,0.9855848244880246,SRR3664838,ENA_SAMN05201930,GEN,Susceptible,Susceptible,0.5,0.5
SRS1502243,Salmonella enterica,Salmonella enterica,0.9901889204367864,SRR3664839,ENA_SAMN02699333,GEN,Resistant,Resistant,16.0,16.0
SRS1502245,Salmonella enterica,Salmonella enterica,0.9899067738521324,SRR3664842,ENA_SAMN05201933,GEN,Susceptible,Susceptible,0.5,0.5
SRS1502248,Salmonella enterica,Salmonella enterica,0.9948362127038224,SRR3664844,ENA_SAMN05201934,GEN,Susceptible,Susceptible,0.5,0.5
SRS1502254,Salmonella enterica,Salmonella enterica,0.9872066043429376,SRR3664850,ENA_SAMN05201940,GEN,Susceptible,Susceptible,0.5,0.5
SRS1502265,Salmonella enterica,Salmonella enterica,0.9904423996436212,SRR3664862,ENA_SAMN02699338,GEN,Susceptible,Susceptible,0.5,0.5
SRS1502276,Salmonella enterica,Salmonella enterica,0.98711244451777,SRR3664873,ENA_SAMN05201957,GEN,Susceptible,Susceptible,0.25,0.25
SRS1502281,Salmonella enterica,Salmonella enterica,0.985477511262552,SRR3664878,ENA_SAMN02699341,GEN,Susceptible,Susceptible,0.5,0.5
SRS1502283,Salmonella enterica,Salmonella enterica,0.987148693895497,SRR3664880,ENA_SAMN05201962,GEN,Resistant,Resistant,16.0,16.0
SRS1502288,Salmonella enterica,Salmonella enterica,0.9876039121572676,SRR3664883,ENA_SAMN02699344,GEN,Susceptible,Susceptible,0.5,0.5
SRS1502291,Salmonella enterica,Salmonella enterica,0.9907717515036564,SRR3664887,ENA_SAMN05201966,GEN,Susceptible,Susceptible,0.5,0.5
SRS1502295,Salmonella enterica,Salmonella enterica,0.9887943419190096,SRR3664891,ENA_SAMN05201969,GEN,Resistant,Resistant,16.0,16.0
SRS1502301,Salmonella enterica,Salmonella enterica,0.998194060925722,SRR3664897,ENA_SAMN05201975,GEN,Susceptible,Susceptible,0.25,0.25
SRS1502313,Salmonella enterica,Salmonella enterica,0.9905369245890266,SRR3664909,ENA_SAMN02699352,GEN,Susceptible,Susceptible,0.5,0.5
SRS1502331,Salmonella enterica,Salmonella enterica,0.9898427589401714,SRR3664927,ENA_SAMN05201994,GEN,Susceptible,Susceptible,0.25,0.25
SRS1502333,Salmonella enterica,Salmonella enterica,0.99483853323158,SRR3664928,ENA_SAMN05201995,GEN,Susceptible,Susceptible,0.25,0.25
SRS1502335,Salmonella enterica,Salmonella enterica,0.9869927253564243,SRR3664931,ENA_SAMN05201998,GEN,Susceptible,Susceptible,0.5,0.5
SRS1502336,Salmonella enterica,Salmonella enterica,0.986999192652966,SRR3664932,ENA_SAMN02699358,GEN,Resistant,Resistant,16.0,16.0
SRS1502365,Salmonella enterica,Salmonella enterica,0.9917322926634068,SRR3664961,ENA_SAMN05201485,GEN,Susceptible,Susceptible,0.5,0.5
SRS1502366,Salmonella enterica,Salmonella enterica,0.9948504519588078,SRR3664962,ENA_SAMN05201486,GEN,Susceptible,Susceptible,0.25,0.25
SRS1502382,Salmonella enterica,Salmonella enterica,0.990167658281191,SRR3664978,ENA_SAMN02699192,GEN,Resistant,Resistant,16.0,16.0
SRS1502402,Salmonella enterica,Salmonella enterica,0.9991111020711662,SRR3664998,ENA_SAMN05201514,GEN,Resistant,Resistant,16.0,16.0
SRS1502414,Salmonella enterica,Salmonella enterica,0.9847578968440128,SRR3665012,ENA_SAMN02699199,GEN,Resistant,Resistant,16.0,16.0
SRS1502426,Salmonella enterica,Salmonella enterica,0.9934039147958342,SRR3665021,ENA_SAMN02699202,GEN,Susceptible,Susceptible,1.0,1.0
SRS1502436,Salmonella enterica,Salmonella enterica,0.9907650826937168,SRR3665032,ENA_SAMN05201536,GEN,Susceptible,Susceptible,0.5,0.5
SRS1502441,Salmonella enterica,Salmonella enterica,0.9934852911058432,SRR3665037,ENA_SAMN02699207,GEN,Resistant,Resistant,16.0,16.0
SRS1502463,Salmonella enterica,Salmonella enterica,0.9865086037548652,SRR3665059,ENA_SAMN02699215,GEN,Susceptible,Susceptible,0.5,0.5
SRS1502464,Salmonella enterica,Salmonella enterica,0.9874532464076844,SRR3665061,ENA_SAMN05201556,GEN,Susceptible,Susceptible,0.5,0.5
SRS1502476,Salmonella enterica,Salmonella enterica,0.9867831892735032,SRR3665072,ENA_SAMN02699217,GEN,Susceptible,Susceptible,0.5,0.5
SRS1502478,Salmonella enterica,Salmonella enterica,0.9902321871119786,SRR3665074,ENA_SAMN05201567,GEN,Resistant,Resistant,16.0,16.0
SRS1502480,Salmonella enterica,Salmonella enterica,0.985351902094926,SRR3665078,ENA_SAMN02699218,GEN,Intermediate,Susceptible,4.0,4.0
SRS1502488,Salmonella enterica,Salmonella enterica,0.9899034498087254,SRR3665084,ENA_SAMN05201574,GEN,Susceptible,Susceptible,0.25,0.25
SRS1502490,Salmonella enterica,Salmonella enterica,0.9905241678704618,SRR3665087,ENA_SAMN05201576,GEN,Resistant,Resistant,16.0,16.0
SRS1502497,Salmonella enterica,Salmonella enterica,0.9866517611766998,SRR3665094,ENA_SAMN02699224,GEN,Susceptible,Susceptible,0.5,0.5
SRS1502503,Salmonella enterica,Salmonella enterica,0.9980223147701712,SRR3665099,ENA_SAMN05201585,GEN,Susceptible,Susceptible,0.25,0.25
SRS1502519,Salmonella enterica,Salmonella enterica,0.9895535834915736,SRR3665115,ENA_SAMN02699229,GEN,Susceptible,Susceptible,0.25,0.25
SRS1502527,Salmonella enterica,Salmonella enterica,0.987203999454693,SRR3665123,ENA_SAMN05201603,GEN,Resistant,Resistant,16.0,16.0
SRS1502533,Salmonella enterica,Salmonella enterica,0.9873676882170364,SRR3665129,ENA_SAMN02699232,GEN,Resistant,Resistant,16.0,16.0
SRS1502535,Salmonella enterica,Salmonella enterica,0.9899083625849496,SRR3665132,ENA_SAMN02699234,GEN,Susceptible,Susceptible,0.25,0.25
SRS1502536,Salmonella enterica,Salmonella enterica,0.997629090865236,SRR3665130,ENA_SAMN02699233,GEN,Susceptible,Susceptible,0.25,0.25
SRS1502549,Salmonella enterica,Salmonella enterica,0.9898346971817128,SRR3665145,ENA_SAMN02699237,GEN,Susceptible,Susceptible,2.0,2.0
SRS1502552,Salmonella enterica,Salmonella enterica,0.9942665563349052,SRR3665148,ENA_SAMN05201619,GEN,Susceptible,Susceptible,0.5,0.5
SRS1502553,Salmonella enterica,Salmonella enterica,0.9930823532064024,SRR3665149,ENA_SAMN02699240,GEN,Resistant,Resistant,16.0,16.0
SRS1502557,Salmonella enterica,Salmonella enterica,0.9869895157791092,SRR3665152,ENA_SAMN05201621,GEN,Susceptible,Susceptible,0.5,0.5
SRS1502575,Salmonella enterica,Salmonella enterica,0.9907865018653712,SRR3665171,ENA_SAMN02699244,GEN,Resistant,Resistant,16.0,16.0
SRS1502577,Salmonella enterica,Salmonella enterica,0.9930417535652644,SRR3665173,ENA_SAMN02699245,GEN,Resistant,Resistant,16.0,16.0
SRS1502601,Salmonella enterica,Salmonella enterica,0.99887730927937,SRR3665198,ENA_SAMN05201655,GEN,Resistant,Resistant,16.0,16.0
SRS1502604,Salmonella enterica,Salmonella enterica,0.9948337331877056,SRR3665202,ENA_SAMN05201658,GEN,Susceptible,Susceptible,0.5,0.5
SRS1502611,Salmonella enterica,Salmonella enterica,0.9913515633342946,SRR3665208,ENA_SAMN02699256,GEN,Resistant,Resistant,16.0,16.0
SRS1502628,Salmonella enterica,Salmonella enterica,0.9863383112602834,SRR3665223,ENA_SAMN05201675,GEN,Resistant,Resistant,16.0,16.0
SRS1502632,Salmonella enterica,Salmonella enterica,0.9868508178336524,SRR3665228,ENA_SAMN05201678,GEN,Resistant,Resistant,16.0,16.0
SRS1502680,Salmonella enterica,Salmonella enterica,0.9872291708254178,SRR3665276,ENA_SAMN05201719,GEN,Susceptible,Susceptible,0.5,0.5
SRS1502692,Salmonella enterica,Salmonella enterica,0.9897542363570668,SRR3665288,ENA_SAMN05201729,GEN,Resistant,Resistant,8.0,8.0
SRS1502717,Salmonella enterica,Salmonella enterica,0.9872323530538136,SRR3665313,ENA_SAMN02699276,GEN,Susceptible,Susceptible,0.5,0.5
SRS1503924,Campylobacter jejuni,Campylobacter jejuni,0.9815227675880104,SRR3666677,ENA_SAMN05245199,TET,Susceptible,Susceptible,0.06,0.06
SRS1503925,Campylobacter jejuni,Campylobacter jejuni,0.9812250711392024,SRR3666678,ENA_SAMN05245201,TET,Resistant,Resistant,64.0,64.0
SRS1503926,Campylobacter jejuni,Campylobacter jejuni,0.9815722058962638,SRR3666679,ENA_SAMN05245202,TET,Resistant,Resistant,64.0,64.0
SRS1503928,Campylobacter jejuni,Campylobacter jejuni,0.9815957309701616,SRR3666681,ENA_SAMN05245200,TET,Resistant,Resistant,64.0,64.0
SRS1503957,Campylobacter jejuni,Campylobacter jejuni,0.9821597160132164,SRR3666710,ENA_SAMN05245211,TET,Resistant,Resistant,64.0,64.0
SRS1503958,Campylobacter jejuni,Campylobacter jejuni,0.9802507327212404,SRR3666711,ENA_SAMN05245208,TET,Susceptible,Susceptible,0.12,0.12
SRS1503959,Campylobacter jejuni,Campylobacter jejuni,0.980634136574242,SRR3666712,ENA_SAMN05245206,TET,Resistant,Resistant,64.0,64.0
SRS1503960,Campylobacter jejuni,Campylobacter jejuni,0.9815235289377252,SRR3666713,ENA_SAMN05245210,TET,Resistant,Resistant,64.0,64.0
SRS1503962,Campylobacter jejuni,Campylobacter jejuni,0.9816945399175472,SRR3666715,ENA_SAMN05245212,TET,Resistant,Resistant,64.0,64.0
SRS1503964,Campylobacter jejuni,Campylobacter jejuni,0.980756060627166,SRR3666717,ENA_SAMN05245215,TET,Resistant,Resistant,64.0,64.0
SRS1503965,Campylobacter jejuni,Campylobacter jejuni,0.9810326507902116,SRR3666718,ENA_SAMN05245214,TET,Susceptible,Susceptible,0.06,0.06
SRS1503968,Campylobacter jejuni,Campylobacter jejuni,0.9821967363335048,SRR3666721,ENA_SAMN05245217,TET,Resistant,Resistant,64.0,64.0
SRS1503986,Campylobacter jejuni,Campylobacter jejuni,0.9823116522920344,SRR3666740,ENA_SAMN05245221,TET,Resistant,Resistant,64.0,64.0
SRS1503988,Campylobacter jejuni,Campylobacter jejuni,0.980765226914387,SRR3666741,ENA_SAMN05245222,TET,Resistant,Resistant,32.0,32.0
SRS1520651,Campylobacter jejuni,Campylobacter jejuni,0.9820166663581632,SRR3710035,ENA_SAMN05274302,TET,Resistant,Resistant,64.0,64.0
SRS1520689,Campylobacter jejuni,Campylobacter jejuni,0.982400287541325,SRR3710221,ENA_SAMN05274299,TET,Susceptible,Susceptible,0.12,0.12
SRS1529641,Campylobacter jejuni,Campylobacter jejuni,0.9824885573418876,SRR3726334,ENA_SAMN05301268,TET,Susceptible,Susceptible,0.25,0.25
SRS1529695,Campylobacter jejuni,Campylobacter jejuni,0.9808495953916804,SRR3726391,ENA_SAMN05301270,TET,Resistant,Resistant,64.0,64.0
SRS1529697,Campylobacter jejuni,Campylobacter jejuni,0.9807115087346492,SRR3726393,ENA_SAMN05301262,TET,Susceptible,Susceptible,0.12,0.12
SRS1529698,Campylobacter jejuni,Campylobacter jejuni,0.9824378162316144,SRR3726395,ENA_SAMN05301273,TET,Resistant,Resistant,64.0,64.0
SRS1529699,Campylobacter jejuni,Campylobacter jejuni,0.9829972121950316,SRR3726394,ENA_SAMN05301264,TET,Resistant,Resistant,64.0,64.0
SRS1529701,Campylobacter jejuni,Campylobacter jejuni,0.9821007179619776,SRR3726397,ENA_SAMN05301261,TET,Resistant,Resistant,64.0,64.0
SRS1529702,Campylobacter jejuni,Campylobacter jejuni,0.9821327307898589,SRR3726398,ENA_SAMN05301271,TET,Resistant,Resistant,64.0,64.0
SRS1529704,Campylobacter jejuni,Campylobacter jejuni,0.9822215643657568,SRR3726400,ENA_SAMN05301258,TET,Susceptible,Susceptible,0.12,0.12
SRS1529706,Campylobacter jejuni,Campylobacter jejuni,0.9820493077659465,SRR3726402,ENA_SAMN05301275,TET,Resistant,Resistant,64.0,64.0
SRS1529729,Campylobacter jejuni,Campylobacter jejuni,0.9812500484120182,SRR3726425,ENA_SAMN05301256,TET,Resistant,Resistant,64.0,64.0
SRS1529732,Campylobacter jejuni,Campylobacter jejuni,0.9803394709821024,SRR3726428,ENA_SAMN05301251,TET,Resistant,Resistant,64.0,64.0
SRS1529733,Campylobacter jejuni,Campylobacter jejuni,0.9815957309701616,SRR3726429,ENA_SAMN05301245,TET,Resistant,Resistant,64.0,64.0
SRS1529736,Campylobacter jejuni,Campylobacter jejuni,0.9806950649477392,SRR3726432,ENA_SAMN05301250,TET,Resistant,Resistant,64.0,64.0
SRS1529740,Campylobacter jejuni,Campylobacter jejuni,0.9827124320101582,SRR3726436,ENA_SAMN05301259,TET,Susceptible,Susceptible,0.12,0.12
SRS1529741,Campylobacter jejuni,Campylobacter jejuni,0.9816793994062284,SRR3726437,ENA_SAMN05301257,TET,Resistant,Resistant,64.0,64.0
SRS1529742,Campylobacter jejuni,Campylobacter jejuni,0.981459423906624,SRR3726438,ENA_SAMN05301265,TET,Susceptible,Susceptible,0.25,0.25
SRS1529743,Campylobacter jejuni,Campylobacter jejuni,0.9811390770223104,SRR3726439,ENA_SAMN05301266,TET,Resistant,Resistant,64.0,64.0
SRS1529744,Campylobacter jejuni,Campylobacter jejuni,0.9822215643657568,SRR3726440,ENA_SAMN05301267,TET,Resistant,Resistant,64.0,64.0
SRS1529745,Campylobacter jejuni,Campylobacter jejuni,0.99453068155055,SRR3726441,ENA_SAMN05301272,TET,Susceptible,Susceptible,0.06,0.06
SRS1547732,Salmonella enterica,Salmonella enterica,0.998019478638752,SRR3765052,ENA_SAMN04255323,GEN,Susceptible,Susceptible,0.25,0.25
SRS1547738,Salmonella enterica,Salmonella enterica,0.9851034193247524,SRR3765054,ENA_SAMN04255324,GEN,Intermediate,Susceptible,4.0,4.0
SRS1548209,Campylobacter jejuni,Campylobacter jejuni,0.9812289094369252,SRR3771471,ENA_SAMN05366796,TET,Resistant,Resistant,64.0,64.0
SRS1548210,Campylobacter jejuni,Campylobacter jejuni,0.9812957370849242,SRR3771472,ENA_SAMN05366810,TET,Resistant,Resistant,64.0,64.0
SRS1548451,Campylobacter jejuni,Campylobacter jejuni,0.9826994484810836,SRR3774210,ENA_SAMN05366784,TET,Resistant,Resistant,64.0,64.0
SRS1548452,Campylobacter jejuni,Campylobacter jejuni,0.981909658033562,SRR3774212,ENA_SAMN05366788,TET,Resistant,Resistant,64.0,64.0
SRS1548453,Campylobacter jejuni,Campylobacter jejuni,0.9819112919091928,SRR3774213,ENA_SAMN05366800,TET,Susceptible,Susceptible,0.06,0.06
SRS1548455,Campylobacter jejuni,Campylobacter jejuni,0.9824443739008176,SRR3774215,ENA_SAMN05366802,TET,Resistant,Resistant,64.0,64.0
SRS1548459,Campylobacter jejuni,Campylobacter jejuni,0.9817121203678962,SRR3774251,ENA_SAMN05366809,TET,Resistant,Resistant,64.0,64.0
SRS1548460,Campylobacter jejuni,Campylobacter jejuni,0.99453068155055,SRR3774252,ENA_SAMN05366798,TET,Susceptible,Susceptible,0.12,0.12
SRS1548464,Campylobacter jejuni,Campylobacter jejuni,0.9824994435033456,SRR3774322,ENA_SAMN05366806,TET,Resistant,Resistant,64.0,64.0
SRS1548465,Campylobacter jejuni,Campylobacter jejuni,0.98207762936417,SRR3774323,ENA_SAMN05366814,TET,Resistant,Resistant,64.0,64.0
SRS1548466,Campylobacter jejuni,Campylobacter jejuni,0.9810461283145266,SRR3774324,ENA_SAMN05366801,TET,Resistant,Resistant,64.0,64.0
SRS1548467,Campylobacter jejuni,Campylobacter jejuni,0.9820412751089111,SRR3774325,ENA_SAMN05366815,TET,Resistant,Resistant,64.0,64.0
SRS1548470,Campylobacter jejuni,Campylobacter jejuni,0.9806633817436688,SRR3774326,ENA_SAMN05366789,TET,Resistant,Resistant,64.0,64.0
SRS1548473,Campylobacter jejuni,Campylobacter jejuni,0.981331886292832,SRR3774341,ENA_SAMN05366787,TET,Resistant,Resistant,64.0,64.0
SRS1548475,Campylobacter jejuni,Campylobacter jejuni,0.9809209791767102,SRR3774343,ENA_SAMN05366794,TET,Susceptible,Susceptible,0.12,0.12
SRS1548476,Campylobacter jejuni,Campylobacter jejuni,0.9807293822624704,SRR3774344,ENA_SAMN05366804,TET,Susceptible,Susceptible,0.12,0.12
SRS1548480,Campylobacter jejuni,Campylobacter jejuni,0.9816208437709611,SRR3774368,ENA_SAMN05366799,TET,Susceptible,Susceptible,0.25,0.25
SRS1548484,Campylobacter jejuni,Campylobacter jejuni,0.982031191423768,SRR3774374,ENA_SAMN05366813,TET,Resistant,Resistant,64.0,64.0
SRS1548970,Campylobacter jejuni,Campylobacter jejuni,0.9806932972691172,SRR3779203,ENA_SAMN05366795,TET,Resistant,Resistant,64.0,64.0
SRS1565781,Campylobacter jejuni,Campylobacter jejuni,0.981227171143118,SRR3925096,ENA_SAMN05379559,TET,Susceptible,Susceptible,0.12,0.12
SRS1565788,Campylobacter jejuni,Campylobacter jejuni,0.9814753638828068,SRR3925104,ENA_SAMN05379560,TET,Susceptible,Susceptible,0.25,0.25
SRS1568752,Campylobacter jejuni,Campylobacter jejuni,0.982420513321565,SRR3928599,ENA_SAMN05413492,TET,Susceptible,Susceptible,0.12,0.12
SRS1568753,Campylobacter jejuni,Campylobacter jejuni,0.9818604516587583,SRR3928600,ENA_SAMN05413507,TET,Resistant,Resistant,64.0,64.0
SRS1568754,Campylobacter jejuni,Campylobacter jejuni,0.9825173594760352,SRR3928601,ENA_SAMN05413484,TET,Susceptible,Susceptible,0.12,0.12
SRS1568755,Campylobacter jejuni,Campylobacter jejuni,0.9824378162316144,SRR3928602,ENA_SAMN05413494,TET,Susceptible,Susceptible,0.12,0.12
SRS1568756,Campylobacter jejuni,Campylobacter jejuni,0.9817720389950508,SRR3928603,ENA_SAMN05413498,TET,Resistant,Resistant,64.0,64.0
SRS1568757,Campylobacter jejuni,Campylobacter jejuni,0.9816961529306928,SRR3928604,ENA_SAMN05413506,TET,Susceptible,Susceptible,0.12,0.12
SRS1568758,Campylobacter jejuni,Campylobacter jejuni,0.980185785895159,SRR3928605,ENA_SAMN05413509,TET,Resistant,Resistant,64.0,64.0
SRS1568759,Campylobacter jejuni,Campylobacter jejuni,0.9824378162316144,SRR3928606,ENA_SAMN05413514,TET,Susceptible,Susceptible,0.25,0.25
SRS1568761,Campylobacter jejuni,Campylobacter jejuni,0.982526607738055,SRR3928608,ENA_SAMN05413488,TET,Resistant,Resistant,64.0,64.0
SRS1568763,Campylobacter jejuni,Campylobacter jejuni,0.9822719059902966,SRR3928610,ENA_SAMN05413491,TET,Resistant,Resistant,64.0,64.0
SRS1568764,Campylobacter jejuni,Campylobacter jejuni,0.9935232245118852,SRR3928611,ENA_SAMN05413512,TET,Resistant,Resistant,64.0,64.0
SRS1568765,Campylobacter jejuni,Campylobacter jejuni,0.9823558399497913,SRR3928612,ENA_SAMN05413489,TET,Resistant,Resistant,64.0,64.0
SRS1568767,Campylobacter jejuni,Campylobacter jejuni,0.9826229834125276,SRR3928614,ENA_SAMN05413501,TET,Susceptible,Susceptible,0.06,0.06
SRS1568769,Campylobacter jejuni,Campylobacter jejuni,0.9811045268674486,SRR3928616,ENA_SAMN05413497,TET,Resistant,Resistant,64.0,64.0
SRS1568772,Campylobacter jejuni,Campylobacter jejuni,0.9810195135390328,SRR3928619,ENA_SAMN05413503,TET,Resistant,Resistant,64.0,64.0
SRS1568773,Campylobacter jejuni,Campylobacter jejuni,0.9827593349698842,SRR3928620,ENA_SAMN05413513,TET,Susceptible,Susceptible,0.25,0.25
SRS1568862,Campylobacter jejuni,Campylobacter jejuni,0.9823620572237212,SRR3928674,ENA_SAMN05413490,TET,Susceptible,Susceptible,0.06,0.06
SRS1568866,Campylobacter jejuni,Campylobacter jejuni,0.9821459250747284,SRR3928679,ENA_SAMN05413505,TET,Resistant,Resistant,32.0,32.0
SRS1568868,Campylobacter jejuni,Campylobacter jejuni,0.9815531857027472,SRR3928681,ENA_SAMN05413499,TET,Resistant,Resistant,64.0,64.0
SRS1568871,Campylobacter jejuni,Campylobacter jejuni,0.9818716156555238,SRR3928684,ENA_SAMN05413493,TET,Resistant,Resistant,64.0,64.0
SRS1571654,Escherichia coli,Escherichia coli,0.9861158590702104,SRR3932418,ENA_SAMN05374483,GEN,Resistant,Resistant,16.0,16.0
SRS1571656,Pseudomonas aeruginosa,Pseudomonas aeruginosa,0.9940543060066211,SRR3932416,ENA_SAMN05374473,CAZ,Intermediate,Susceptible,20.0,16.0
SRS1571657,Escherichia coli,Escherichia coli,0.9658577006496192,SRR3932419,ENA_SAMN05374484,GEN,Susceptible,Susceptible,1.0,1.0
SRS1571658,Pseudomonas aeruginosa,Pseudomonas aeruginosa,0.994161358388612,SRR3932420,ENA_SAMN05374485,CAZ,Susceptible,Susceptible,6.0,8.0
SRS1571659,Escherichia coli,Escherichia coli,0.9861886943058088,SRR3932421,ENA_SAMN05374486,GEN,Resistant,Resistant,16.0,16.0
SRS1571663,Escherichia coli,Escherichia coli,0.9751080493201956,SRR3932425,ENA_SAMN05374478,GEN,Resistant,Resistant,16.0,16.0
SRS1571664,Escherichia coli,Escherichia coli,0.98607187992878,SRR3932427,ENA_SAMN05374480,GEN,Resistant,Resistant,16.0,16.0
SRS1571665,Escherichia coli,Escherichia coli,0.9736425070324062,SRR3932426,ENA_SAMN05374479,GEN,Resistant,Resistant,16.0,16.0
SRS1571666,Escherichia coli,Escherichia coli,0.9863188031794328,SRR3932428,ENA_SAMN05374481,GEN,Resistant,Resistant,16.0,16.0
SRS1571667,Escherichia coli,Escherichia coli,0.9861006888046644,SRR3932429,ENA_SAMN05374482,GEN,Resistant,Resistant,16.0,16.0
SRS1572113,Salmonella enterica,Salmonella enterica,0.9981161050685612,SRR3932890,ENA_SAMN05416384,GEN,Susceptible,Susceptible,0.25,0.25
SRS1572118,Salmonella enterica,Salmonella enterica,0.9897439456490864,SRR3932893,ENA_SAMN05416387,GEN,Susceptible,Susceptible,0.5,0.5
SRS1572129,Salmonella enterica,Salmonella enterica,0.9853729895862878,SRR3932905,ENA_SAMN05416399,GEN,Susceptible,Susceptible,0.5,0.5
SRS1572131,Salmonella enterica,Salmonella enterica,0.9869862613700344,SRR3932907,ENA_SAMN05416401,GEN,Susceptible,Susceptible,0.5,0.5
SRS1572148,Salmonella enterica,Salmonella enterica,0.9975467747209608,SRR3932924,ENA_SAMN05416418,GEN,Resistant,Resistant,16.0,16.0
SRS1572151,Salmonella enterica,Salmonella enterica,0.9872551918845532,SRR3932927,ENA_SAMN05416421,GEN,Susceptible,Susceptible,0.5,0.5
SRS1572169,Salmonella enterica,Salmonella enterica,0.9882728163336848,SRR3932945,ENA_SAMN05416439,GEN,Susceptible,Susceptible,0.5,0.5
SRS1572170,Salmonella enterica,Salmonella enterica,0.9858078824986686,SRR3932946,ENA_SAMN05416440,GEN,Susceptible,Susceptible,1.0,1.0
SRS1572177,Salmonella enterica,Salmonella enterica,0.991485188976036,SRR3932953,ENA_SAMN05416447,GEN,Susceptible,Susceptible,0.5,0.5
SRS1572184,Salmonella enterica,Salmonella enterica,0.9896223270932858,SRR3932960,ENA_SAMN05416454,GEN,Susceptible,Susceptible,0.25,0.25
SRS1572201,Salmonella enterica,Salmonella enterica,0.9872291026172187,SRR3932977,ENA_SAMN05416471,GEN,Susceptible,Susceptible,0.5,0.5
SRS1572205,Salmonella enterica,Salmonella enterica,0.9869291816474312,SRR3932980,ENA_SAMN05416474,GEN,Resistant,Resistant,16.0,16.0
SRS1572219,Salmonella enterica,Salmonella enterica,0.9866365546056926,SRR3932995,ENA_SAMN05416489,GEN,Resistant,Resistant,16.0,16.0
SRS1572221,Salmonella enterica,Salmonella enterica,0.9988700611871064,SRR3932999,ENA_SAMN05416493,GEN,Resistant,Resistant,16.0,16.0
SRS1572236,Salmonella enterica,Salmonella enterica,0.9902280345536948,SRR3933012,ENA_SAMN05416506,GEN,Susceptible,Susceptible,0.25,0.25
SRS1572239,Salmonella enterica,Salmonella enterica,0.9917223136032812,SRR3933015,ENA_SAMN05416509,GEN,Susceptible,Susceptible,0.25,0.25
SRS1572246,Salmonella enterica,Salmonella enterica,0.9914416300919978,SRR3933022,ENA_SAMN05416516,GEN,Resistant,Resistant,16.0,16.0
SRS1572249,Salmonella enterica,Salmonella enterica,0.9873694040527268,SRR3933025,ENA_SAMN05416519,GEN,Resistant,Resistant,16.0,16.0
SRS1572266,Salmonella enterica,Salmonella enterica,0.9855662421906124,SRR3933042,ENA_SAMN05416536,GEN,Resistant,Resistant,16.0,16.0
SRS1572276,Salmonella enterica,Salmonella enterica,0.9897027124670138,SRR3933052,ENA_SAMN05416546,GEN,Resistant,Resistant,8.0,8.0
SRS1572279,Salmonella enterica,Salmonella enterica,0.991776128731956,SRR3933055,ENA_SAMN05416549,GEN,Susceptible,Susceptible,0.5,0.5
SRS1572281,Salmonella enterica,Salmonella enterica,0.9909093244024384,SRR3933057,ENA_SAMN05416551,GEN,Susceptible,Susceptible,0.5,0.5
SRS1572283,Salmonella enterica,Salmonella enterica,0.9872258525230524,SRR3933059,ENA_SAMN05416553,GEN,Susceptible,Susceptible,0.25,0.25
SRS1572296,Salmonella enterica,Salmonella enterica,0.9850500337173804,SRR3933072,ENA_SAMN05416566,GEN,Susceptible,Susceptible,0.25,0.25
SRS1572302,Salmonella enterica,Salmonella enterica,0.985817626242974,SRR3933078,ENA_SAMN05416572,GEN,Susceptible,Susceptible,0.25,0.25
SRS1585080,Campylobacter jejuni,Campylobacter jejuni,0.982004128778947,SRR3953090,ENA_SAMN05440723,TET,Resistant,Resistant,64.0,64.0
SRS1585083,Campylobacter jejuni,Campylobacter jejuni,0.9818821099926724,SRR3953095,ENA_SAMN05440734,TET,Resistant,Resistant,64.0,64.0
SRS1585084,Campylobacter jejuni,Campylobacter jejuni,0.9827303580943354,SRR3953096,ENA_SAMN05440721,TET,Resistant,Resistant,64.0,64.0
SRS1585086,Campylobacter jejuni,Campylobacter jejuni,0.9827079242698435,SRR3953098,ENA_SAMN05440722,TET,Resistant,Resistant,64.0,64.0
SRS1585091,Campylobacter jejuni,Campylobacter jejuni,0.9938321998597008,SRR3953105,ENA_SAMN05440717,TET,Susceptible,Susceptible,0.06,0.06
SRS1585096,Campylobacter jejuni,Campylobacter jejuni,0.9815131675681464,SRR3953109,ENA_SAMN05440740,TET,Resistant,Resistant,64.0,64.0
SRS1585097,Campylobacter jejuni,Campylobacter jejuni,0.9820291287518036,SRR3953110,ENA_SAMN05440720,TET,Susceptible,Susceptible,0.12,0.12
SRS1585100,Campylobacter jejuni,Campylobacter jejuni,0.981225186737679,SRR3953113,ENA_SAMN05440724,TET,Resistant,Resistant,64.0,64.0
SRS1585101,Campylobacter jejuni,Campylobacter jejuni,0.9823597315490888,SRR3953115,ENA_SAMN05440733,TET,Susceptible,Susceptible,0.12,0.12
SRS1585102,Campylobacter jejuni,Campylobacter jejuni,0.980542152266677,SRR3953114,ENA_SAMN05440727,TET,Resistant,Resistant,64.0,64.0
SRS1585103,Campylobacter jejuni,Campylobacter jejuni,0.9809069313645348,SRR3953116,ENA_SAMN05440736,TET,Resistant,Resistant,64.0,64.0
SRS1585104,Campylobacter jejuni,Campylobacter jejuni,0.9831170506427728,SRR3953117,ENA_SAMN05440739,TET,Resistant,Resistant,64.0,64.0
SRS1590863,Escherichia coli,Escherichia coli,0.9890171800375208,SRR3982099,ENA_SAMN05170063,GEN,Susceptible,Susceptible,1.0,1.0
SRS1590871,Escherichia coli,Escherichia coli,0.9740409271721155,SRR3982152,ENA_SAMN05170069,GEN,Susceptible,Susceptible,1.0,1.0
SRS1590873,Escherichia coli,Escherichia coli,0.9858680437673012,SRR3982153,ENA_SAMN05170070,GEN,Resistant,Resistant,8.0,8.0
SRS1590874,Escherichia coli,Escherichia coli,0.9866331034756308,SRR3982177,ENA_SAMN05170071,GEN,Susceptible,Susceptible,0.5,0.5
SRS1590877,Escherichia coli,Klebsiella aerogenes,0.9878739162864952,SRR3982215,ENA_SAMN05170073,GEN,Susceptible,Susceptible,0.25,0.25
SRS1590890,Klebsiella pneumoniae,Klebsiella pneumoniae,0.9894284847467903,SRR3982316,ENA_SAMN05170082,GEN,Susceptible,Susceptible,1.0,1.0
SRS1590892,Escherichia coli,Escherichia coli,0.9862937951018174,SRR3982317,ENA_SAMN05170083,GEN,Susceptible,Susceptible,0.25,0.25
SRS1590895,Escherichia coli,Escherichia coli,0.98599521722336,SRR3982375,ENA_SAMN05170085,GEN,Susceptible,Susceptible,0.5,0.5
SRS1590896,Escherichia coli,Escherichia coli,0.9890140214088308,SRR3982376,ENA_SAMN05170086,GEN,Susceptible,Susceptible,0.25,0.25
SRS1590897,Escherichia coli,Escherichia coli,0.9739240729058876,SRR3982377,ENA_SAMN05170087,GEN,Susceptible,Susceptible,0.5,0.5
SRS1593102,Klebsiella pneumoniae,Klebsiella pneumoniae,0.9892993884662188,SRR3987112,ENA_SAMN05170095,GEN,Resistant,Resistant,16.0,16.0
SRS1593108,Klebsiella pneumoniae,Klebsiella pneumoniae,0.989289131352834,SRR3987118,ENA_SAMN05170101,GEN,Susceptible,Susceptible,1.0,1.0
SRS1593112,Klebsiella pneumoniae,Klebsiella pneumoniae,0.9888900365739312,SRR3987122,ENA_SAMN05170105,GEN,Susceptible,Susceptible,0.25,0.25
SRS1593118,Klebsiella pneumoniae,Klebsiella pneumoniae,0.9894078382120878,SRR3987128,ENA_SAMN05170111,GEN,Resistant,Resistant,16.0,16.0
SRS1593120,Escherichia coli,Escherichia coli,0.974227427846381,SRR3987130,ENA_SAMN05170113,GEN,Resistant,Resistant,16.0,16.0
SRS1597965,Campylobacter jejuni,Campylobacter jejuni,0.9826342483103904,SRR3995455,ENA_SAMN05440711,TET,Susceptible,Susceptible,0.12,0.12
SRS1597966,Campylobacter jejuni,Campylobacter jejuni,0.9923631302812584,SRR3995456,ENA_SAMN05440713,TET,Resistant,Resistant,32.0,32.0
SRS1597967,Campylobacter jejuni,Campylobacter jejuni,0.992367203706082,SRR3995457,ENA_SAMN05440714,TET,Resistant,Resistant,32.0,32.0
SRS1598337,Campylobacter jejuni,Campylobacter jejuni,0.9823300647095358,SRR3995955,ENA_SAMN05505575,TET,Resistant,Resistant,64.0,64.0
SRS1598341,Campylobacter jejuni,Campylobacter jejuni,0.9819436960863908,SRR3995959,ENA_SAMN05505589,TET,Susceptible,Susceptible,1.0,1.0
SRS1598342,Campylobacter jejuni,Campylobacter jejuni,0.9816220974556128,SRR3995960,ENA_SAMN05505603,TET,Resistant,Resistant,64.0,64.0
SRS1598344,Campylobacter jejuni,Campylobacter jejuni,0.9821506418544472,SRR3995962,ENA_SAMN05505581,TET,Resistant,Resistant,64.0,64.0
SRS1598345,Campylobacter jejuni,Campylobacter jejuni,0.9812530297605484,SRR3995963,ENA_SAMN05505594,TET,Resistant,Resistant,64.0,64.0
SRS1598346,Campylobacter jejuni,Campylobacter jejuni,0.9820367832538892,SRR3995964,ENA_SAMN05505599,TET,Resistant,Resistant,32.0,32.0
SRS1598347,Campylobacter jejuni,Campylobacter jejuni,0.981067306164683,SRR3995965,ENA_SAMN05505605,TET,Susceptible,Susceptible,0.25,0.25
SRS1598348,Campylobacter jejuni,Campylobacter jejuni,0.9827606870697256,SRR3995966,ENA_SAMN05505590,TET,Resistant,Resistant,32.0,32.0
SRS1598349,Campylobacter jejuni,Campylobacter jejuni,0.9813031764466236,SRR3995967,ENA_SAMN05505604,TET,Susceptible,Susceptible,0.06,0.06
SRS1598350,Campylobacter jejuni,Campylobacter jejuni,0.9824111938584816,SRR3995968,ENA_SAMN05505593,TET,Resistant,Resistant,64.0,64.0
SRS1598351,Campylobacter jejuni,Campylobacter jejuni,0.982740850062138,SRR3995969,ENA_SAMN05505597,TET,Susceptible,Susceptible,0.12,0.12
SRS1598352,Campylobacter jejuni,Campylobacter jejuni,0.9821650843090476,SRR3995970,ENA_SAMN05505606,TET,Resistant,Resistant,64.0,64.0
SRS1598353,Campylobacter jejuni,Campylobacter jejuni,0.9951900519168696,SRR3995971,ENA_SAMN05505582,TET,Resistant,Resistant,64.0,64.0
SRS1598355,Campylobacter jejuni,Campylobacter jejuni,0.9819344921186816,SRR3995973,ENA_SAMN05505601,TET,Resistant,Resistant,64.0,64.0
SRS1598356,Campylobacter jejuni,Campylobacter jejuni,0.9825113916773488,SRR3995974,ENA_SAMN05505579,TET,Resistant,Resistant,64.0,64.0
SRS1598357,Campylobacter jejuni,Campylobacter jejuni,0.9813031764466236,SRR3995975,ENA_SAMN05505591,TET,Resistant,Resistant,64.0,64.0
SRS1598358,Campylobacter jejuni,Campylobacter jejuni,0.9824450527418844,SRR3995976,ENA_SAMN05505586,TET,Susceptible,Susceptible,0.25,0.25
SRS1598359,Campylobacter jejuni,Campylobacter jejuni,0.9823344418379136,SRR3995977,ENA_SAMN05505578,TET,Resistant,Resistant,64.0,64.0
SRS1598361,Campylobacter jejuni,Campylobacter jejuni,0.9811781544964376,SRR3995979,ENA_SAMN05505602,TET,Resistant,Resistant,64.0,64.0
SRS1598362,Campylobacter jejuni,Campylobacter jejuni,0.9817586443711164,SRR3995980,ENA_SAMN05505580,TET,Susceptible,Susceptible,0.12,0.12
SRS1598363,Campylobacter jejuni,Campylobacter jejuni,0.9813531900861598,SRR3995981,ENA_SAMN05505592,TET,Resistant,Resistant,64.0,64.0
SRS1598364,Campylobacter jejuni,Campylobacter jejuni,0.9818187862612476,SRR3995982,ENA_SAMN05505588,TET,Resistant,Resistant,64.0,64.0
SRS1598365,Campylobacter jejuni,Campylobacter jejuni,0.9801610647063084,SRR3995983,ENA_SAMN05505600,TET,Resistant,Resistant,64.0,64.0
SRS1598366,Campylobacter jejuni,Campylobacter jejuni,0.981861180592649,SRR3995984,ENA_SAMN05505584,TET,Resistant,Resistant,64.0,64.0
SRS1598662,Escherichia coli,Escherichia coli,0.9862941758899336,SRR3996237,ENA_SAMN05170120,GEN,Susceptible,Susceptible,1.0,1.0
SRS1598663,Klebsiella pneumoniae,Klebsiella pneumoniae,0.989590765577772,SRR3996236,ENA_SAMN05170119,GEN,Resistant,Resistant,16.0,16.0
SRS1598667,Klebsiella pneumoniae,Klebsiella pneumoniae,0.9888195662369486,SRR3996241,ENA_SAMN05170124,GEN,Resistant,Resistant,16.0,16.0
SRS1598669,Escherichia coli,Escherichia coli,0.9862588071759696,SRR3996243,ENA_SAMN05170126,GEN,Susceptible,Susceptible,1.0,1.0
SRS1598670,Escherichia coli,Escherichia coli,0.9733042577864944,SRR3996244,ENA_SAMN05170127,GEN,Susceptible,Susceptible,1.0,1.0
SRS1598672,Klebsiella pneumoniae,Klebsiella pneumoniae,0.9899210782038887,SRR3996246,ENA_SAMN05170129,GEN,Intermediate,Susceptible,4.0,4.0
SRS1598674,Escherichia coli,Escherichia coli,0.9734398777468468,SRR3996249,ENA_SAMN05170132,GEN,Susceptible,Susceptible,0.5,0.5
SRS1598680,Klebsiella pneumoniae,Klebsiella pneumoniae,0.9892225334423714,SRR3996254,ENA_SAMN05170137,GEN,Resistant,Resistant,16.0,16.0
SRS1598681,Klebsiella pneumoniae,Klebsiella pneumoniae,0.9900831396542475,SRR3996255,ENA_SAMN05170138,GEN,Susceptible,Susceptible,0.5,0.5
SRS1598685,Escherichia coli,Escherichia coli,0.9859863227875568,SRR3996259,ENA_SAMN05170142,GEN,Susceptible,Susceptible,0.5,0.5
SRS1598686,Klebsiella pneumoniae,Klebsiella pneumoniae,0.989601048618912,SRR3996260,ENA_SAMN05170143,GEN,Resistant,Resistant,8.0,8.0
SRS1604349,Campylobacter jejuni,Campylobacter jejuni,0.9815363980982758,SRR4005443,ENA_SAMN05514401,TET,Resistant,Resistant,64.0,64.0
SRS1608944,Klebsiella pneumoniae,Klebsiella pneumoniae,0.9898905796434124,SRR4017813,ENA_SAMN05170158,GEN,Susceptible,Susceptible,1.0,1.0
SRS1608945,Escherichia coli,Escherichia coli,0.9859070884596304,SRR4017814,ENA_SAMN05170159,GEN,Resistant,Resistant,16.0,16.0
SRS1608958,Klebsiella pneumoniae,Klebsiella pneumoniae,0.9894330583449472,SRR4017827,ENA_SAMN05170172,GEN,Susceptible,Susceptible,2.0,2.0
SRS1608963,Escherichia coli,Escherichia coli,0.9745360827320672,SRR4017832,ENA_SAMN05170177,GEN,Susceptible,Susceptible,0.5,0.5
SRS1608968,Escherichia coli,Escherichia coli,0.9861051810627456,SRR4017838,ENA_SAMN05170183,GEN,Intermediate,Susceptible,4.0,4.0
SRS1608969,Escherichia coli,Escherichia coli,0.9858536679570208,SRR4017839,ENA_SAMN05170184,GEN,Susceptible,Susceptible,1.0,1.0
SRS1608970,Klebsiella pneumoniae,Klebsiella pneumoniae,0.9900372507394956,SRR4017837,ENA_SAMN05170182,GEN,Susceptible,Susceptible,0.25,0.25
SRS1608971,Klebsiella pneumoniae,Klebsiella pneumoniae,0.9889046268789676,SRR4017840,ENA_SAMN05170185,GEN,Resistant,Resistant,8.0,8.0
SRS1608973,Klebsiella pneumoniae,Klebsiella pneumoniae,0.9892214614317536,SRR4017842,ENA_SAMN05170187,GEN,Resistant,Resistant,8.0,8.0
SRS1608976,Escherichia coli,Escherichia coli,0.9773006103900465,SRR4017845,ENA_SAMN05170190,GEN,Resistant,Resistant,16.0,16.0
SRS1608982,Klebsiella pneumoniae,Klebsiella pneumoniae,0.9895115875136258,SRR4017851,ENA_SAMN05170196,GEN,Susceptible,Susceptible,0.25,0.25
SRS1608984,Klebsiella pneumoniae,Klebsiella pneumoniae,0.9900143266310152,SRR4017854,ENA_SAMN05170199,GEN,Susceptible,Susceptible,0.5,0.5
SRS1608985,Escherichia coli,Escherichia coli,0.9734727017741202,SRR4017853,ENA_SAMN05170198,GEN,Resistant,Resistant,16.0,16.0
SRS1608988,Escherichia coli,Escherichia coli,0.9733686049157994,SRR4017857,ENA_SAMN05170202,GEN,Susceptible,Susceptible,1.0,1.0
SRS1609010,Escherichia coli,Escherichia coli,0.986589152969193,SRR4017886,ENA_SAMN05170210,GEN,Resistant,Resistant,16.0,16.0
SRS1609012,Escherichia coli,Escherichia coli,0.9890294701473904,SRR4017888,ENA_SAMN05170212,GEN,Susceptible,Susceptible,0.5,0.5
SRS1609013,Escherichia coli,Escherichia coli,0.9860178851573664,SRR4017889,ENA_SAMN05170213,GEN,Resistant,Resistant,16.0,16.0
SRS1609015,Escherichia coli,Escherichia coli,0.9866813396284544,SRR4017891,ENA_SAMN05170215,GEN,Resistant,Resistant,16.0,16.0
SRS1609020,Escherichia coli,Escherichia coli,0.977380201628654,SRR4017896,ENA_SAMN05170220,GEN,Resistant,Resistant,16.0,16.0
SRS1609021,Klebsiella pneumoniae,Klebsiella pneumoniae,0.9900176216663232,SRR4017897,ENA_SAMN05170221,GEN,Resistant,Resistant,16.0,16.0
SRS1609022,Klebsiella pneumoniae,Klebsiella pneumoniae,0.9895547549595384,SRR4017898,ENA_SAMN05170222,GEN,Susceptible,Susceptible,2.0,2.0
SRS1609023,Escherichia coli,Escherichia coli,0.9862790099573512,SRR4017899,ENA_SAMN05170223,GEN,Susceptible,Susceptible,1.0,1.0
SRS1609024,Escherichia coli,Escherichia coli,0.9739491033890768,SRR4017900,ENA_SAMN05170224,GEN,Susceptible,Susceptible,0.5,0.5
SRS1609025,Escherichia coli,Escherichia coli,0.9864178698842512,SRR4017901,ENA_SAMN05170225,GEN,Susceptible,Susceptible,0.5,0.5
SRS1609027,Escherichia coli,Escherichia coli,0.989289523255156,SRR4017903,ENA_SAMN05170227,GEN,Susceptible,Susceptible,0.5,0.5
SRS1609028,Escherichia coli,Escherichia coli,0.9896579772957722,SRR4017904,ENA_SAMN05170228,GEN,Susceptible,Susceptible,0.5,0.5
SRS1609029,Escherichia coli,Escherichia coli,0.9732311740489278,SRR4017905,ENA_SAMN05170229,GEN,Susceptible,Susceptible,0.5,0.5
SRS1609039,Klebsiella pneumoniae,Klebsiella pneumoniae,0.9903315288377303,SRR4017915,ENA_SAMN05170239,GEN,Intermediate,Susceptible,4.0,4.0
SRS1609045,Klebsiella pneumoniae,Klebsiella pneumoniae,0.989103473327214,SRR4017921,ENA_SAMN05170245,GEN,Resistant,Resistant,16.0,16.0
SRS1609047,Klebsiella pneumoniae,Klebsiella pneumoniae,0.9894163769734152,SRR4017923,ENA_SAMN05170247,GEN,Susceptible,Susceptible,1.0,1.0
SRS1609050,Escherichia coli,Escherichia coli,0.9734775331651732,SRR4017926,ENA_SAMN05170250,GEN,Intermediate,Susceptible,4.0,4.0
SRS1609053,Klebsiella pneumoniae,Klebsiella variicola,0.9905600118763864,SRR4017929,ENA_SAMN05170253,GEN,Resistant,Resistant,16.0,16.0
SRS1609247,Campylobacter jejuni,Campylobacter jejuni,0.9808400893491368,SRR4018124,ENA_SAMN05558637,TET,Resistant,Resistant,32.0,32.0
SRS1609250,Campylobacter jejuni,Campylobacter jejuni,0.9823318652942016,SRR4018125,ENA_SAMN05558639,TET,Resistant,Resistant,64.0,64.0
SRS1609251,Campylobacter jejuni,Campylobacter jejuni,0.9820352787307188,SRR4018126,ENA_SAMN05558635,TET,Resistant,Resistant,64.0,64.0
SRS1609252,Campylobacter jejuni,Campylobacter jejuni,0.9811386089709832,SRR4018127,ENA_SAMN05558642,TET,Susceptible,Susceptible,0.25,0.25
SRS1609253,Campylobacter jejuni,Campylobacter jejuni,0.9811976865838146,SRR4018128,ENA_SAMN05558621,TET,Susceptible,Susceptible,0.5,0.5
SRS1609254,Campylobacter jejuni,Campylobacter jejuni,0.9801147457227678,SRR4018129,ENA_SAMN05558624,TET,Resistant,Resistant,64.0,64.0
SRS1609258,Campylobacter jejuni,Campylobacter jejuni,0.9825408512662308,SRR4018133,ENA_SAMN05558632,TET,Susceptible,Susceptible,0.25,0.25
SRS1609261,Campylobacter jejuni,Campylobacter jejuni,0.9825634879259934,SRR4018137,ENA_SAMN05558630,TET,Resistant,Resistant,64.0,64.0
SRS1609262,Campylobacter jejuni,Campylobacter jejuni,0.9815824945234272,SRR4018136,ENA_SAMN05558626,TET,Resistant,Resistant,64.0,64.0
SRS1609324,Campylobacter jejuni,Campylobacter jejuni,0.9824441670252312,SRR4018323,ENA_SAMN05558620,TET,Susceptible,Susceptible,0.25,0.25
SRS1609332,Campylobacter jejuni,Campylobacter jejuni,0.9818542187898944,SRR4018331,ENA_SAMN05558628,TET,Resistant,Resistant,64.0,64.0
SRS1609334,Campylobacter jejuni,Campylobacter jejuni,0.981674951897174,SRR4018333,ENA_SAMN05558638,TET,Susceptible,Susceptible,0.12,0.12
SRS1609336,Campylobacter jejuni,Campylobacter jejuni,0.9815030058502447,SRR4018335,ENA_SAMN05558641,TET,Susceptible,Susceptible,0.06,0.06
SRS1609337,Campylobacter jejuni,Campylobacter jejuni,0.9822154885714816,SRR4018336,ENA_SAMN05558625,TET,Resistant,Resistant,64.0,64.0
SRS1609338,Campylobacter jejuni,Campylobacter jejuni,0.9815700131388576,SRR4018337,ENA_SAMN05558627,TET,Susceptible,Susceptible,0.12,0.12
SRS1609339,Campylobacter jejuni,Campylobacter jejuni,0.9825358025407616,SRR4018338,ENA_SAMN05558631,TET,Susceptible,Susceptible,0.25,0.25
SRS1609343,Campylobacter jejuni,Campylobacter jejuni,0.9814324794527614,SRR4018341,ENA_SAMN05558644,TET,Resistant,Resistant,64.0,64.0
SRS1609359,Campylobacter jejuni,Campylobacter jejuni,0.9822494846213516,SRR4018358,ENA_SAMN05558623,TET,Resistant,Resistant,64.0,64.0
SRS1609941,Salmonella enterica,Salmonella enterica,0.9932136384640632,SRR4019213,ENA_SAMN04255408,GEN,Resistant,Resistant,16.0,16.0
SRS1610046,Escherichia coli,Escherichia coli,0.986103111272044,SRR4019388,ENA_SAMN05463123,GEN,Susceptible,Susceptible,1.0,1.0
SRS1610056,Pseudomonas aeruginosa,Pseudomonas aeruginosa,0.9928994771361704,SRR4019400,ENA_SAMN05510445,CAZ,Intermediate,Susceptible,10.0,8.0
SRS1610059,Escherichia coli,Escherichia coli,0.9860567696427088,SRR4019403,ENA_SAMN05510456,GEN,Susceptible,Susceptible,1.0,1.0
SRS1610060,Escherichia coli,Escherichia coli,0.9824061880892112,SRR4019404,ENA_SAMN05510457,GEN,Susceptible,Susceptible,1.0,1.0
SRS1610069,Escherichia coli,Escherichia coli,0.9861580530431354,SRR4019413,ENA_SAMN05510453,GEN,Susceptible,Susceptible,1.0,1.0
SRS1610070,Escherichia coli,Escherichia coli,0.9866156449962707,SRR4019414,ENA_SAMN05510454,GEN,Susceptible,Susceptible,1.0,1.0
SRS1613878,Escherichia coli,Escherichia coli,0.9863477653468112,SRR4025843,ENA_SAMN04014861,GEN,Susceptible,Susceptible,2.0,2.0
SRS1613885,Klebsiella pneumoniae,Klebsiella pneumoniae,0.9891007708394564,SRR5146464,ENA_SAMN04014890,GEN,Resistant,Resistant,16.0,16.0
SRS1613888,Escherichia coli,Escherichia coli,0.985695957880058,SRR5750770,ENA_SAMN04014896,GEN,Resistant,Resistant,16.0,16.0
SRS1613889,Escherichia coli,Escherichia coli,0.986307829094377,SRR5749732,ENA_SAMN04014899,GEN,Resistant,Resistant,16.0,16.0
SRS1613891,Escherichia coli,Escherichia coli,0.9723963022690224,SRR5740776,ENA_SAMN04014902,GEN,Resistant,Resistant,16.0,16.0
SRS1613893,Escherichia coli,Escherichia coli,0.9733129300857472,SRR5740850,ENA_SAMN04014910,GEN,Susceptible,Susceptible,1.0,1.0
SRS1613896,Escherichia coli,Escherichia coli,0.9859229167134586,SRR5740852,ENA_SAMN04014945,GEN,Susceptible,Susceptible,1.0,1.0
SRS1613947,Salmonella enterica,Salmonella enterica,0.9884600184356124,SRR4025938,ENA_SAMN05570536,GEN,Resistant,Resistant,8.0,8.0
SRS1613970,Klebsiella pneumoniae,Klebsiella pneumoniae,0.9890790144510164,SRR5742257,ENA_SAMN04014954,GEN,Resistant,Resistant,16.0,16.0
SRS1613971,Escherichia coli,Escherichia coli,0.9734271737393456,SRR5742259,ENA_SAMN04014955,GEN,Intermediate,Susceptible,4.0,4.0
SRS1613974,Escherichia coli,Escherichia coli,0.9716866577551146,SRR5724753,ENA_SAMN04014959,GEN,Resistant,Resistant,16.0,16.0
SRS1613975,Escherichia coli,Escherichia coli,0.971839835792098,SRR5742589,ENA_SAMN04014960,GEN,Resistant,Resistant,16.0,16.0
SRS1613979,Escherichia coli,Escherichia coli,0.9718706861879224,SRR5750295,ENA_SAMN04014969,GEN,Resistant,Resistant,16.0,16.0
SRS1613982,Escherichia coli,Escherichia coli,0.9726266051916928,SRR5746514,ENA_SAMN04014978,GEN,Resistant,Resistant,16.0,16.0
SRS1613983,Klebsiella pneumoniae,Klebsiella pneumoniae,0.9897590803731514,SRR5753142,ENA_SAMN04014979,GEN,Resistant,Resistant,16.0,16.0
SRS1613990,Escherichia coli,Escherichia coli,0.973996924018616,SRR5750456,ENA_SAMN04014990,GEN,Susceptible,Susceptible,0.5,0.5
SRS1613991,Escherichia coli,Escherichia coli,0.9738027865760536,SRR5750458,ENA_SAMN04014991,GEN,Susceptible,Susceptible,1.0,1.0
SRS1613992,Escherichia coli,Escherichia coli,0.9736976017819476,SRR5750471,ENA_SAMN04014992,GEN,Susceptible,Susceptible,0.25,0.25
SRS1620792,Klebsiella pneumoniae,Klebsiella pneumoniae,0.989153905745334,SRR4035114,ENA_SAMN05170254,GEN,Susceptible,Susceptible,0.25,0.25
SRS1620795,Klebsiella pneumoniae,Klebsiella pneumoniae,0.9894506520387872,SRR4035118,ENA_SAMN05170258,GEN,Susceptible,Susceptible,1.0,1.0
SRS1620796,Escherichia coli,Escherichia coli,0.9860220886227028,SRR4035117,ENA_SAMN05170257,GEN,Resistant,Resistant,16.0,16.0
SRS1620797,Escherichia coli,Escherichia coli,0.9856815360222928,SRR4035119,ENA_SAMN05170259,GEN,Susceptible,Susceptible,2.0,2.0
SRS1620798,Escherichia coli,Escherichia coli,0.9730963297932244,SRR4035120,ENA_SAMN05170260,GEN,Resistant,Resistant,8.0,8.0
SRS1620799,Escherichia coli,Escherichia coli,0.9864071016781796,SRR4035122,ENA_SAMN05170262,GEN,Susceptible,Susceptible,0.5,0.5
SRS1620800,Escherichia coli,Escherichia coli,0.9727787697484652,SRR4035121,ENA_SAMN05170261,GEN,Resistant,Resistant,16.0,16.0
SRS1620801,Klebsiella pneumoniae,Klebsiella pneumoniae,0.9892191229368495,SRR4035123,ENA_SAMN05170263,GEN,Resistant,Resistant,16.0,16.0
SRS1629194,Salmonella enterica,Salmonella enterica,0.998020301542934,SRR4044381,ENA_SAMN05596087,GEN,Resistant,Resistant,16.0,16.0
SRS1629224,Salmonella enterica,Salmonella enterica,0.9855542577416884,SRR4044420,ENA_SAMN05596222,GEN,Susceptible,Susceptible,0.5,0.5
SRS1629243,Salmonella enterica,Salmonella enterica,0.9988769182232508,SRR4044442,ENA_SAMN05596261,GEN,Susceptible,Susceptible,0.25,0.25
SRS1629314,Salmonella enterica,Salmonella enterica,0.9985491954985236,SRR4044538,ENA_SAMN05596292,GEN,Susceptible,Susceptible,1.0,1.0
SRS1629354,Salmonella enterica,Salmonella enterica,0.990654553861314,SRR4044576,ENA_SAMN05596348,GEN,Resistant,Resistant,16.0,16.0
SRS1629362,Salmonella enterica,Salmonella enterica,0.987414442487458,SRR4044587,ENA_SAMN05596364,GEN,Susceptible,Susceptible,0.5,0.5
SRS1629422,Salmonella enterica,Salmonella enterica,0.9845767014897993,SRR4044661,ENA_SAMN05596672,GEN,Resistant,Resistant,16.0,16.0
SRS1629423,Salmonella enterica,Salmonella enterica,0.9989909662283232,SRR4044662,ENA_SAMN05596677,GEN,Susceptible,Susceptible,1.0,1.0
SRS1629443,Salmonella enterica,Salmonella enterica,0.9890349023711376,SRR4044682,ENA_SAMN05596823,GEN,Susceptible,Susceptible,0.5,0.5
SRS1646038,Klebsiella pneumoniae,Klebsiella pneumoniae,0.98868513695554,SRR4065637,ENA_SAMN05170306,GEN,Resistant,Resistant,16.0,16.0
SRS1646039,Klebsiella pneumoniae,Klebsiella pneumoniae,0.9889380915937332,SRR4065638,ENA_SAMN05170307,GEN,Susceptible,Susceptible,0.25,0.25
SRS1646042,Klebsiella pneumoniae,Klebsiella pneumoniae,0.9893502706772568,SRR4065641,ENA_SAMN05170310,GEN,Susceptible,Susceptible,0.5,0.5
SRS1646043,Klebsiella pneumoniae,Klebsiella pneumoniae,0.9903729937018076,SRR4065642,ENA_SAMN05170311,GEN,Susceptible,Susceptible,0.25,0.25
SRS1646044,Escherichia coli,Escherichia coli,0.9746263846466388,SRR4065643,ENA_SAMN05170312,GEN,Susceptible,Susceptible,0.5,0.5
SRS1646045,Klebsiella pneumoniae,Klebsiella pneumoniae,0.9898752812358766,SRR4065644,ENA_SAMN05170313,GEN,Susceptible,Susceptible,0.25,0.25
SRS1646049,Escherichia coli,Escherichia coli,0.9863659193563044,SRR4065649,ENA_SAMN05170318,GEN,Resistant,Resistant,16.0,16.0
SRS1646051,Escherichia coli,Escherichia coli,0.9863892981208684,SRR4065650,ENA_SAMN05170319,GEN,Susceptible,Susceptible,2.0,2.0
SRS1646056,Escherichia coli,Escherichia coli,0.973991898406371,SRR4065662,ENA_SAMN05170323,GEN,Resistant,Resistant,8.0,8.0
SRS1646063,Escherichia coli,Escherichia coli,0.9856870916619463,SRR4065666,ENA_SAMN05170327,GEN,Susceptible,Susceptible,0.5,0.5
SRS1646069,Escherichia coli,Escherichia coli,0.9858780287389642,SRR4065676,ENA_SAMN05170337,GEN,Resistant,Resistant,16.0,16.0
SRS1646070,Escherichia coli,Escherichia coli,0.9860329134211048,SRR4065675,ENA_SAMN05170336,GEN,Susceptible,Susceptible,0.5,0.5
SRS1646072,Klebsiella pneumoniae,Klebsiella pneumoniae,0.9895765719956694,SRR4065679,ENA_SAMN05170340,GEN,Susceptible,Susceptible,0.25,0.25
SRS1646074,Klebsiella pneumoniae,Klebsiella pneumoniae,0.9891223713418988,SRR4065680,ENA_SAMN05170341,GEN,Resistant,Resistant,16.0,16.0
SRS1646083,Escherichia coli,Escherichia coli,0.9861474625417525,SRR4065703,ENA_SAMN05170348,GEN,Susceptible,Susceptible,1.0,1.0
SRS1646084,Escherichia coli,Escherichia coli,0.9860094495582366,SRR4065704,ENA_SAMN05170349,GEN,Susceptible,Susceptible,0.5,0.5
SRS1646085,Escherichia coli,Escherichia coli,0.9864727082504974,SRR4065706,ENA_SAMN05170351,GEN,Susceptible,Susceptible,0.5,0.5
SRS1646088,Escherichia coli,Escherichia coli,0.9897511578990932,SRR4065708,ENA_SAMN05170353,GEN,Susceptible,Susceptible,1.0,1.0
SRS1648001,Escherichia coli,Escherichia coli,0.9863279168252422,SRR4069214,ENA_SAMN05170356,GEN,Resistant,Resistant,16.0,16.0
SRS1648003,Escherichia coli,Escherichia coli,0.9859691474815584,SRR4069212,ENA_SAMN05170354,GEN,Susceptible,Susceptible,0.5,0.5
SRS1693854,Klebsiella pneumoniae,Klebsiella pneumoniae,0.9893068028199318,SRR4245474,ENA_SAMN05774073,GEN,Susceptible,Susceptible,1.0,1.0
SRS1693855,Escherichia coli,Escherichia coli,0.974714998589572,SRR4245475,ENA_SAMN05774074,GEN,Intermediate,Resistant,6.0,8.0
SRS1693857,Escherichia coli,Escherichia coli,0.9733898636171328,SRR4245477,ENA_SAMN05774084,GEN,Susceptible,Susceptible,1.0,1.0
SRS1693858,Escherichia coli,Escherichia coli,0.9863069431570702,SRR4245478,ENA_SAMN05774085,GEN,Resistant,Resistant,16.0,16.0
SRS1693859,Escherichia coli,Escherichia coli,0.9858930991678034,SRR4245479,ENA_SAMN05774075,GEN,Resistant,Resistant,16.0,16.0
SRS1693860,Escherichia coli,Escherichia coli,0.9738788558997572,SRR4245480,ENA_SAMN05774076,GEN,Susceptible,Susceptible,1.0,1.0
SRS1693861,Escherichia coli,Escherichia coli,0.9743820490172086,SRR4245481,ENA_SAMN05774077,GEN,Susceptible,Susceptible,0.5,0.5
SRS1693862,Escherichia coli,Escherichia coli,0.9863006918058022,SRR4245482,ENA_SAMN05774078,GEN,Resistant,Resistant,16.0,16.0
SRS1693864,Escherichia coli,Escherichia coli,0.9864315420383244,SRR4245483,ENA_SAMN05774079,GEN,Susceptible,Susceptible,1.0,1.0
SRS1693865,Escherichia coli,Escherichia coli,0.9862848543196444,SRR4245484,ENA_SAMN05774080,GEN,Susceptible,Susceptible,0.5,0.5
SRS1693866,Escherichia coli,Escherichia coli,0.9737047540024848,SRR4245486,ENA_SAMN05774082,GEN,Susceptible,Susceptible,1.0,1.0
SRS1706148,Salmonella enterica,Salmonella enterica,0.9988887346983122,SRR4280562,ENA_SAMN05771721,GEN,Susceptible,Susceptible,1.0,1.0
SRS1706182,Salmonella enterica,Salmonella enterica,0.9901314310457716,SRR4280595,ENA_SAMN05771754,GEN,Resistant,Resistant,16.0,16.0
SRS1706185,Salmonella enterica,Salmonella enterica,0.9907727912749577,SRR4280598,ENA_SAMN05771757,GEN,Susceptible,Susceptible,0.5,0.5
SRS1706188,Salmonella enterica,Salmonella enterica,0.9898196245312442,SRR4280601,ENA_SAMN05771760,GEN,Susceptible,Susceptible,0.5,0.5
SRS1706192,Salmonella enterica,Salmonella enterica,0.9875172441899104,SRR4280605,ENA_SAMN05771764,GEN,Susceptible,Susceptible,0.25,0.25
SRS1706195,Salmonella enterica,Salmonella enterica,0.9917569712427996,SRR4280608,ENA_SAMN05771767,GEN,Susceptible,Susceptible,0.5,0.5
SRS1706212,Salmonella enterica,Salmonella enterica,0.991806651618767,SRR4280625,ENA_SAMN05771784,GEN,Susceptible,Susceptible,1.0,1.0
SRS1706213,Salmonella enterica,Salmonella enterica,0.9945089195761876,SRR4280626,ENA_SAMN05771785,GEN,Resistant,Resistant,16.0,16.0
SRS1706224,Salmonella enterica,Salmonella enterica,0.999384082456734,SRR4280637,ENA_SAMN05771796,GEN,Susceptible,Susceptible,0.5,0.5
SRS1706228,Salmonella enterica,Salmonella enterica,0.9979131487335622,SRR4280641,ENA_SAMN05771800,GEN,Susceptible,Susceptible,0.25,0.25
SRS1712862,Escherichia coli,Escherichia coli,0.9742471656638504,SRR4294836,ENA_SAMN05806161,GEN,Susceptible,Susceptible,1.0,1.0
SRS1712863,Escherichia coli,Escherichia coli,0.9735537560781112,SRR4294837,ENA_SAMN05806162,GEN,Resistant,Resistant,16.0,16.0
SRS1712864,Pseudomonas aeruginosa,Pseudomonas aeruginosa,0.9940777265640072,SRR4294838,ENA_SAMN05806171,CAZ,Susceptible,Susceptible,6.0,8.0
SRS1712867,Escherichia coli,Escherichia coli,0.9863104835164564,SRR4294841,ENA_SAMN05806174,GEN,Resistant,Resistant,16.0,16.0
SRS1712868,Escherichia coli,Escherichia coli,0.986152789499362,SRR4294842,ENA_SAMN05806175,GEN,Susceptible,Susceptible,1.0,1.0
SRS1712871,Escherichia coli,Escherichia coli,0.9784922198977962,SRR4294845,ENA_SAMN05806164,GEN,Resistant,Resistant,8.0,8.0
SRS1712872,Escherichia coli,Escherichia coli,0.9721938758874414,SRR4294846,ENA_SAMN05806165,GEN,Resistant,Resistant,8.0,8.0
SRS1712873,Escherichia coli,Escherichia coli,0.9737034486269956,SRR4294847,ENA_SAMN05806166,GEN,Susceptible,Susceptible,1.0,1.0
SRS1712876,Escherichia coli,Escherichia coli,0.9741242441349046,SRR4294850,ENA_SAMN05806169,GEN,Susceptible,Susceptible,0.5,0.5
SRS1712877,Pseudomonas aeruginosa,Pseudomonas aeruginosa,0.9889407450255138,SRR4294852,ENA_SAMN05806170,CAZ,Intermediate,Resistant,24.0,32.0
SRS1739265,Streptococcus pneumoniae,Streptococcus pneumoniae,0.990471287220116,SRR4417290,ENA_SAMN05898635,ERY,Susceptible,Susceptible,0.25,0.25
SRS1739268,Streptococcus pneumoniae,Streptococcus pneumoniae,0.9903121780964342,SRR4417293,ENA_SAMN05898638,ERY,Resistant,Resistant,2.0,2.0
SRS1739269,Streptococcus pneumoniae,Streptococcus pneumoniae,0.990201714027706,SRR4417294,ENA_SAMN05898639,ERY,Susceptible,Susceptible,0.25,0.25
SRS1739270,Streptococcus pneumoniae,Streptococcus pneumoniae,0.990308529476102,SRR4417296,ENA_SAMN05898640,ERY,Susceptible,Susceptible,0.25,0.25
SRS1739272,Streptococcus pneumoniae,Streptococcus pneumoniae,0.9903834887020524,SRR4417299,ENA_SAMN05898544,ERY,Susceptible,Susceptible,0.25,0.25
SRS1739273,Streptococcus pneumoniae,Streptococcus pneumoniae,0.9902222493461594,SRR4417298,ENA_SAMN05898642,ERY,Susceptible,Susceptible,0.25,0.25
SRS1739274,Streptococcus pneumoniae,Streptococcus pneumoniae,0.9903982856764671,SRR4417300,ENA_SAMN05898643,ERY,Susceptible,Susceptible,0.25,0.25
SRS1739276,Streptococcus pneumoniae,Streptococcus pneumoniae,0.9903605681093302,SRR4417303,ENA_SAMN05898645,ERY,Susceptible,Susceptible,0.25,0.25
SRS1739277,Streptococcus pneumoniae,Streptococcus pneumoniae,0.9901151489475012,SRR4417304,ENA_SAMN05898646,ERY,Susceptible,Susceptible,0.25,0.25
SRS1739278,Streptococcus pneumoniae,Streptococcus pneumoniae,0.9903828667171416,SRR4417305,ENA_SAMN05898647,ERY,Susceptible,Susceptible,0.25,0.25
SRS1739280,Streptococcus pneumoniae,Streptococcus pneumoniae,0.990434505790727,SRR4417307,ENA_SAMN05898649,ERY,Susceptible,Susceptible,0.25,0.25
SRS1739285,Streptococcus pneumoniae,Streptococcus pneumoniae,0.990407111320706,SRR4417312,ENA_SAMN05898653,ERY,Susceptible,Susceptible,0.25,0.25
SRS1739290,Streptococcus pneumoniae,Streptococcus pneumoniae,0.990465382814827,SRR4417317,ENA_SAMN05898658,ERY,Susceptible,Susceptible,0.25,0.25
SRS1739292,Streptococcus pneumoniae,Streptococcus pneumoniae,0.9902103763326136,SRR4417319,ENA_SAMN05898660,ERY,Susceptible,Susceptible,0.25,0.25
SRS1739293,Streptococcus pneumoniae,Streptococcus pneumoniae,0.9900330672924657,SRR4417320,ENA_SAMN05898661,ERY,Resistant,Resistant,2.0,2.0
SRS1739295,Streptococcus pneumoniae,Streptococcus pneumoniae,0.9903842175560296,SRR4417322,ENA_SAMN05898546,ERY,Susceptible,Susceptible,0.25,0.25
SRS1739296,Streptococcus pneumoniae,Streptococcus pneumoniae,0.9904470433739594,SRR4417323,ENA_SAMN05898663,ERY,Susceptible,Susceptible,0.25,0.25
SRS1739297,Streptococcus pneumoniae,Streptococcus pneumoniae,0.9900254224265396,SRR4417324,ENA_SAMN05898664,ERY,Resistant,Resistant,2.0,2.0
SRS1739300,Streptococcus pneumoniae,Streptococcus pneumoniae,0.9900386324657648,SRR4417327,ENA_SAMN05898667,ERY,Resistant,Resistant,2.0,2.0
SRS1739301,Streptococcus pneumoniae,Streptococcus pneumoniae,0.99042443927334,SRR4417328,ENA_SAMN05898668,ERY,Susceptible,Susceptible,0.25,0.25
SRS1739303,Streptococcus pneumoniae,Streptococcus pneumoniae,0.9904505469713102,SRR4417330,ENA_SAMN05898547,ERY,Susceptible,Susceptible,0.25,0.25
SRS1739305,Streptococcus pneumoniae,Streptococcus pneumoniae,0.9903735494316144,SRR4417333,ENA_SAMN05898549,ERY,Susceptible,Susceptible,0.25,0.25
SRS1739307,Streptococcus pneumoniae,Streptococcus pneumoniae,0.9902802031657532,SRR4417335,ENA_SAMN05898551,ERY,Susceptible,Susceptible,0.25,0.25
SRS1739308,Streptococcus pneumoniae,Streptococcus pneumoniae,0.9903139145619336,SRR4417336,ENA_SAMN05898552,ERY,Susceptible,Susceptible,0.25,0.25
SRS1739310,Streptococcus pneumoniae,Streptococcus pneumoniae,0.9907603586046296,SRR4417339,ENA_SAMN05898553,ERY,Resistant,Resistant,2.0,2.0
SRS1739311,Streptococcus pneumoniae,Streptococcus pneumoniae,0.99017463150971,SRR4417340,ENA_SAMN05898554,ERY,Susceptible,Susceptible,0.25,0.25
SRS1739313,Streptococcus pneumoniae,Streptococcus pneumoniae,0.9903994781840362,SRR4417343,ENA_SAMN05898556,ERY,Susceptible,Susceptible,0.25,0.25
SRS1739314,Streptococcus pneumoniae,Streptococcus pneumoniae,0.99041438910447,SRR4417345,ENA_SAMN05898557,ERY,Susceptible,Susceptible,0.25,0.25
SRS1739321,Streptococcus pneumoniae,Streptococcus pneumoniae,0.9902357476609897,SRR4417353,ENA_SAMN05898563,ERY,Susceptible,Susceptible,0.25,0.25
SRS1739322,Streptococcus pneumoniae,Streptococcus pneumoniae,0.9903566600544086,SRR4417354,ENA_SAMN05898564,ERY,Susceptible,Susceptible,0.25,0.25
SRS1739323,Streptococcus pneumoniae,Streptococcus pneumoniae,0.9901995163318292,SRR4417355,ENA_SAMN05898565,ERY,Susceptible,Susceptible,0.25,0.25
SRS1739324,Streptococcus pneumoniae,Streptococcus pneumoniae,0.9893077669662468,SRR4417356,ENA_SAMN05898566,ERY,Susceptible,Susceptible,0.25,0.25
SRS1739325,Streptococcus pneumoniae,Streptococcus pneumoniae,0.9904066896883398,SRR4417357,ENA_SAMN05898567,ERY,Susceptible,Susceptible,0.25,0.25
SRS1739327,Streptococcus pneumoniae,Streptococcus pneumoniae,0.990142700360266,SRR4417359,ENA_SAMN05898569,ERY,Susceptible,Susceptible,0.25,0.25
SRS1739332,Streptococcus pneumoniae,Streptococcus pneumoniae,0.9904113682203745,SRR4417364,ENA_SAMN05898573,ERY,Susceptible,Susceptible,0.25,0.25
SRS1739336,Streptococcus pneumoniae,Streptococcus pneumoniae,0.9904406231142396,SRR4417368,ENA_SAMN05898577,ERY,Susceptible,Susceptible,0.25,0.25
SRS1739338,Streptococcus pneumoniae,Streptococcus pneumoniae,0.9904321481163734,SRR4417369,ENA_SAMN05898578,ERY,Susceptible,Susceptible,0.25,0.25
SRS1739340,Streptococcus pneumoniae,Streptococcus pneumoniae,0.990368206420974,SRR4417372,ENA_SAMN05898581,ERY,Susceptible,Susceptible,0.25,0.25
SRS1739342,Streptococcus pneumoniae,Streptococcus pneumoniae,0.9904398588798956,SRR4417373,ENA_SAMN05898582,ERY,Susceptible,Susceptible,0.25,0.25
SRS1739346,Streptococcus pneumoniae,Streptococcus pneumoniae,0.9903651498825686,SRR4417378,ENA_SAMN05898586,ERY,Susceptible,Susceptible,0.25,0.25
SRS1739348,Streptococcus pneumoniae,Streptococcus pneumoniae,0.9904113682203745,SRR4417380,ENA_SAMN05898588,ERY,Susceptible,Susceptible,0.25,0.25
SRS1739351,Streptococcus pneumoniae,Streptococcus pneumoniae,0.9904113682203745,SRR4417383,ENA_SAMN05898591,ERY,Susceptible,Susceptible,0.25,0.25
SRS1739352,Streptococcus pneumoniae,Streptococcus pneumoniae,0.9900692163544946,SRR4417384,ENA_SAMN05898592,ERY,Resistant,Resistant,2.0,2.0
SRS1739354,Streptococcus pneumoniae,Streptococcus pneumoniae,0.9907653508319856,SRR4417386,ENA_SAMN05898593,ERY,Susceptible,Susceptible,0.25,0.25
SRS1739358,Streptococcus pneumoniae,Streptococcus pneumoniae,0.9901142711235874,SRR4417390,ENA_SAMN05898597,ERY,Susceptible,Susceptible,0.25,0.25
SRS1739362,Streptococcus pneumoniae,Streptococcus pneumoniae,0.9901703424346928,SRR4417394,ENA_SAMN05898601,ERY,Susceptible,Susceptible,0.25,0.25
SRS1739364,Streptococcus pneumoniae,Streptococcus pneumoniae,0.9901074887784272,SRR4417397,ENA_SAMN05898603,ERY,Susceptible,Susceptible,0.25,0.25
SRS1739368,Streptococcus pneumoniae,Streptococcus pneumoniae,0.990120671641718,SRR4417400,ENA_SAMN05898606,ERY,Susceptible,Susceptible,0.25,0.25
SRS1739371,Streptococcus pneumoniae,Streptococcus pneumoniae,0.99033124654555,SRR4417403,ENA_SAMN05898609,ERY,Susceptible,Susceptible,0.25,0.25
SRS1739375,Streptococcus pneumoniae,Streptococcus pneumoniae,0.9903605681093302,SRR4417407,ENA_SAMN05898541,ERY,Susceptible,Susceptible,0.25,0.25
SRS1739378,Streptococcus pneumoniae,Streptococcus pneumoniae,0.9903828667171416,SRR4417410,ENA_SAMN05898615,ERY,Susceptible,Susceptible,0.25,0.25
SRS1739380,Streptococcus pneumoniae,Streptococcus pneumoniae,0.9902919080067212,SRR4417412,ENA_SAMN05898617,ERY,Susceptible,Susceptible,0.25,0.25
SRS1739381,Streptococcus pneumoniae,Streptococcus pneumoniae,0.9903918469294486,SRR4417413,ENA_SAMN05898618,ERY,Susceptible,Susceptible,0.25,0.25
SRS1739382,Streptococcus pneumoniae,Streptococcus pneumoniae,0.990458252299196,SRR4417414,ENA_SAMN05898619,ERY,Resistant,Resistant,2.0,2.0
SRS1739384,Streptococcus pneumoniae,Streptococcus pneumoniae,0.990450601541904,SRR4417416,ENA_SAMN05898621,ERY,Susceptible,Susceptible,0.25,0.25
SRS1739385,Streptococcus pneumoniae,Streptococcus pneumoniae,0.9903575024523577,SRR4417417,ENA_SAMN05898622,ERY,Susceptible,Susceptible,0.25,0.25
SRS1739386,Streptococcus pneumoniae,Streptococcus pneumoniae,0.9898157847565424,SRR4417418,ENA_SAMN05898542,ERY,Resistant,Resistant,2.0,2.0
SRS1739390,Streptococcus pneumoniae,Streptococcus pneumoniae,0.9904113682203745,SRR4417422,ENA_SAMN05898626,ERY,Susceptible,Susceptible,0.25,0.25
SRS1739393,Streptococcus pneumoniae,Streptococcus pneumoniae,0.9903851916253612,SRR4417425,ENA_SAMN05898629,ERY,Susceptible,Susceptible,0.25,0.25
SRS1739394,Streptococcus pneumoniae,Streptococcus pneumoniae,0.99037516011715,SRR4417426,ENA_SAMN05898630,ERY,Susceptible,Susceptible,0.25,0.25
SRS1739395,Streptococcus pneumoniae,Streptococcus pneumoniae,0.9899599471037092,SRR4417427,ENA_SAMN05898631,ERY,Resistant,Resistant,2.0,2.0
SRS1739396,Streptococcus pneumoniae,Streptococcus pneumoniae,0.990192980764641,SRR4417428,ENA_SAMN05898632,ERY,Susceptible,Susceptible,0.25,0.25
SRS1739407,Staphylococcus aureus,Staphylococcus aureus,0.9918509947464148,SRR6994965,ENA_SAMN04901605,ERY,Resistant,Resistant,8.0,8.0
SRS1739408,Staphylococcus aureus,Staphylococcus aureus,0.998178950637544,SRR6985636,ENA_SAMN04901606,ERY,Resistant,Resistant,8.0,8.0
SRS1739409,Staphylococcus aureus,Staphylococcus aureus,0.9980555037369578,SRR6985724,ENA_SAMN04901615,ERY,Resistant,Resistant,8.0,8.0
SRS1739410,Staphylococcus aureus,Staphylococcus aureus,0.998140399246534,SRR6985655,ENA_SAMN04901616,ERY,Resistant,Resistant,8.0,8.0
SRS1739411,Staphylococcus aureus,Staphylococcus aureus,0.9922215027723658,SRR6985734,ENA_SAMN04901617,ERY,Resistant,Resistant,8.0,8.0
SRS1739412,Staphylococcus aureus,Staphylococcus aureus,0.9919006450530432,SRR6985727,ENA_SAMN04901618,ERY,Resistant,Resistant,8.0,8.0
SRS1739413,Staphylococcus aureus,Staphylococcus aureus,0.998426203281172,SRR4417445,ENA_SAMN04901607,ERY,Susceptible,Susceptible,0.25,0.25
SRS1739414,Staphylococcus aureus,Staphylococcus aureus,0.991728785562548,SRR6985647,ENA_SAMN04901608,ERY,Resistant,Resistant,8.0,8.0
SRS1739415,Staphylococcus aureus,Staphylococcus aureus,0.9918243015952728,SRR6985639,ENA_SAMN04901609,ERY,Resistant,Resistant,8.0,8.0
SRS1739416,Staphylococcus aureus,Staphylococcus aureus,0.9920490351359664,SRR6985643,ENA_SAMN04901610,ERY,Resistant,Resistant,8.0,8.0
SRS1739417,Staphylococcus aureus,Staphylococcus aureus,0.9977519388601914,SRR6994983,ENA_SAMN04901611,ERY,Intermediate,Susceptible,1.0,1.0
SRS1739418,Staphylococcus aureus,Staphylococcus aureus,0.9924901917069228,SRR6985644,ENA_SAMN04901612,ERY,Susceptible,Susceptible,0.25,0.25
SRS1739419,Staphylococcus aureus,Staphylococcus aureus,0.9983200614384546,SRR6985650,ENA_SAMN04901613,ERY,Susceptible,Susceptible,0.25,0.25
SRS1739420,Staphylococcus aureus,Staphylococcus aureus,0.9918808740143308,SRR6985722,ENA_SAMN04901614,ERY,Resistant,Resistant,8.0,8.0
SRS1739476,Pseudomonas aeruginosa,Pseudomonas aeruginosa,0.9917816925391786,SRR4417530,ENA_SAMN04901619,CAZ,Resistant,Resistant,64.0,64.0
SRS1739477,Pseudomonas aeruginosa,Pseudomonas aeruginosa,0.9926900919523872,SRR4417536,ENA_SAMN04901643,CAZ,Intermediate,Susceptible,16.0,16.0
SRS1739478,Pseudomonas aeruginosa,Pseudomonas aeruginosa,0.9929558696692924,SRR6807658,ENA_SAMN04901620,CAZ,Resistant,Resistant,32.0,32.0
SRS1739479,Pseudomonas aeruginosa,Pseudomonas aeruginosa,0.988394642369148,SRR4417532,ENA_SAMN04901629,CAZ,Resistant,Resistant,64.0,64.0
SRS1739480,Pseudomonas aeruginosa,Pseudomonas aeruginosa,0.9892246208911188,SRR4417533,ENA_SAMN04901634,CAZ,Susceptible,Susceptible,8.0,8.0
SRS1739481,Pseudomonas aeruginosa,Pseudomonas aeruginosa,0.9944428643495654,SRR4417535,ENA_SAMN04901641,CAZ,Susceptible,Susceptible,8.0,8.0
SRS1739482,Pseudomonas aeruginosa,Pseudomonas aeruginosa,0.9927517774080564,SRR4417534,ENA_SAMN04901637,CAZ,Susceptible,Susceptible,4.0,4.0
SRS1739483,Pseudomonas aeruginosa,Pseudomonas aeruginosa,0.9930144909138328,SRR4417537,ENA_SAMN04901644,CAZ,Resistant,Resistant,32.0,32.0
SRS1739484,Pseudomonas aeruginosa,Pseudomonas aeruginosa,0.9929882437281958,SRR4417538,ENA_SAMN04901645,CAZ,Resistant,Resistant,32.0,32.0
SRS1739485,Pseudomonas aeruginosa,Pseudomonas aeruginosa,0.9919987570162844,SRR4417539,ENA_SAMN04901646,CAZ,Susceptible,Susceptible,4.0,4.0
SRS1739486,Pseudomonas aeruginosa,Pseudomonas aeruginosa,0.9933482452867596,SRR4417540,ENA_SAMN04901647,CAZ,Susceptible,Susceptible,4.0,4.0
SRS1739487,Pseudomonas aeruginosa,Pseudomonas aeruginosa,0.9891587611459896,SRR4417541,ENA_SAMN04901648,CAZ,Susceptible,Susceptible,2.0,2.0
SRS1739488,Pseudomonas aeruginosa,Pseudomonas aeruginosa,0.9928133019754416,SRR4417542,ENA_SAMN04901621,CAZ,Resistant,Resistant,64.0,64.0
SRS1739489,Pseudomonas aeruginosa,Pseudomonas aeruginosa,0.99308726013858,SRR4417544,ENA_SAMN04901650,CAZ,Susceptible,Susceptible,4.0,4.0
SRS1739490,Pseudomonas aeruginosa,Pseudomonas aeruginosa,0.9941313898032478,SRR4417543,ENA_SAMN04901649,CAZ,Susceptible,Susceptible,2.0,2.0
SRS1739491,Pseudomonas aeruginosa,Pseudomonas aeruginosa,0.9885260231613676,SRR4417545,ENA_SAMN04901651,CAZ,Susceptible,Susceptible,4.0,4.0
SRS1739492,Pseudomonas aeruginosa,Pseudomonas aeruginosa,0.989333493913612,SRR4417547,ENA_SAMN04901653,CAZ,Susceptible,Susceptible,2.0,2.0
SRS1739493,Pseudomonas aeruginosa,Pseudomonas aeruginosa,0.9927214948288972,SRR4417546,ENA_SAMN04901652,CAZ,Susceptible,Susceptible,4.0,4.0
SRS1739494,Pseudomonas aeruginosa,Pseudomonas aeruginosa,0.9929675409525572,SRR4417549,ENA_SAMN04901655,CAZ,Intermediate,Susceptible,16.0,16.0
SRS1739495,Pseudomonas aeruginosa,Pseudomonas aeruginosa,0.9924787908397972,SRR4417548,ENA_SAMN04901654,CAZ,Susceptible,Susceptible,2.0,2.0
SRS1739496,Pseudomonas aeruginosa,Pseudomonas aeruginosa,0.992793971755242,SRR4417550,ENA_SAMN04901656,CAZ,Intermediate,Susceptible,16.0,16.0
SRS1739497,Pseudomonas aeruginosa,Pseudomonas aeruginosa,0.9927167888745054,SRR4417551,ENA_SAMN04901657,CAZ,Susceptible,Susceptible,4.0,4.0
SRS1739498,Pseudomonas aeruginosa,Pseudomonas aeruginosa,0.9927190860707495,SRR4417552,ENA_SAMN04901658,CAZ,Resistant,Resistant,64.0,64.0
SRS1739499,Pseudomonas aeruginosa,Pseudomonas aeruginosa,0.9885822605602116,SRR4417553,ENA_SAMN04901622,CAZ,Susceptible,Susceptible,2.0,2.0
SRS1739500,Pseudomonas aeruginosa,Pseudomonas aeruginosa,0.9945130194194886,SRR4417555,ENA_SAMN04901660,CAZ,Susceptible,Susceptible,2.0,2.0
SRS1739501,Pseudomonas aeruginosa,Pseudomonas aeruginosa,0.9928072694794792,SRR4417554,ENA_SAMN04901659,CAZ,Susceptible,Susceptible,4.0,4.0
SRS1739502,Pseudomonas aeruginosa,Pseudomonas aeruginosa,0.9928636987131672,SRR4417556,ENA_SAMN04901661,CAZ,Susceptible,Susceptible,4.0,4.0
SRS1739503,Pseudomonas aeruginosa,Pseudomonas aeruginosa,0.9928035948824788,SRR4417557,ENA_SAMN04901662,CAZ,Susceptible,Susceptible,2.0,2.0
SRS1739504,Pseudomonas aeruginosa,Pseudomonas aeruginosa,0.99288301646724,SRR4417558,ENA_SAMN04901623,CAZ,Susceptible,Susceptible,8.0,8.0
SRS1739505,Pseudomonas aeruginosa,Pseudomonas aeruginosa,0.9886294420355995,SRR4417559,ENA_SAMN04901624,CAZ,Susceptible,Susceptible,2.0,2.0
SRS1739506,Pseudomonas aeruginosa,Pseudomonas aeruginosa,0.9892475721632248,SRR4417560,ENA_SAMN04901625,CAZ,Resistant,Resistant,64.0,64.0
SRS1739507,Pseudomonas aeruginosa,Pseudomonas aeruginosa,0.9886301380773796,SRR4417561,ENA_SAMN04901626,CAZ,Susceptible,Susceptible,2.0,2.0
SRS1739508,Pseudomonas aeruginosa,Pseudomonas aeruginosa,0.9943233247606136,SRR4417563,ENA_SAMN04901628,CAZ,Susceptible,Susceptible,2.0,2.0
SRS1739509,Pseudomonas aeruginosa,Pseudomonas aeruginosa,0.9932576538835288,SRR4417562,ENA_SAMN04901627,CAZ,Susceptible,Susceptible,2.0,2.0
SRS1739515,Acinetobacter baumannii,Acinetobacter baumannii,0.98286083124303,SRR4417569,ENA_SAMN04901663,CAZ,Resistant,Resistant,64.0,64.0
SRS1739516,Acinetobacter baumannii,Acinetobacter baumannii,0.9824653841722124,SRR4417571,ENA_SAMN04901673,CAZ,Resistant,Resistant,128.0,64.0
SRS1739517,Acinetobacter baumannii,Acinetobacter baumannii,0.9835112652736592,SRR4417575,ENA_SAMN04901677,CAZ,Resistant,Resistant,128.0,64.0
SRS1739519,Acinetobacter baumannii,Acinetobacter baumannii,0.9826466189693374,SRR4417574,ENA_SAMN04901676,CAZ,Resistant,Resistant,128.0,64.0
SRS1739522,Acinetobacter baumannii,Acinetobacter baumannii,0.9829636230673544,SRR4417577,ENA_SAMN04901678,CAZ,Resistant,Resistant,64.0,64.0
SRS1739523,Acinetobacter baumannii,Acinetobacter baumannii,0.9830440235956414,SRR4417578,ENA_SAMN04901679,CAZ,Resistant,Resistant,128.0,64.0
SRS1739529,Acinetobacter baumannii,Acinetobacter baumannii,0.9828642881485844,SRR4417587,ENA_SAMN04901685,CAZ,Resistant,Resistant,128.0,64.0
SRS1739531,Acinetobacter baumannii,Acinetobacter baumannii,0.982897375030365,SRR4417591,ENA_SAMN04901688,CAZ,Resistant,Resistant,128.0,64.0
SRS1739534,Acinetobacter baumannii,Acinetobacter baumannii,0.983073978648797,SRR4417593,ENA_SAMN04901690,CAZ,Resistant,Resistant,64.0,64.0
SRS1739535,Acinetobacter baumannii,Acinetobacter baumannii,0.9832777568088388,SRR4417594,ENA_SAMN04901691,CAZ,Resistant,Resistant,128.0,64.0
SRS1739538,Acinetobacter baumannii,Acinetobacter baumannii,0.9833371718867452,SRR4417599,ENA_SAMN04901694,CAZ,Resistant,Resistant,64.0,64.0
SRS1739541,Acinetobacter baumannii,Acinetobacter baumannii,0.9824666841464472,SRR4417600,ENA_SAMN04901695,CAZ,Resistant,Resistant,128.0,64.0
SRS1739542,Acinetobacter baumannii,Acinetobacter baumannii,0.9831982334808668,SRR4417602,ENA_SAMN04901697,CAZ,Resistant,Resistant,64.0,64.0
SRS1739543,Acinetobacter baumannii,Acinetobacter baumannii,0.982929930578986,SRR4417603,ENA_SAMN04901698,CAZ,Resistant,Resistant,128.0,64.0
SRS1739545,Acinetobacter baumannii,Acinetobacter baumannii,0.9830776449337452,SRR4417605,ENA_SAMN04901700,CAZ,Resistant,Resistant,128.0,64.0
SRS1739546,Acinetobacter baumannii,Acinetobacter baumannii,0.9830723167457946,SRR4417606,ENA_SAMN04901701,CAZ,Resistant,Resistant,128.0,64.0
SRS1739548,Acinetobacter baumannii,Acinetobacter baumannii,0.9820428356220988,SRR4417608,ENA_SAMN04901667,CAZ,Resistant,Resistant,128.0,64.0
SRS1739552,Acinetobacter baumannii,Acinetobacter baumannii,0.9834346959142976,SRR4417612,ENA_SAMN04901670,CAZ,Resistant,Resistant,128.0,64.0
SRS1739553,Acinetobacter baumannii,Acinetobacter baumannii,0.9840600947848144,SRR4417613,ENA_SAMN04901671,CAZ,Resistant,Resistant,128.0,64.0
SRS1744230,Salmonella enterica,Salmonella enterica,0.9891609100821795,SRR4420897,ENA_SAMN05907713,GEN,Susceptible,Susceptible,1.0,1.0
SRS1744237,Salmonella enterica,Salmonella enterica,0.9892802960303372,SRR4420904,ENA_SAMN05907719,GEN,Susceptible,Susceptible,0.25,0.25
SRS1744279,Salmonella enterica,Salmonella enterica,0.9891512482318052,SRR4420948,ENA_SAMN05907763,GEN,Susceptible,Susceptible,1.0,1.0
SRS1759256,Salmonella enterica,Salmonella enterica,0.9914720041132158,SRR4449957,ENA_SAMN05941609,GEN,Susceptible,Susceptible,0.25,0.25
SRS1848523,Pseudomonas aeruginosa,Pseudomonas aeruginosa,0.994692956422431,SRR5093495,ENA_SAMN05774241,CAZ,Resistant,Resistant,32.0,32.0
SRS1848525,Pseudomonas aeruginosa,Pseudomonas aeruginosa,0.993232047169224,SRR5093496,ENA_SAMN05774242,CAZ,Resistant,Resistant,32.0,32.0
SRS1848527,Pseudomonas aeruginosa,Pseudomonas aeruginosa,0.9924923612327528,SRR5093498,ENA_SAMN05774243,CAZ,Resistant,Resistant,32.0,32.0
SRS1848530,Pseudomonas aeruginosa,Pseudomonas aeruginosa,0.9935397623469312,SRR5093501,ENA_SAMN05774244,CAZ,Resistant,Resistant,32.0,32.0
SRS1848561,Pseudomonas aeruginosa,Pseudomonas aeruginosa,0.9895171313257266,SRR5093532,ENA_SAMN05774245,CAZ,Resistant,Resistant,32.0,32.0
SRS1848564,Pseudomonas aeruginosa,Pseudomonas aeruginosa,0.9894868646753588,SRR5093535,ENA_SAMN05774246,CAZ,Resistant,Resistant,32.0,32.0
SRS1848567,Pseudomonas aeruginosa,Pseudomonas aeruginosa,0.9922454042519808,SRR5093538,ENA_SAMN05774247,CAZ,Resistant,Resistant,32.0,32.0
SRS1848570,Pseudomonas aeruginosa,Pseudomonas aeruginosa,0.9931031268992072,SRR5093541,ENA_SAMN05774249,CAZ,Resistant,Resistant,32.0,32.0
SRS1848571,Pseudomonas aeruginosa,Pseudomonas aeruginosa,0.9887827922520864,SRR5093542,ENA_SAMN05774250,CAZ,Resistant,Resistant,128.0,64.0
SRS1848573,Pseudomonas aeruginosa,Pseudomonas aeruginosa,0.9883882844453832,SRR5093544,ENA_SAMN05774248,CAZ,Resistant,Resistant,32.0,32.0
SRS1848700,Pseudomonas aeruginosa,Pseudomonas aeruginosa,0.9888123953016336,SRR5093671,ENA_SAMN05774251,CAZ,Resistant,Resistant,128.0,64.0
SRS1848702,Pseudomonas aeruginosa,Pseudomonas aeruginosa,0.994100185049186,SRR5093674,ENA_SAMN05774252,CAZ,Resistant,Resistant,128.0,64.0
SRS1848705,Pseudomonas aeruginosa,Pseudomonas aeruginosa,0.9932975497138544,SRR5093676,ENA_SAMN05774253,CAZ,Resistant,Resistant,256.0,64.0
SRS1848708,Escherichia coli,Escherichia coli,0.9725917398864,SRR5093679,ENA_SAMN06129827,GEN,Susceptible,Susceptible,1.0,1.0
SRS1848710,Escherichia coli,Escherichia coli,0.9680128439745596,SRR5093681,ENA_SAMN06129826,GEN,Resistant,Resistant,16.0,16.0
SRS1848712,Escherichia coli,Escherichia coli,0.9730359097098058,SRR5093683,ENA_SAMN06129824,GEN,Susceptible,Susceptible,1.0,1.0
SRS1848716,Pseudomonas aeruginosa,Pseudomonas aeruginosa,0.9922046090282692,SRR5093687,ENA_SAMN05774254,CAZ,Resistant,Resistant,256.0,64.0
SRS1848721,Pseudomonas aeruginosa,Pseudomonas aeruginosa,0.9945633993036854,SRR5093692,ENA_SAMN05774255,CAZ,Resistant,Resistant,32.0,32.0
SRS1848725,Pseudomonas aeruginosa,Pseudomonas aeruginosa,0.9888092747812792,SRR5093696,ENA_SAMN05774256,CAZ,Resistant,Resistant,128.0,64.0
SRS1848726,Pseudomonas aeruginosa,Pseudomonas aeruginosa,0.9940895091028924,SRR5093697,ENA_SAMN05774257,CAZ,Resistant,Resistant,256.0,64.0
SRS1848742,Pseudomonas aeruginosa,Pseudomonas aeruginosa,0.9889441040649388,SRR5093713,ENA_SAMN05774258,CAZ,Resistant,Resistant,256.0,64.0
SRS1848743,Pseudomonas aeruginosa,Pseudomonas aeruginosa,0.9888183846156304,SRR5093714,ENA_SAMN05774259,CAZ,Resistant,Resistant,256.0,64.0
SRS1848746,Pseudomonas aeruginosa,Pseudomonas aeruginosa,0.9889706654011092,SRR5093717,ENA_SAMN05774260,CAZ,Resistant,Resistant,32.0,32.0
SRS1848748,Pseudomonas aeruginosa,Pseudomonas aeruginosa,0.9890609774395144,SRR5093719,ENA_SAMN05774261,CAZ,Resistant,Resistant,128.0,64.0
SRS1848777,Pseudomonas aeruginosa,Pseudomonas aeruginosa,0.9883539302715074,SRR5093748,ENA_SAMN05774262,CAZ,Resistant,Resistant,256.0,64.0
SRS1848779,Pseudomonas aeruginosa,Pseudomonas aeruginosa,0.9946208178879902,SRR5093750,ENA_SAMN05774263,CAZ,Resistant,Resistant,256.0,64.0
SRS1848781,Pseudomonas aeruginosa,Pseudomonas aeruginosa,0.9929307627274564,SRR5093752,ENA_SAMN05774264,CAZ,Resistant,Resistant,256.0,64.0
SRS1848783,Pseudomonas aeruginosa,Pseudomonas aeruginosa,0.9882035332595313,SRR5093754,ENA_SAMN05774265,CAZ,Resistant,Resistant,256.0,64.0
SRS1848786,Pseudomonas aeruginosa,Pseudomonas aeruginosa,0.9883194351414591,SRR5093757,ENA_SAMN05774266,CAZ,Resistant,Resistant,256.0,64.0
SRS1870429,Escherichia coli,Escherichia coli,0.9729018994772488,SRR5120209,ENA_SAMN06007770,GEN,Susceptible,Susceptible,1.0,1.0
SRS1870433,Escherichia coli,Escherichia coli,0.9861404239238448,SRR5120214,ENA_SAMN06007769,GEN,Susceptible,Susceptible,1.0,1.0
SRS1870434,Escherichia coli,Escherichia coli,0.9867606990450914,SRR5120215,ENA_SAMN06007768,GEN,Susceptible,Susceptible,1.0,1.0
SRS1870436,Escherichia coli,Escherichia coli,0.977897918661231,SRR5120217,ENA_SAMN06007775,GEN,Susceptible,Susceptible,1.0,1.0
SRS1870437,Escherichia coli,Escherichia coli,0.985782983698916,SRR5120218,ENA_SAMN06007773,GEN,Susceptible,Susceptible,1.0,1.0
SRS1870439,Pseudomonas aeruginosa,Pseudomonas aeruginosa,0.9891456980715224,SRR5120220,ENA_SAMN06007778,CAZ,Intermediate,Susceptible,10.0,8.0
SRS1870440,Escherichia coli,Escherichia coli,0.9746285979564002,SRR5120221,ENA_SAMN06007776,GEN,Susceptible,Susceptible,1.0,1.0
SRS1870441,Escherichia coli,Escherichia coli,0.9730622659062004,SRR5120222,ENA_SAMN06007774,GEN,Susceptible,Susceptible,2.0,2.0
SRS1870443,Escherichia coli,Escherichia coli,0.9736669594085224,SRR5120224,ENA_SAMN06015667,GEN,Susceptible,Susceptible,1.0,1.0
SRS1870444,Pseudomonas aeruginosa,Pseudomonas aeruginosa,0.9944680699180614,SRR5120225,ENA_SAMN06015657,CAZ,Susceptible,Susceptible,6.0,8.0
SRS1870445,Escherichia coli,Escherichia coli,0.9863358270503502,SRR5120226,ENA_SAMN06015662,GEN,Resistant,Resistant,16.0,16.0
SRS1870447,Escherichia coli,Escherichia coli,0.9860575981717952,SRR5120228,ENA_SAMN06015666,GEN,Susceptible,Susceptible,1.0,1.0
SRS1870449,Escherichia coli,Escherichia coli,0.9740132695011108,SRR5120230,ENA_SAMN06015663,GEN,Susceptible,Susceptible,1.0,1.0
SRS1870450,Escherichia coli,Escherichia coli,0.9895711905121264,SRR5120231,ENA_SAMN06015669,GEN,Susceptible,Susceptible,1.0,1.0
SRS1870453,Escherichia coli,Escherichia coli,0.9864513868114676,SRR5120235,ENA_SAMN06015664,GEN,Susceptible,Susceptible,1.0,1.0
SRS1870456,Escherichia coli,Escherichia coli,0.974568517744951,SRR5120238,ENA_SAMN06015665,GEN,Resistant,Resistant,16.0,16.0
SRS1872080,Klebsiella pneumoniae,Klebsiella pneumoniae,0.9890761627972032,SRR5742247,ENA_SAMN04014953,GEN,Resistant,Resistant,16.0,16.0
SRS1872081,Pseudomonas aeruginosa,Pseudomonas aeruginosa,0.9885164966018252,SRR5122323,BVBRC_287.8529,CAZ,Resistant,Resistant,64.0,64.0
SRS1872082,Pseudomonas aeruginosa,Pseudomonas aeruginosa,0.9921429731471726,SRR6985658,ENA_SAMN04901631,CAZ,Resistant,Resistant,64.0,64.0
SRS1872083,Pseudomonas aeruginosa,Pseudomonas aeruginosa,0.9884856384681996,SRR5122327,ENA_SAMN04901635,CAZ,Resistant,Resistant,32.0,32.0
SRS1872084,Pseudomonas aeruginosa,Pseudomonas aeruginosa,0.9888394233782444,SRR5122325,ENA_SAMN04901642,CAZ,Resistant,Resistant,64.0,64.0
SRS1872085,Pseudomonas aeruginosa,Pseudomonas aeruginosa,0.99287996358671,SRR5122326,ENA_SAMN04901632,CAZ,Resistant,Resistant,32.0,32.0
SRS1872086,Pseudomonas aeruginosa,Pseudomonas aeruginosa,0.993281887157383,SRR5122328,ENA_SAMN04901638,CAZ,Resistant,Resistant,64.0,64.0
SRS1872087,Pseudomonas aeruginosa,Pseudomonas aeruginosa,0.9885168266179426,SRR5122329,ENA_SAMN04901636,CAZ,Resistant,Resistant,64.0,64.0
SRS1872088,Pseudomonas aeruginosa,Pseudomonas aeruginosa,0.9929334348854072,SRR5122330,ENA_SAMN04901633,CAZ,Intermediate,Susceptible,16.0,16.0
SRS1872089,Pseudomonas aeruginosa,Pseudomonas aeruginosa,0.9882355987016564,SRR5122331,ENA_SAMN04901630,CAZ,Resistant,Resistant,64.0,64.0
SRS1872090,Pseudomonas aeruginosa,Pseudomonas aeruginosa,0.9932147500125844,SRR5122332,BVBRC_287.8528,CAZ,Resistant,Resistant,64.0,64.0
SRS1892027,Escherichia coli,Escherichia coli,0.973371585686616,SRR5149770,BVBRC_562.28132,GEN,Intermediate,Resistant,6.0,8.0
SRS1892034,Escherichia coli,Escherichia coli,0.972678239580802,SRR5140443,BVBRC_562.28131,GEN,Intermediate,Resistant,6.0,8.0
SRS1963408,Escherichia coli,Escherichia coli,0.9863589278405288,SRR5237400,ENA_SAMN06311519,GEN,Resistant,Resistant,16.0,16.0
SRS1963409,Escherichia coli,Escherichia coli,0.9869736665026332,SRR5237401,ENA_SAMN06311518,GEN,Susceptible,Susceptible,1.0,1.0
SRS1963410,Escherichia coli,Escherichia coli,0.9895161090316568,SRR5237402,ENA_SAMN06311517,GEN,Susceptible,Susceptible,1.0,1.0
SRS1963413,Pseudomonas aeruginosa,Pseudomonas aeruginosa,0.993849358156393,SRR5237405,ENA_SAMN06311514,CAZ,Susceptible,Susceptible,6.0,8.0
SRS1963416,Staphylococcus aureus,Staphylococcus aureus,0.9920942326980464,SRR5237408,ENA_SAMN06311511,ERY,Susceptible,Susceptible,0.25,0.25
SRS2046637,Klebsiella pneumoniae,Klebsiella pneumoniae,0.9904550407210224,SRR5341976,ENA_SAMN06546425,GEN,Resistant,Resistant,16.0,16.0
SRS2046640,Escherichia coli,Escherichia coli,0.9746632070529112,SRR5341981,ENA_SAMN06546420,GEN,Susceptible,Susceptible,1.0,1.0
SRS2046641,Escherichia coli,Escherichia coli,0.9744037032281424,SRR5341982,ENA_SAMN06546419,GEN,Susceptible,Susceptible,1.0,1.0
SRS2077733,Klebsiella pneumoniae,Klebsiella pneumoniae,0.990380454174592,SRR5385400,ENA_SAMN06437583,GEN,Resistant,Resistant,8.0,8.0
SRS2077738,Klebsiella pneumoniae,Klebsiella pneumoniae,0.9908160151372384,SRR5385405,ENA_SAMN06437578,GEN,Resistant,Resistant,8.0,8.0
SRS2077742,Klebsiella pneumoniae,Klebsiella pneumoniae,0.9897371436525126,SRR5385409,ENA_SAMN06437574,GEN,Susceptible,Susceptible,2.0,2.0
SRS2077744,Klebsiella pneumoniae,Klebsiella pneumoniae,0.990535075868039,SRR5385411,ENA_SAMN06437572,GEN,Resistant,Resistant,8.0,8.0
SRS2077746,Klebsiella pneumoniae,Klebsiella pneumoniae,0.990744169851926,SRR5385413,ENA_SAMN06437570,GEN,Susceptible,Susceptible,2.0,2.0
SRS2077748,Klebsiella pneumoniae,Klebsiella pneumoniae,0.9897356983388308,SRR5385415,ENA_SAMN06437568,GEN,Intermediate,Susceptible,4.0,4.0
SRS2077750,Klebsiella pneumoniae,Klebsiella pneumoniae,0.989311819684848,SRR5385417,ENA_SAMN06437566,GEN,Intermediate,Susceptible,4.0,4.0
SRS2077752,Klebsiella pneumoniae,Klebsiella pneumoniae,0.9893185464785752,SRR5385419,ENA_SAMN06437564,GEN,Resistant,Resistant,8.0,8.0
SRS2077755,Klebsiella pneumoniae,Klebsiella pneumoniae,0.9900567341134892,SRR5385422,ENA_SAMN06437561,GEN,Intermediate,Susceptible,4.0,4.0
SRS2077765,Klebsiella pneumoniae,Klebsiella pneumoniae,0.9906078163399534,SRR5385432,ENA_SAMN06437551,GEN,Resistant,Resistant,8.0,8.0
SRS2077766,Klebsiella pneumoniae,Klebsiella pneumoniae,0.9895655415376416,SRR5385433,ENA_SAMN06437550,GEN,Resistant,Resistant,8.0,8.0
SRS2077771,Klebsiella pneumoniae,Klebsiella pneumoniae,0.990751060223065,SRR5385438,ENA_SAMN06437545,GEN,Resistant,Resistant,8.0,8.0
SRS2077775,Klebsiella pneumoniae,Klebsiella pneumoniae,0.990399367489726,SRR5385442,ENA_SAMN06437541,GEN,Susceptible,Susceptible,2.0,2.0
SRS2077780,Klebsiella pneumoniae,Klebsiella pneumoniae,0.9890797409544392,SRR5385447,ENA_SAMN06437536,GEN,Intermediate,Susceptible,4.0,4.0
SRS2077783,Klebsiella pneumoniae,Klebsiella pneumoniae,0.988998233105713,SRR5385450,ENA_SAMN06437533,GEN,Susceptible,Susceptible,2.0,2.0
SRS2077784,Klebsiella pneumoniae,Klebsiella pneumoniae,0.9891050785698652,SRR5385451,ENA_SAMN06437532,GEN,Intermediate,Susceptible,4.0,4.0
SRS2077785,Klebsiella pneumoniae,Klebsiella pneumoniae,0.9905321413318704,SRR5385452,ENA_SAMN06437531,GEN,Resistant,Resistant,8.0,8.0
SRS2077788,Klebsiella pneumoniae,Klebsiella pneumoniae,0.9905583875517904,SRR5385455,ENA_SAMN06437528,GEN,Resistant,Resistant,8.0,8.0
SRS2077789,Klebsiella pneumoniae,Klebsiella pneumoniae,0.9898321213131884,SRR5385456,ENA_SAMN06437527,GEN,Resistant,Resistant,8.0,8.0
SRS2077793,Klebsiella pneumoniae,Klebsiella pneumoniae,0.9897770318490114,SRR5385460,ENA_SAMN06437523,GEN,Resistant,Resistant,8.0,8.0
SRS2077794,Klebsiella pneumoniae,Klebsiella pneumoniae,0.989104355400278,SRR5385461,ENA_SAMN06437522,GEN,Resistant,Resistant,8.0,8.0
SRS2077797,Klebsiella pneumoniae,Klebsiella quasipneumoniae,0.9705598254408602,SRR5385464,ENA_SAMN06437519,GEN,Susceptible,Susceptible,2.0,2.0
SRS2077798,Klebsiella pneumoniae,Klebsiella pneumoniae,0.9904513718323736,SRR5385465,ENA_SAMN06437518,GEN,Resistant,Resistant,8.0,8.0
SRS2077801,Klebsiella pneumoniae,Klebsiella pneumoniae,0.9903862718656612,SRR5385467,ENA_SAMN06437516,GEN,Resistant,Resistant,8.0,8.0
SRS2077805,Klebsiella pneumoniae,Klebsiella pneumoniae,0.9893939637832476,SRR5385472,ENA_SAMN06437511,GEN,Susceptible,Susceptible,2.0,2.0
SRS2077807,Klebsiella pneumoniae,Klebsiella pneumoniae,0.9902433720989192,SRR5385473,ENA_SAMN06437510,GEN,Susceptible,Susceptible,2.0,2.0
SRS2077814,Klebsiella pneumoniae,Klebsiella pneumoniae,0.9891254641181508,SRR5385481,ENA_SAMN06437502,GEN,Resistant,Resistant,8.0,8.0
SRS2077818,Klebsiella pneumoniae,Klebsiella pneumoniae,0.990579006829144,SRR5385485,ENA_SAMN06437498,GEN,Susceptible,Susceptible,2.0,2.0
SRS2077820,Klebsiella pneumoniae,Klebsiella pneumoniae,0.99072747399971,SRR5385488,ENA_SAMN06437495,GEN,Resistant,Resistant,8.0,8.0
SRS2077821,Klebsiella pneumoniae,Klebsiella pneumoniae,0.9893269379480756,SRR5385487,ENA_SAMN06437496,GEN,Resistant,Resistant,8.0,8.0
SRS2077828,Klebsiella pneumoniae,Klebsiella pneumoniae,0.9902764367170972,SRR5385495,ENA_SAMN06437488,GEN,Susceptible,Susceptible,2.0,2.0
SRS2077837,Klebsiella pneumoniae,Klebsiella pneumoniae,0.9906643378248694,SRR5385506,ENA_SAMN06437477,GEN,Susceptible,Susceptible,2.0,2.0
SRS2077839,Klebsiella pneumoniae,Klebsiella pneumoniae,0.9911148964899962,SRR5385505,ENA_SAMN06437478,GEN,Susceptible,Susceptible,2.0,2.0
SRS2077852,Klebsiella pneumoniae,Klebsiella pneumoniae,0.9904512342942264,SRR5385519,ENA_SAMN06437464,GEN,Resistant,Resistant,8.0,8.0
SRS2077853,Klebsiella pneumoniae,Klebsiella pneumoniae,0.9907106108789512,SRR5385520,ENA_SAMN06437463,GEN,Resistant,Resistant,8.0,8.0
SRS2077854,Klebsiella pneumoniae,Klebsiella pneumoniae,0.9904687723326498,SRR5385521,ENA_SAMN06437462,GEN,Resistant,Resistant,8.0,8.0
SRS2077857,Klebsiella pneumoniae,Klebsiella pneumoniae,0.9896576411002284,SRR5385523,ENA_SAMN06437460,GEN,Intermediate,Susceptible,4.0,4.0
SRS2077859,Klebsiella pneumoniae,Klebsiella pneumoniae,0.9891920305521876,SRR5385526,ENA_SAMN06437457,GEN,Intermediate,Susceptible,4.0,4.0
SRS2077861,Klebsiella pneumoniae,Klebsiella pneumoniae,0.9904750505675248,SRR5385528,ENA_SAMN06437455,GEN,Resistant,Resistant,8.0,8.0
SRS2077862,Klebsiella pneumoniae,Klebsiella pneumoniae,0.9891781557722492,SRR5385529,ENA_SAMN06437454,GEN,Resistant,Resistant,8.0,8.0
SRS2077865,Klebsiella pneumoniae,Klebsiella pneumoniae,0.990783520646602,SRR5385532,ENA_SAMN06437451,GEN,Resistant,Resistant,8.0,8.0
SRS2077867,Klebsiella pneumoniae,Klebsiella pneumoniae,0.9892001242873952,SRR5385533,ENA_SAMN06437450,GEN,Intermediate,Susceptible,4.0,4.0
SRS2077868,Klebsiella pneumoniae,Klebsiella pneumoniae,0.9907333470847156,SRR5385536,ENA_SAMN06437447,GEN,Resistant,Resistant,8.0,8.0
SRS2077869,Klebsiella pneumoniae,Klebsiella pneumoniae,0.98946780993101,SRR5385535,ENA_SAMN06437448,GEN,Susceptible,Susceptible,2.0,2.0
SRS2077871,Klebsiella pneumoniae,Klebsiella variicola,0.9916709951183869,SRR5385538,ENA_SAMN06437445,GEN,Susceptible,Susceptible,2.0,2.0
SRS2077963,Klebsiella pneumoniae,Klebsiella pneumoniae,0.989120767233653,SRR5385630,ENA_SAMN06438230,GEN,Resistant,Resistant,8.0,8.0
SRS2077969,Klebsiella pneumoniae,Klebsiella pneumoniae,0.990773717989497,SRR5385636,ENA_SAMN06438069,GEN,Resistant,Resistant,8.0,8.0
SRS2077970,Klebsiella pneumoniae,Klebsiella pneumoniae,0.988635239256904,SRR5385637,ENA_SAMN06438068,GEN,Susceptible,Susceptible,2.0,2.0
SRS2077973,Klebsiella pneumoniae,Klebsiella pneumoniae,0.990840674079486,SRR5385640,ENA_SAMN06438065,GEN,Resistant,Resistant,8.0,8.0
SRS2077978,Klebsiella pneumoniae,Klebsiella pneumoniae,0.990060425023894,SRR5385645,ENA_SAMN06438060,GEN,Resistant,Resistant,8.0,8.0
SRS2077984,Klebsiella pneumoniae,Klebsiella pneumoniae,0.9907039057312088,SRR5385651,ENA_SAMN06438054,GEN,Susceptible,Susceptible,2.0,2.0
SRS2077991,Klebsiella pneumoniae,Klebsiella pneumoniae,0.9718932689546134,SRR5385658,ENA_SAMN06438047,GEN,Intermediate,Susceptible,4.0,4.0
SRS2077993,Klebsiella pneumoniae,Klebsiella pneumoniae,0.9892018560432144,SRR5385660,ENA_SAMN06438045,GEN,Susceptible,Susceptible,2.0,2.0
SRS2077999,Klebsiella pneumoniae,Klebsiella pneumoniae,0.9907146819242612,SRR5385666,ENA_SAMN06438039,GEN,Susceptible,Susceptible,2.0,2.0
SRS2078003,Klebsiella pneumoniae,Klebsiella pneumoniae,0.990296390945384,SRR5385670,ENA_SAMN06438035,GEN,Susceptible,Susceptible,2.0,2.0
SRS2078005,Klebsiella pneumoniae,Klebsiella pneumoniae,0.9905522228926492,SRR5385672,ENA_SAMN06438033,GEN,Resistant,Resistant,8.0,8.0
SRS2078013,Klebsiella pneumoniae,Klebsiella pneumoniae,0.9907993882656868,SRR5385680,ENA_SAMN06438025,GEN,Resistant,Resistant,8.0,8.0
SRS2078014,Klebsiella pneumoniae,Klebsiella pneumoniae,0.9876288263956546,SRR5385681,ENA_SAMN06438024,GEN,Susceptible,Susceptible,2.0,2.0
SRS2078025,Klebsiella pneumoniae,Klebsiella pneumoniae,0.9901120766028808,SRR5385692,ENA_SAMN06438013,GEN,Susceptible,Susceptible,2.0,2.0
SRS2078028,Klebsiella pneumoniae,Klebsiella quasipneumoniae,0.9686881090400834,SRR5385695,ENA_SAMN06438010,GEN,Susceptible,Susceptible,2.0,2.0
SRS2078029,Klebsiella pneumoniae,Klebsiella pneumoniae,0.9891793308379172,SRR5385696,ENA_SAMN06438009,GEN,Intermediate,Susceptible,4.0,4.0
SRS2078030,Klebsiella pneumoniae,Klebsiella pneumoniae,0.9900973994910388,SRR5385697,ENA_SAMN06438008,GEN,Susceptible,Susceptible,2.0,2.0
SRS2078033,Klebsiella pneumoniae,Klebsiella pneumoniae,0.9908684831058936,SRR5385700,BVBRC_573.13142,GEN,Resistant,Resistant,8.0,8.0
SRS2078034,Klebsiella pneumoniae,Klebsiella pneumoniae,0.9899091400408884,SRR5385701,ENA_SAMN06438004,GEN,Susceptible,Susceptible,2.0,2.0
SRS2078037,Klebsiella pneumoniae,Klebsiella pneumoniae,0.9905540783395108,SRR5385704,ENA_SAMN06438001,GEN,Resistant,Resistant,8.0,8.0
SRS2078038,Klebsiella pneumoniae,Klebsiella pneumoniae,0.9902545676926192,SRR5385706,ENA_SAMN06437999,GEN,Susceptible,Susceptible,2.0,2.0
SRS2078042,Klebsiella pneumoniae,Klebsiella quasipneumoniae,0.9685548627108224,SRR5385710,ENA_SAMN06437995,GEN,Susceptible,Susceptible,2.0,2.0
SRS2078044,Klebsiella pneumoniae,Klebsiella pneumoniae,0.9893084465977482,SRR5385711,ENA_SAMN06437994,GEN,Susceptible,Susceptible,2.0,2.0
SRS2078045,Klebsiella pneumoniae,Klebsiella pneumoniae,0.989557628036402,SRR5385712,ENA_SAMN06437993,GEN,Resistant,Resistant,8.0,8.0
SRS2078053,Klebsiella pneumoniae,Klebsiella pneumoniae,0.990139179907176,SRR5385720,ENA_SAMN06437985,GEN,Susceptible,Susceptible,2.0,2.0
SRS2078055,Klebsiella pneumoniae,Klebsiella pneumoniae,0.9904274424903782,SRR5385722,ENA_SAMN06437983,GEN,Resistant,Resistant,8.0,8.0
SRS2078056,Klebsiella pneumoniae,Klebsiella pneumoniae,0.9898799367656528,SRR5385724,ENA_SAMN06437981,GEN,Susceptible,Susceptible,2.0,2.0
SRS2078059,Klebsiella pneumoniae,Klebsiella pneumoniae,0.9896106351754634,SRR5385726,ENA_SAMN06437979,GEN,Resistant,Resistant,8.0,8.0
SRS2078061,Klebsiella pneumoniae,Klebsiella pneumoniae,0.9906835322538808,SRR5385728,ENA_SAMN06437977,GEN,Resistant,Resistant,8.0,8.0
SRS2078065,Klebsiella pneumoniae,Klebsiella pneumoniae,0.9903836406997788,SRR5385732,ENA_SAMN06437973,GEN,Resistant,Resistant,8.0,8.0
SRS2078066,Klebsiella pneumoniae,Klebsiella pneumoniae,0.989313780529357,SRR5385733,ENA_SAMN06437972,GEN,Intermediate,Susceptible,4.0,4.0
SRS2078068,Klebsiella pneumoniae,Klebsiella pneumoniae,0.9894101648981252,SRR5385735,ENA_SAMN06437970,GEN,Intermediate,Susceptible,4.0,4.0
SRS2078069,Klebsiella pneumoniae,Klebsiella pneumoniae,0.9908614647161468,SRR5385736,ENA_SAMN06437969,GEN,Resistant,Resistant,8.0,8.0
SRS2078070,Klebsiella pneumoniae,Klebsiella pneumoniae,0.9898341235654884,SRR5385737,ENA_SAMN06437968,GEN,Intermediate,Susceptible,4.0,4.0
SRS2078071,Klebsiella pneumoniae,Klebsiella pneumoniae,0.9893060225565844,SRR5385738,ENA_SAMN06437967,GEN,Susceptible,Susceptible,2.0,2.0
SRS2078076,Klebsiella pneumoniae,Klebsiella pneumoniae,0.9903333114536302,SRR5385743,ENA_SAMN06437962,GEN,Susceptible,Susceptible,2.0,2.0
SRS2078078,Klebsiella pneumoniae,Klebsiella pneumoniae,0.9903211344599484,SRR5385745,ENA_SAMN06437960,GEN,Susceptible,Susceptible,2.0,2.0
SRS2078083,Klebsiella pneumoniae,Klebsiella pneumoniae,0.9908644277122874,SRR5385750,ENA_SAMN06437955,GEN,Resistant,Resistant,8.0,8.0
SRS2078093,Klebsiella pneumoniae,Klebsiella pneumoniae,0.9906882218664528,SRR5385760,ENA_SAMN06437945,GEN,Resistant,Resistant,8.0,8.0
SRS2078094,Klebsiella pneumoniae,Klebsiella pneumoniae,0.9807963968060128,SRR5385761,ENA_SAMN06437944,GEN,Susceptible,Susceptible,2.0,2.0
SRS2078101,Klebsiella pneumoniae,Klebsiella pneumoniae,0.9903732466566356,SRR5385768,ENA_SAMN06437937,GEN,Resistant,Resistant,8.0,8.0
SRS2078102,Klebsiella pneumoniae,Klebsiella pneumoniae,0.9891149838317445,SRR5385769,ENA_SAMN06437936,GEN,Intermediate,Susceptible,4.0,4.0
SRS2078104,Klebsiella pneumoniae,Klebsiella pneumoniae,0.9910223578057356,SRR5385771,ENA_SAMN06437934,GEN,Resistant,Resistant,8.0,8.0
SRS2078122,Klebsiella pneumoniae,Klebsiella pneumoniae,0.990665645519958,SRR5385789,ENA_SAMN06437916,GEN,Resistant,Resistant,8.0,8.0
SRS2078123,Klebsiella pneumoniae,Klebsiella pneumoniae,0.9907245552574044,SRR5385790,ENA_SAMN06437915,GEN,Resistant,Resistant,8.0,8.0
SRS2078143,Klebsiella pneumoniae,Klebsiella pneumoniae,0.989180473422784,SRR5385810,ENA_SAMN06437895,GEN,Intermediate,Susceptible,4.0,4.0
SRS2078151,Klebsiella pneumoniae,Klebsiella pneumoniae,0.9907756609354784,SRR5385818,ENA_SAMN06437887,GEN,Resistant,Resistant,8.0,8.0
SRS2078152,Klebsiella pneumoniae,Klebsiella pneumoniae,0.9891712393252164,SRR5385819,ENA_SAMN06437886,GEN,Intermediate,Susceptible,4.0,4.0
SRS2078154,Klebsiella pneumoniae,Klebsiella pneumoniae,0.9901014725004522,SRR5385821,ENA_SAMN06437884,GEN,Resistant,Resistant,8.0,8.0
SRS2078156,Klebsiella pneumoniae,Klebsiella pneumoniae,0.9903799970548272,SRR5385823,ENA_SAMN06437882,GEN,Resistant,Resistant,8.0,8.0
SRS2078158,Klebsiella pneumoniae,Klebsiella pneumoniae,0.9904703648203472,SRR5385825,ENA_SAMN06437880,GEN,Resistant,Resistant,8.0,8.0
SRS2078163,Klebsiella pneumoniae,Klebsiella pneumoniae,0.9889828924920808,SRR5385830,ENA_SAMN06437875,GEN,Susceptible,Susceptible,2.0,2.0
SRS2078168,Klebsiella pneumoniae,Klebsiella pneumoniae,0.9894723494338472,SRR5385835,ENA_SAMN06437870,GEN,Susceptible,Susceptible,2.0,2.0
SRS2078170,Klebsiella pneumoniae,Klebsiella pneumoniae,0.9903025920800024,SRR5385837,ENA_SAMN06437868,GEN,Susceptible,Susceptible,2.0,2.0
SRS2078181,Klebsiella pneumoniae,Klebsiella pneumoniae,0.9906550746325627,SRR5385848,ENA_SAMN06437857,GEN,Resistant,Resistant,8.0,8.0
SRS2078189,Klebsiella pneumoniae,Klebsiella pneumoniae,0.989824087344919,SRR5385856,ENA_SAMN06437849,GEN,Susceptible,Susceptible,2.0,2.0
SRS2078191,Klebsiella pneumoniae,Klebsiella pneumoniae,0.9907235253539434,SRR5385858,ENA_SAMN06437847,GEN,Resistant,Resistant,8.0,8.0
SRS2078193,Klebsiella pneumoniae,Klebsiella pneumoniae,0.9906246986506718,SRR5385860,ENA_SAMN06437845,GEN,Resistant,Resistant,8.0,8.0
SRS2078198,Klebsiella pneumoniae,Klebsiella pneumoniae,0.989112940879289,SRR5385865,ENA_SAMN06437840,GEN,Intermediate,Susceptible,4.0,4.0
SRS2078201,Klebsiella pneumoniae,Klebsiella pneumoniae,0.9891897149678855,SRR5385869,ENA_SAMN06437836,GEN,Susceptible,Susceptible,2.0,2.0
SRS2078203,Klebsiella pneumoniae,Klebsiella pneumoniae,0.9902200566306868,SRR5385870,ENA_SAMN06437835,GEN,Susceptible,Susceptible,2.0,2.0
SRS2078213,Klebsiella pneumoniae,Klebsiella pneumoniae,0.990850559537786,SRR5385880,ENA_SAMN06437825,GEN,Resistant,Resistant,8.0,8.0
SRS2078215,Klebsiella pneumoniae,Klebsiella pneumoniae,0.9900018332250352,SRR5385882,ENA_SAMN06437823,GEN,Susceptible,Susceptible,2.0,2.0
SRS2078216,Klebsiella pneumoniae,Klebsiella pneumoniae,0.990911763903588,SRR5385883,ENA_SAMN06437822,GEN,Resistant,Resistant,8.0,8.0
SRS2078217,Klebsiella pneumoniae,Klebsiella pneumoniae,0.9903670770626284,SRR5385884,ENA_SAMN06437821,GEN,Resistant,Resistant,8.0,8.0
SRS2078219,Klebsiella pneumoniae,Klebsiella pneumoniae,0.9898726186104576,SRR5385886,ENA_SAMN06437819,GEN,Susceptible,Susceptible,2.0,2.0
SRS2078220,Klebsiella pneumoniae,Klebsiella pneumoniae,0.98919145596436,SRR5385887,ENA_SAMN06437818,GEN,Intermediate,Susceptible,4.0,4.0
SRS2078223,Klebsiella pneumoniae,Klebsiella pneumoniae,0.990579937110376,SRR5385890,ENA_SAMN06437815,GEN,Resistant,Resistant,8.0,8.0
SRS2078227,Klebsiella pneumoniae,Klebsiella pneumoniae,0.9906726201727556,SRR5385894,ENA_SAMN06437811,GEN,Resistant,Resistant,8.0,8.0
SRS2078228,Klebsiella pneumoniae,Klebsiella pneumoniae,0.9898941440605412,SRR5385895,ENA_SAMN06437810,GEN,Susceptible,Susceptible,2.0,2.0
SRS2078234,Klebsiella pneumoniae,Klebsiella pneumoniae,0.9899778908346812,SRR5385901,ENA_SAMN06437804,GEN,Susceptible,Susceptible,2.0,2.0
SRS2078237,Klebsiella pneumoniae,Klebsiella pneumoniae,0.9891508994495484,SRR5385904,ENA_SAMN06437801,GEN,Resistant,Resistant,8.0,8.0
SRS2078241,Klebsiella pneumoniae,Klebsiella pneumoniae,0.9887947113863385,SRR5385908,ENA_SAMN06437797,GEN,Resistant,Resistant,8.0,8.0
SRS2078248,Klebsiella pneumoniae,Klebsiella pneumoniae,0.9903117815701196,SRR5385915,ENA_SAMN06437790,GEN,Susceptible,Susceptible,2.0,2.0
SRS2078249,Klebsiella pneumoniae,Klebsiella pneumoniae,0.990861391757494,SRR5385916,ENA_SAMN06437789,GEN,Resistant,Resistant,8.0,8.0
SRS2078251,Klebsiella pneumoniae,Klebsiella pneumoniae,0.9906793950352388,SRR5385918,ENA_SAMN06437787,GEN,Resistant,Resistant,8.0,8.0
SRS2078256,Klebsiella pneumoniae,Klebsiella pneumoniae,0.9904982505805132,SRR5385923,ENA_SAMN06437782,GEN,Susceptible,Susceptible,2.0,2.0
SRS2078257,Klebsiella pneumoniae,Klebsiella pneumoniae,0.9892905454905528,SRR5385924,ENA_SAMN06437781,GEN,Intermediate,Susceptible,4.0,4.0
SRS2078258,Klebsiella pneumoniae,Klebsiella pneumoniae,0.9892679330436872,SRR5385925,ENA_SAMN06437780,GEN,Intermediate,Susceptible,4.0,4.0
SRS2078259,Klebsiella pneumoniae,Klebsiella pneumoniae,0.990744183648078,SRR5385926,ENA_SAMN06437779,GEN,Resistant,Resistant,8.0,8.0
SRS2078262,Klebsiella pneumoniae,Klebsiella pneumoniae,0.9901647554734035,SRR5385929,ENA_SAMN06437776,GEN,Susceptible,Susceptible,2.0,2.0
SRS2078263,Klebsiella pneumoniae,Klebsiella pneumoniae,0.9906423019853244,SRR5385930,ENA_SAMN06437775,GEN,Resistant,Resistant,8.0,8.0
SRS2078264,Klebsiella pneumoniae,Klebsiella pneumoniae,0.9908111371141846,SRR5385931,ENA_SAMN06437774,GEN,Resistant,Resistant,8.0,8.0
SRS2078265,Klebsiella pneumoniae,Klebsiella pneumoniae,0.9907126676500188,SRR5385932,ENA_SAMN06437773,GEN,Resistant,Resistant,8.0,8.0
SRS2078269,Klebsiella pneumoniae,Klebsiella pneumoniae,0.9908268857735788,SRR5385935,ENA_SAMN06438739,GEN,Susceptible,Susceptible,2.0,2.0
SRS2078271,Klebsiella pneumoniae,Klebsiella pneumoniae,0.9901329916589452,SRR5385937,ENA_SAMN06438737,GEN,Susceptible,Susceptible,2.0,2.0
SRS2078279,Klebsiella pneumoniae,Klebsiella pneumoniae,0.9904786008585226,SRR5385944,ENA_SAMN06438730,GEN,Susceptible,Susceptible,2.0,2.0
SRS2078287,Klebsiella pneumoniae,Klebsiella pneumoniae,0.989159069380064,SRR5385953,ENA_SAMN06438721,GEN,Intermediate,Susceptible,4.0,4.0
SRS2078301,Klebsiella pneumoniae,Klebsiella pneumoniae,0.9905759445739624,SRR5385967,ENA_SAMN06438707,GEN,Susceptible,Susceptible,2.0,2.0
SRS2078310,Klebsiella pneumoniae,Klebsiella pneumoniae,0.9907736938982182,SRR5385976,ENA_SAMN06438698,GEN,Susceptible,Susceptible,2.0,2.0
SRS2078312,Klebsiella pneumoniae,Klebsiella pneumoniae,0.9891625255922324,SRR5385978,ENA_SAMN06438696,GEN,Intermediate,Susceptible,4.0,4.0
SRS2078318,Klebsiella pneumoniae,Klebsiella variicola,0.9910348521086932,SRR5385984,ENA_SAMN06438690,GEN,Susceptible,Susceptible,2.0,2.0
SRS2078326,Klebsiella pneumoniae,Klebsiella pneumoniae,0.9902876480669568,SRR5385992,ENA_SAMN06438682,GEN,Susceptible,Susceptible,2.0,2.0
SRS2078333,Klebsiella pneumoniae,Klebsiella pneumoniae,0.9893557164457656,SRR5385999,ENA_SAMN06438675,GEN,Resistant,Resistant,8.0,8.0
SRS2078337,Klebsiella pneumoniae,Klebsiella pneumoniae,0.989541038674039,SRR5386003,ENA_SAMN06438671,GEN,Susceptible,Susceptible,2.0,2.0
SRS2078358,Klebsiella pneumoniae,Klebsiella pneumoniae,0.9907287999965336,SRR5386025,ENA_SAMN06438666,GEN,Susceptible,Susceptible,2.0,2.0
SRS2078361,Klebsiella pneumoniae,Klebsiella pneumoniae,0.9911099609215236,SRR5386027,ENA_SAMN06438664,GEN,Susceptible,Susceptible,2.0,2.0
SRS2078364,Klebsiella pneumoniae,Klebsiella pneumoniae,0.9908565501419264,SRR5386030,ENA_SAMN06438661,GEN,Resistant,Resistant,8.0,8.0
SRS2078366,Klebsiella pneumoniae,Klebsiella pneumoniae,0.9908378264369048,SRR5386032,ENA_SAMN06438659,GEN,Susceptible,Susceptible,2.0,2.0
SRS2078370,Klebsiella pneumoniae,Klebsiella pneumoniae,0.9898421333931184,SRR5386036,ENA_SAMN06438655,GEN,Resistant,Resistant,8.0,8.0
SRS2078371,Klebsiella pneumoniae,Klebsiella quasipneumoniae,0.9946532609580367,SRR5386037,ENA_SAMN06438654,GEN,Susceptible,Susceptible,2.0,2.0
SRS2078372,Klebsiella pneumoniae,Klebsiella pneumoniae,0.9901907185357336,SRR5386038,ENA_SAMN06438653,GEN,Resistant,Resistant,8.0,8.0
SRS2078373,Klebsiella pneumoniae,Klebsiella pneumoniae,0.989299009172368,SRR5386039,ENA_SAMN06438652,GEN,Susceptible,Susceptible,2.0,2.0
SRS2078375,Klebsiella pneumoniae,Klebsiella pneumoniae,0.990622605744102,SRR5386041,ENA_SAMN06438650,GEN,Resistant,Resistant,8.0,8.0
SRS2078376,Klebsiella pneumoniae,Klebsiella pneumoniae,0.9908772988925264,SRR5386042,ENA_SAMN06438649,GEN,Resistant,Resistant,8.0,8.0
SRS2078378,Klebsiella pneumoniae,Klebsiella africana,0.9608255223551572,SRR5386043,ENA_SAMN06438648,GEN,Resistant,Resistant,8.0,8.0
SRS2078384,Klebsiella pneumoniae,Klebsiella pneumoniae,0.9906188330961704,SRR5386049,ENA_SAMN06438642,GEN,Susceptible,Susceptible,2.0,2.0
SRS2078385,Klebsiella pneumoniae,Klebsiella pneumoniae,0.9911099609215236,SRR5386052,ENA_SAMN06438639,GEN,Susceptible,Susceptible,2.0,2.0
SRS2078390,Klebsiella pneumoniae,Klebsiella pneumoniae,0.9908210562445542,SRR5386057,ENA_SAMN06438635,GEN,Resistant,Resistant,8.0,8.0
SRS2078395,Klebsiella pneumoniae,Klebsiella pneumoniae,0.9901841003313968,SRR5386062,ENA_SAMN06438630,GEN,Resistant,Resistant,8.0,8.0
SRS2078401,Klebsiella pneumoniae,Klebsiella pneumoniae,0.9892625787098022,SRR5386068,ENA_SAMN06438624,GEN,Resistant,Resistant,8.0,8.0
SRS2078402,Klebsiella pneumoniae,Klebsiella pneumoniae,0.9906667440880612,SRR5386069,ENA_SAMN06438623,GEN,Resistant,Resistant,8.0,8.0
SRS2078405,Klebsiella pneumoniae,Klebsiella pneumoniae,0.98922786753572,SRR5386072,ENA_SAMN06438620,GEN,Intermediate,Susceptible,4.0,4.0
SRS2078408,Klebsiella pneumoniae,Klebsiella pneumoniae,0.9906193530677596,SRR5386075,ENA_SAMN06438617,GEN,Susceptible,Susceptible,2.0,2.0
SRS2078411,Klebsiella pneumoniae,Klebsiella pneumoniae,0.990371729687932,SRR5386078,ENA_SAMN06438614,GEN,Resistant,Resistant,8.0,8.0
SRS2078412,Klebsiella pneumoniae,Klebsiella pneumoniae,0.9891440659247576,SRR5386079,ENA_SAMN06438613,GEN,Intermediate,Susceptible,4.0,4.0
SRS2078417,Klebsiella pneumoniae,Klebsiella pneumoniae,0.9901977551905,SRR5386084,ENA_SAMN06438608,GEN,Resistant,Resistant,8.0,8.0
SRS2078420,Klebsiella pneumoniae,Klebsiella pneumoniae,0.9896774076468507,SRR5386087,ENA_SAMN06438605,GEN,Resistant,Resistant,8.0,8.0
SRS2078426,Klebsiella pneumoniae,Klebsiella pneumoniae,0.9907589243544388,SRR5386093,ENA_SAMN06438599,GEN,Resistant,Resistant,8.0,8.0
SRS2078429,Klebsiella pneumoniae,Klebsiella pneumoniae,0.9899960120076872,SRR5386096,ENA_SAMN06438596,GEN,Susceptible,Susceptible,2.0,2.0
SRS2078434,Klebsiella pneumoniae,Klebsiella pneumoniae,0.9893476049780132,SRR5386101,ENA_SAMN06438591,GEN,Resistant,Resistant,8.0,8.0
SRS2078441,Klebsiella pneumoniae,Klebsiella pneumoniae,0.9896619167224716,SRR5386107,ENA_SAMN06438585,GEN,Resistant,Resistant,8.0,8.0
SRS2078442,Klebsiella pneumoniae,Klebsiella pneumoniae,0.9891723777949454,SRR5386109,ENA_SAMN06438583,GEN,Intermediate,Susceptible,4.0,4.0
SRS2078455,Klebsiella pneumoniae,Klebsiella pneumoniae,0.9891197448806218,SRR5386121,ENA_SAMN06438571,GEN,Intermediate,Susceptible,4.0,4.0
SRS2078461,Klebsiella pneumoniae,Klebsiella pneumoniae,0.989236964795908,SRR5386127,ENA_SAMN06438565,GEN,Susceptible,Susceptible,2.0,2.0
SRS2078465,Klebsiella pneumoniae,Klebsiella pneumoniae,0.9905426818532416,SRR5386131,ENA_SAMN06438561,GEN,Resistant,Resistant,8.0,8.0
SRS2078469,Klebsiella pneumoniae,Klebsiella pneumoniae,0.9908209701596082,SRR5386135,ENA_SAMN06438557,GEN,Susceptible,Susceptible,2.0,2.0
SRS2078482,Klebsiella pneumoniae,Klebsiella pneumoniae,0.989213996316383,SRR5386149,ENA_SAMN06438544,GEN,Susceptible,Susceptible,2.0,2.0
SRS2078487,Klebsiella pneumoniae,Klebsiella pneumoniae,0.99084665398692,SRR5386154,ENA_SAMN06438539,GEN,Resistant,Resistant,8.0,8.0
SRS2078488,Klebsiella pneumoniae,Klebsiella pneumoniae,0.9885815014081843,SRR5386155,ENA_SAMN06438538,GEN,Susceptible,Susceptible,2.0,2.0
SRS2078496,Klebsiella pneumoniae,Klebsiella pneumoniae,0.9904776982347676,SRR5386163,ENA_SAMN06437441,GEN,Susceptible,Susceptible,2.0,2.0
SRS2078498,Klebsiella pneumoniae,Klebsiella pneumoniae,0.9897362877563928,SRR5386166,ENA_SAMN06437438,GEN,Resistant,Resistant,8.0,8.0
SRS2078499,Klebsiella pneumoniae,Klebsiella pneumoniae,0.9895106225968604,SRR5386165,ENA_SAMN06437439,GEN,Intermediate,Susceptible,4.0,4.0
SRS2078501,Klebsiella pneumoniae,Klebsiella pneumoniae,0.990729422377396,SRR5386168,ENA_SAMN06437436,GEN,Resistant,Resistant,8.0,8.0
SRS2078503,Klebsiella pneumoniae,Klebsiella pneumoniae,0.9898999971756236,SRR5386170,ENA_SAMN06437434,GEN,Susceptible,Susceptible,2.0,2.0
SRS2078504,Klebsiella pneumoniae,Klebsiella pneumoniae,0.9898231915819106,SRR5386171,ENA_SAMN06437433,GEN,Resistant,Resistant,8.0,8.0
SRS2078513,Klebsiella pneumoniae,Klebsiella pneumoniae,0.9891891408647298,SRR5386179,ENA_SAMN06437425,GEN,Intermediate,Susceptible,4.0,4.0
SRS2078515,Klebsiella pneumoniae,Klebsiella pneumoniae,0.9904121784677704,SRR5386182,ENA_SAMN06437422,GEN,Susceptible,Susceptible,2.0,2.0
SRS2078519,Klebsiella pneumoniae,Klebsiella pneumoniae,0.9907855001905416,SRR5386186,ENA_SAMN06437418,GEN,Resistant,Resistant,8.0,8.0
SRS2078525,Klebsiella pneumoniae,Klebsiella pneumoniae,0.9895223127218964,SRR5386192,ENA_SAMN06437412,GEN,Susceptible,Susceptible,2.0,2.0
SRS2078526,Klebsiella pneumoniae,Klebsiella pneumoniae,0.9904830021040464,SRR5386193,ENA_SAMN06437411,GEN,Resistant,Resistant,8.0,8.0
SRS2078527,Klebsiella pneumoniae,Klebsiella pneumoniae,0.9893110116886894,SRR5386194,ENA_SAMN06437410,GEN,Intermediate,Susceptible,4.0,4.0
SRS2078529,Klebsiella pneumoniae,Klebsiella pneumoniae,0.9893424926374732,SRR5386196,ENA_SAMN06437408,GEN,Intermediate,Susceptible,4.0,4.0
SRS2078530,Klebsiella pneumoniae,Klebsiella pneumoniae,0.9893563784280606,SRR5386197,ENA_SAMN06437407,GEN,Resistant,Resistant,8.0,8.0
SRS2078532,Klebsiella pneumoniae,Klebsiella pneumoniae,0.9897105620735654,SRR5386199,ENA_SAMN06437405,GEN,Resistant,Resistant,8.0,8.0
SRS2078536,Klebsiella pneumoniae,Klebsiella pneumoniae,0.9907884544698092,SRR5386203,ENA_SAMN06437401,GEN,Resistant,Resistant,8.0,8.0
SRS2078540,Klebsiella pneumoniae,Klebsiella pneumoniae,0.990751060223065,SRR5386207,ENA_SAMN06437397,GEN,Resistant,Resistant,8.0,8.0
SRS2078543,Klebsiella pneumoniae,Klebsiella pneumoniae,0.9907274478608724,SRR5386210,ENA_SAMN06437394,GEN,Resistant,Resistant,8.0,8.0
SRS2078546,Klebsiella pneumoniae,Klebsiella pneumoniae,0.989372542005305,SRR5386213,ENA_SAMN06437391,GEN,Intermediate,Susceptible,4.0,4.0
SRS2078548,Klebsiella pneumoniae,Klebsiella pneumoniae,0.9895854138666196,SRR5386215,ENA_SAMN06437389,GEN,Susceptible,Susceptible,2.0,2.0
SRS2078555,Klebsiella pneumoniae,Klebsiella pneumoniae,0.9905125168228962,SRR5386221,ENA_SAMN06437383,GEN,Susceptible,Susceptible,2.0,2.0
SRS2078556,Klebsiella pneumoniae,Klebsiella pneumoniae,0.9909076672179474,SRR5386222,ENA_SAMN06437382,GEN,Susceptible,Susceptible,2.0,2.0
SRS2078558,Klebsiella pneumoniae,Klebsiella pneumoniae,0.9906233445732556,SRR5386224,ENA_SAMN06437380,GEN,Resistant,Resistant,8.0,8.0
SRS2078560,Klebsiella pneumoniae,Klebsiella pneumoniae,0.9900618725485072,SRR5386226,ENA_SAMN06437378,GEN,Susceptible,Susceptible,2.0,2.0
SRS2078562,Klebsiella pneumoniae,Klebsiella pneumoniae,0.9905113890615916,SRR5386228,ENA_SAMN06437376,GEN,Resistant,Resistant,8.0,8.0
SRS2078563,Klebsiella pneumoniae,Klebsiella pneumoniae,0.9890747447085552,SRR5386229,ENA_SAMN06437375,GEN,Intermediate,Susceptible,4.0,4.0
SRS2078570,Klebsiella pneumoniae,Klebsiella pneumoniae,0.9896619549828268,SRR5386236,ENA_SAMN06437368,GEN,Susceptible,Susceptible,2.0,2.0
SRS2078573,Klebsiella pneumoniae,Klebsiella pneumoniae,0.9905286319601204,SRR5386239,ENA_SAMN06437365,GEN,Resistant,Resistant,8.0,8.0
SRS2078575,Klebsiella pneumoniae,Klebsiella pneumoniae,0.9907244986704156,SRR5386241,ENA_SAMN06437363,GEN,Resistant,Resistant,8.0,8.0
SRS2078579,Klebsiella pneumoniae,Klebsiella pneumoniae,0.9904552729054192,SRR5386246,ENA_SAMN06437359,GEN,Resistant,Resistant,8.0,8.0
SRS2078582,Klebsiella pneumoniae,Klebsiella pneumoniae,0.989390971212661,SRR5386249,ENA_SAMN06437356,GEN,Resistant,Resistant,8.0,8.0
SRS2078583,Klebsiella pneumoniae,Klebsiella pneumoniae,0.9905647288411906,SRR5386250,ENA_SAMN06437355,GEN,Resistant,Resistant,8.0,8.0
SRS2078590,Klebsiella pneumoniae,Klebsiella pneumoniae,0.9907963009617358,SRR5386257,ENA_SAMN06437348,GEN,Resistant,Resistant,8.0,8.0
SRS2078591,Klebsiella pneumoniae,Klebsiella pneumoniae,0.9902611749695036,SRR5386258,ENA_SAMN06437347,GEN,Resistant,Resistant,8.0,8.0
SRS2078593,Klebsiella pneumoniae,Klebsiella pneumoniae,0.9907372931176336,SRR5386260,ENA_SAMN06437345,GEN,Resistant,Resistant,8.0,8.0
SRS2078598,Klebsiella pneumoniae,Klebsiella pneumoniae,0.9899548408305416,SRR5386265,ENA_SAMN06437340,GEN,Susceptible,Susceptible,2.0,2.0
SRS2078599,Klebsiella pneumoniae,Klebsiella pneumoniae,0.9894736552585108,SRR5386266,ENA_SAMN06437339,GEN,Resistant,Resistant,8.0,8.0
SRS2078601,Klebsiella pneumoniae,Klebsiella pneumoniae,0.9891884221819556,SRR5386268,ENA_SAMN06437337,GEN,Susceptible,Susceptible,2.0,2.0
SRS2078606,Klebsiella pneumoniae,Klebsiella pneumoniae,0.9904786008585226,SRR5386273,ENA_SAMN06437332,GEN,Resistant,Resistant,8.0,8.0
SRS2078621,Klebsiella pneumoniae,Klebsiella pneumoniae,0.9893472419295372,SRR5386289,ENA_SAMN06437316,GEN,Intermediate,Susceptible,4.0,4.0
SRS2078626,Klebsiella pneumoniae,Klebsiella pneumoniae,0.9901590902010994,SRR5386293,ENA_SAMN06437312,GEN,Susceptible,Susceptible,2.0,2.0
SRS2078630,Klebsiella pneumoniae,Klebsiella pneumoniae,0.989543589388182,SRR5386297,ENA_SAMN06437308,GEN,Susceptible,Susceptible,2.0,2.0
SRS2078631,Klebsiella pneumoniae,Klebsiella pneumoniae,0.9907677804321222,SRR5386298,ENA_SAMN06437307,GEN,Resistant,Resistant,8.0,8.0
SRS2078633,Klebsiella pneumoniae,Klebsiella pneumoniae,0.990783520646602,SRR5386301,ENA_SAMN06437304,GEN,Resistant,Resistant,8.0,8.0
SRS2078636,Klebsiella pneumoniae,Klebsiella pneumoniae,0.989413076058239,SRR5386304,ENA_SAMN06437301,GEN,Intermediate,Susceptible,4.0,4.0
SRS2078638,Klebsiella pneumoniae,Klebsiella pneumoniae,0.989910906944772,SRR5386306,ENA_SAMN06437299,GEN,Susceptible,Susceptible,2.0,2.0
SRS2078639,Klebsiella pneumoniae,Klebsiella pneumoniae,0.9893304416559736,SRR5386307,ENA_SAMN06437298,GEN,Intermediate,Susceptible,4.0,4.0
SRS2078640,Klebsiella pneumoniae,Klebsiella pneumoniae,0.9907943406008244,SRR5386305,ENA_SAMN06437300,GEN,Resistant,Resistant,8.0,8.0
SRS2078642,Klebsiella pneumoniae,Klebsiella pneumoniae,0.9908723034042488,SRR5386310,ENA_SAMN06437295,GEN,Susceptible,Susceptible,2.0,2.0
SRS2078643,Klebsiella pneumoniae,Klebsiella pneumoniae,0.9906049869643844,SRR5386309,ENA_SAMN06437296,GEN,Susceptible,Susceptible,2.0,2.0
SRS2078646,Klebsiella pneumoniae,Klebsiella pneumoniae,0.9851382921044552,SRR5386313,ENA_SAMN06437292,GEN,Susceptible,Susceptible,2.0,2.0
SRS2078647,Klebsiella pneumoniae,Klebsiella pneumoniae,0.9895297683664188,SRR5386314,ENA_SAMN06437291,GEN,Susceptible,Susceptible,2.0,2.0
SRS2078652,Klebsiella pneumoniae,Klebsiella pneumoniae,0.9896676279585314,SRR5386319,ENA_SAMN06437286,GEN,Intermediate,Susceptible,4.0,4.0
SRS2078656,Klebsiella pneumoniae,Klebsiella pneumoniae,0.9907402420740448,SRR5386323,ENA_SAMN06437282,GEN,Resistant,Resistant,8.0,8.0
SRS2078657,Klebsiella pneumoniae,Klebsiella pneumoniae,0.9907274478608724,SRR5386324,ENA_SAMN06437281,GEN,Resistant,Resistant,8.0,8.0
SRS2078658,Klebsiella pneumoniae,Klebsiella pneumoniae,0.9907303973322882,SRR5386325,ENA_SAMN06437280,GEN,Resistant,Resistant,8.0,8.0
SRS2078661,Klebsiella pneumoniae,Klebsiella pneumoniae,0.9898838489060792,SRR5386328,ENA_SAMN06437277,GEN,Susceptible,Susceptible,2.0,2.0
SRS2078665,Klebsiella pneumoniae,Klebsiella pneumoniae,0.9907372931176336,SRR5386332,ENA_SAMN06437273,GEN,Resistant,Resistant,8.0,8.0
SRS2078668,Klebsiella pneumoniae,Klebsiella pneumoniae,0.9907317634153512,SRR5386335,ENA_SAMN06437270,GEN,Susceptible,Susceptible,2.0,2.0
SRS2078679,Klebsiella pneumoniae,Klebsiella pneumoniae,0.989195449001048,SRR5386346,ENA_SAMN06437259,GEN,Resistant,Resistant,8.0,8.0
SRS2078690,Klebsiella pneumoniae,Klebsiella pneumoniae,0.9894916257064168,SRR5386357,ENA_SAMN06437248,GEN,Intermediate,Susceptible,4.0,4.0
SRS2078692,Klebsiella pneumoniae,Klebsiella pneumoniae,0.989555858725608,SRR5386359,ENA_SAMN06437246,GEN,Resistant,Resistant,8.0,8.0
SRS2078703,Klebsiella pneumoniae,Klebsiella pneumoniae,0.9896533093293904,SRR5386370,ENA_SAMN06437235,GEN,Resistant,Resistant,8.0,8.0
SRS2078704,Klebsiella pneumoniae,Klebsiella pneumoniae,0.9903476092449524,SRR5386371,ENA_SAMN06437234,GEN,Resistant,Resistant,8.0,8.0
SRS2078706,Klebsiella pneumoniae,Klebsiella pneumoniae,0.9905311531240176,SRR5386373,ENA_SAMN06437232,GEN,Susceptible,Susceptible,2.0,2.0
SRS2078707,Klebsiella pneumoniae,Klebsiella pneumoniae,0.9908110657835166,SRR5386374,ENA_SAMN06437231,GEN,Susceptible,Susceptible,2.0,2.0
SRS2078716,Klebsiella pneumoniae,Klebsiella pneumoniae,0.9891235561778426,SRR5386383,ENA_SAMN06437222,GEN,Susceptible,Susceptible,2.0,2.0
SRS2078720,Klebsiella pneumoniae,Klebsiella pneumoniae,0.9890667278601032,SRR5386387,ENA_SAMN06437218,GEN,Susceptible,Susceptible,2.0,2.0
SRS2078724,Klebsiella pneumoniae,Klebsiella pneumoniae,0.9899087509745078,SRR5386391,ENA_SAMN06437214,GEN,Susceptible,Susceptible,2.0,2.0
SRS2078726,Klebsiella pneumoniae,Klebsiella pneumoniae,0.9902234493981532,SRR5386393,ENA_SAMN06437212,GEN,Susceptible,Susceptible,2.0,2.0
SRS2078727,Klebsiella pneumoniae,Klebsiella pneumoniae,0.9893588556903924,SRR5386394,ENA_SAMN06437211,GEN,Intermediate,Susceptible,4.0,4.0
SRS2078748,Klebsiella pneumoniae,Klebsiella pneumoniae,0.9905593773232316,SRR5386415,ENA_SAMN06437190,GEN,Susceptible,Susceptible,2.0,2.0
SRS2078749,Klebsiella pneumoniae,Klebsiella pneumoniae,0.9892400209599328,SRR5386416,ENA_SAMN06437189,GEN,Susceptible,Susceptible,2.0,2.0
SRS2078754,Klebsiella pneumoniae,Klebsiella pneumoniae,0.9899307109847164,SRR5386420,ENA_SAMN06437185,GEN,Susceptible,Susceptible,2.0,2.0
SRS2078761,Klebsiella pneumoniae,Klebsiella pneumoniae,0.9906234474317578,SRR5386428,ENA_SAMN06437177,GEN,Resistant,Resistant,8.0,8.0
SRS2078762,Klebsiella pneumoniae,Klebsiella pneumoniae,0.9892122564072282,SRR5386429,ENA_SAMN06437176,GEN,Intermediate,Susceptible,4.0,4.0
SRS2078774,Klebsiella pneumoniae,Klebsiella pneumoniae,0.9895551946267476,SRR5386439,ENA_SAMN06437166,GEN,Resistant,Resistant,8.0,8.0
SRS2078784,Klebsiella pneumoniae,Klebsiella pneumoniae,0.9897507250617956,SRR5386451,ENA_SAMN06437154,GEN,Susceptible,Susceptible,2.0,2.0
SRS2078788,Klebsiella pneumoniae,Klebsiella pneumoniae,0.9902377355542716,SRR5386454,ENA_SAMN06437151,GEN,Susceptible,Susceptible,2.0,2.0
SRS2078789,Klebsiella pneumoniae,Klebsiella pneumoniae,0.9904458321504764,SRR5386456,ENA_SAMN06437149,GEN,Resistant,Resistant,8.0,8.0
SRS2078801,Klebsiella pneumoniae,Klebsiella pneumoniae,0.9908631454280408,SRR5386468,ENA_SAMN06437762,GEN,Susceptible,Susceptible,2.0,2.0
SRS2078802,Klebsiella pneumoniae,Klebsiella pneumoniae,0.990872465709595,SRR5386469,ENA_SAMN06437761,GEN,Susceptible,Susceptible,2.0,2.0
SRS2078809,Klebsiella pneumoniae,Klebsiella pneumoniae,0.9891908816785774,SRR5386476,ENA_SAMN06437754,GEN,Intermediate,Susceptible,4.0,4.0
SRS2078812,Klebsiella pneumoniae,Klebsiella pneumoniae,0.989021199251786,SRR5386479,ENA_SAMN06437751,GEN,Intermediate,Susceptible,4.0,4.0
SRS2078819,Klebsiella pneumoniae,Klebsiella pneumoniae,0.9906431627724668,SRR5386486,ENA_SAMN06437744,GEN,Intermediate,Susceptible,4.0,4.0
SRS2078825,Klebsiella pneumoniae,Klebsiella pneumoniae,0.990646186570356,SRR5386492,ENA_SAMN06437738,GEN,Resistant,Resistant,8.0,8.0
SRS2078836,Klebsiella pneumoniae,Klebsiella pneumoniae,0.990087976827527,SRR5386503,ENA_SAMN06437727,GEN,Susceptible,Susceptible,2.0,2.0
SRS2078837,Klebsiella pneumoniae,Klebsiella pneumoniae,0.989997697784072,SRR5386504,ENA_SAMN06437726,GEN,Resistant,Resistant,8.0,8.0
SRS2078844,Klebsiella pneumoniae,Klebsiella pneumoniae,0.9890379604871616,SRR5386511,ENA_SAMN06437719,GEN,Resistant,Resistant,8.0,8.0
SRS2078857,Klebsiella pneumoniae,Klebsiella pneumoniae,0.9905227745005184,SRR5386524,ENA_SAMN06437706,GEN,Resistant,Resistant,8.0,8.0
SRS2078865,Klebsiella pneumoniae,Klebsiella pneumoniae,0.9905852676808312,SRR5386532,ENA_SAMN06437698,GEN,Susceptible,Susceptible,2.0,2.0
SRS2078870,Klebsiella pneumoniae,Klebsiella pneumoniae,0.9897783952712684,SRR5386537,ENA_SAMN06437693,GEN,Susceptible,Susceptible,2.0,2.0
SRS2078871,Klebsiella pneumoniae,Klebsiella pneumoniae,0.9903201421940262,SRR5386538,ENA_SAMN06437692,GEN,Resistant,Resistant,8.0,8.0
SRS2078873,Klebsiella pneumoniae,Klebsiella pneumoniae,0.9906087573390332,SRR5386540,ENA_SAMN06437690,GEN,Resistant,Resistant,8.0,8.0
SRS2078875,Klebsiella pneumoniae,Klebsiella pneumoniae,0.9906137997662128,SRR5386542,ENA_SAMN06437688,GEN,Resistant,Resistant,8.0,8.0
SRS2078880,Klebsiella pneumoniae,Klebsiella pneumoniae,0.989748972912221,SRR5386547,ENA_SAMN06437683,GEN,Susceptible,Susceptible,2.0,2.0
SRS2078885,Klebsiella pneumoniae,Klebsiella pneumoniae,0.9908111371141846,SRR5386552,ENA_SAMN06437678,GEN,Resistant,Resistant,8.0,8.0
SRS2078888,Klebsiella pneumoniae,Klebsiella pneumoniae,0.9891712393252164,SRR5386555,ENA_SAMN06437675,GEN,Intermediate,Susceptible,4.0,4.0
SRS2078896,Klebsiella pneumoniae,Klebsiella pneumoniae,0.9892712625965128,SRR5386563,ENA_SAMN06437667,GEN,Intermediate,Susceptible,4.0,4.0
SRS2078905,Klebsiella pneumoniae,Klebsiella pneumoniae,0.9891498400771848,SRR5386573,ENA_SAMN06437658,GEN,Intermediate,Susceptible,4.0,4.0
SRS2078906,Klebsiella pneumoniae,Klebsiella pneumoniae,0.9902824533019812,SRR5386574,ENA_SAMN06437657,GEN,Resistant,Resistant,8.0,8.0
SRS2078923,Klebsiella pneumoniae,Klebsiella pneumoniae,0.9898107925786516,SRR5386591,ENA_SAMN06437640,GEN,Resistant,Resistant,8.0,8.0
SRS2078927,Klebsiella pneumoniae,Klebsiella pneumoniae,0.9902695403681454,SRR5386595,ENA_SAMN06437636,GEN,Resistant,Resistant,8.0,8.0
SRS2078928,Klebsiella pneumoniae,Klebsiella pneumoniae,0.9893330178590928,SRR5386596,ENA_SAMN06437635,GEN,Resistant,Resistant,8.0,8.0
SRS2078930,Klebsiella pneumoniae,Klebsiella pneumoniae,0.9902516196377806,SRR5386599,ENA_SAMN06437633,GEN,Susceptible,Susceptible,2.0,2.0
SRS2078931,Klebsiella pneumoniae,Klebsiella pneumoniae,0.9904944132431216,SRR5386600,ENA_SAMN06437632,GEN,Susceptible,Susceptible,2.0,2.0
SRS2078932,Klebsiella pneumoniae,Klebsiella pneumoniae,0.9906167348138568,SRR5386601,ENA_SAMN06437631,GEN,Resistant,Resistant,8.0,8.0
SRS2078933,Klebsiella pneumoniae,Klebsiella quasipneumoniae,0.9686973546654588,SRR5386602,ENA_SAMN06437630,GEN,Resistant,Resistant,8.0,8.0
SRS2078945,Klebsiella pneumoniae,Klebsiella pneumoniae,0.99010216500631,SRR5386614,ENA_SAMN06438534,GEN,Intermediate,Susceptible,4.0,4.0
SRS2078946,Klebsiella pneumoniae,Klebsiella pneumoniae,0.9908052215942392,SRR5386615,ENA_SAMN06438533,GEN,Resistant,Resistant,8.0,8.0
SRS2078953,Klebsiella pneumoniae,Klebsiella pneumoniae,0.9901270456802906,SRR5386622,ENA_SAMN06438526,GEN,Resistant,Resistant,8.0,8.0
SRS2078954,Klebsiella pneumoniae,Klebsiella variicola,0.9916333212142084,SRR5386623,ENA_SAMN06438525,GEN,Susceptible,Susceptible,2.0,2.0
SRS2078960,Klebsiella pneumoniae,Klebsiella pneumoniae,0.9892550163895388,SRR5386629,ENA_SAMN06438519,GEN,Susceptible,Susceptible,2.0,2.0
SRS2078961,Klebsiella pneumoniae,Klebsiella pneumoniae,0.9897682282223196,SRR5386630,ENA_SAMN06438518,GEN,Resistant,Resistant,8.0,8.0
SRS2078967,Klebsiella pneumoniae,Klebsiella pneumoniae,0.9891532920373192,SRR5386636,ENA_SAMN06438512,GEN,Intermediate,Susceptible,4.0,4.0
SRS2078968,Klebsiella pneumoniae,Klebsiella pneumoniae,0.9907953328796664,SRR5386637,ENA_SAMN06438511,GEN,Resistant,Resistant,8.0,8.0
SRS2078969,Klebsiella pneumoniae,Klebsiella pneumoniae,0.989367359965898,SRR5386638,ENA_SAMN06438510,GEN,Intermediate,Susceptible,4.0,4.0
SRS2078975,Klebsiella pneumoniae,Klebsiella pneumoniae,0.9907736858915313,SRR5386644,ENA_SAMN06438504,GEN,Resistant,Resistant,8.0,8.0
SRS2078985,Klebsiella pneumoniae,Klebsiella pneumoniae,0.9894860677645456,SRR5386654,ENA_SAMN06438494,GEN,Susceptible,Susceptible,2.0,2.0
SRS2078987,Klebsiella pneumoniae,Klebsiella pneumoniae,0.9887506946754614,SRR5386656,ENA_SAMN06438492,GEN,Susceptible,Susceptible,2.0,2.0
SRS2078991,Klebsiella pneumoniae,Klebsiella pneumoniae,0.9907175625602253,SRR5386660,ENA_SAMN06438488,GEN,Resistant,Resistant,8.0,8.0
SRS2078997,Klebsiella pneumoniae,Klebsiella pneumoniae,0.9907667953290517,SRR5386666,ENA_SAMN06438482,GEN,Resistant,Resistant,8.0,8.0
SRS2078999,Klebsiella pneumoniae,Klebsiella pneumoniae,0.9893576164066245,SRR5386668,ENA_SAMN06438480,GEN,Intermediate,Susceptible,4.0,4.0
SRS2079006,Klebsiella pneumoniae,Klebsiella pneumoniae,0.9904073100761648,SRR5386675,ENA_SAMN06438473,GEN,Resistant,Resistant,8.0,8.0
SRS2079012,Klebsiella pneumoniae,Klebsiella pneumoniae,0.990464307149136,SRR5386682,ENA_SAMN06438466,GEN,Resistant,Resistant,8.0,8.0
SRS2079029,Klebsiella pneumoniae,Klebsiella pneumoniae,0.9903736883319658,SRR5386699,ENA_SAMN06438449,GEN,Susceptible,Susceptible,2.0,2.0
SRS2079031,Klebsiella pneumoniae,Klebsiella pneumoniae,0.9740326085131495,SRR5386700,ENA_SAMN06438448,GEN,Susceptible,Susceptible,2.0,2.0
SRS2079033,Klebsiella pneumoniae,Klebsiella pneumoniae,0.9902975969233546,SRR5386701,ENA_SAMN06438447,GEN,Susceptible,Susceptible,2.0,2.0
SRS2079051,Klebsiella pneumoniae,Klebsiella pneumoniae,0.9891741653693512,SRR5386720,ENA_SAMN06438428,GEN,Resistant,Resistant,8.0,8.0
SRS2079052,Klebsiella pneumoniae,Klebsiella pneumoniae,0.9888555842373056,SRR5386721,ENA_SAMN06438427,GEN,Susceptible,Susceptible,2.0,2.0
SRS2079055,Klebsiella pneumoniae,Klebsiella pneumoniae,0.9897646214802038,SRR5386724,ENA_SAMN06438424,GEN,Susceptible,Susceptible,2.0,2.0
SRS2079073,Klebsiella pneumoniae,Klebsiella pneumoniae,0.990347679717168,SRR5386742,ENA_SAMN06438420,GEN,Susceptible,Susceptible,2.0,2.0
SRS2079074,Klebsiella pneumoniae,Klebsiella pneumoniae,0.9904317197969414,SRR5386743,ENA_SAMN06438419,GEN,Susceptible,Susceptible,2.0,2.0
SRS2079080,Klebsiella pneumoniae,Klebsiella pneumoniae,0.9907224929450325,SRR5386748,ENA_SAMN06438414,GEN,Resistant,Resistant,8.0,8.0
SRS2079081,Klebsiella pneumoniae,Klebsiella pneumoniae,0.9904143549480744,SRR5386749,ENA_SAMN06438413,GEN,Susceptible,Susceptible,2.0,2.0
SRS2079085,Klebsiella pneumoniae,Klebsiella pneumoniae,0.9891631984924412,SRR5386755,ENA_SAMN06438407,GEN,Resistant,Resistant,8.0,8.0
SRS2079089,Klebsiella pneumoniae,Klebsiella pneumoniae,0.9900224088270552,SRR5386758,ENA_SAMN06438404,GEN,Resistant,Resistant,8.0,8.0
SRS2079090,Klebsiella pneumoniae,Klebsiella pneumoniae,0.988847540248487,SRR5386759,ENA_SAMN06438403,GEN,Susceptible,Susceptible,2.0,2.0
SRS2079091,Klebsiella pneumoniae,Klebsiella pneumoniae,0.989184558886301,SRR5386761,ENA_SAMN06438401,GEN,Resistant,Resistant,8.0,8.0
SRS2079096,Klebsiella pneumoniae,Klebsiella pneumoniae,0.9907992802636726,SRR5386765,ENA_SAMN06438397,GEN,Resistant,Resistant,8.0,8.0
SRS2079101,Klebsiella pneumoniae,Klebsiella pneumoniae,0.9902217274918148,SRR5386770,ENA_SAMN06438392,GEN,Resistant,Resistant,8.0,8.0
SRS2079107,Klebsiella pneumoniae,Klebsiella pneumoniae,0.9886382782060972,SRR5386776,ENA_SAMN06438386,GEN,Resistant,Resistant,8.0,8.0
SRS2079114,Klebsiella pneumoniae,Klebsiella pneumoniae,0.9893846042715116,SRR5386784,ENA_SAMN06438378,GEN,Intermediate,Susceptible,4.0,4.0
SRS2079116,Klebsiella pneumoniae,Klebsiella pneumoniae,0.9892435024005644,SRR5386785,ENA_SAMN06438377,GEN,Intermediate,Susceptible,4.0,4.0
SRS2079133,Klebsiella pneumoniae,Klebsiella pneumoniae,0.9907067265235004,SRR5386802,ENA_SAMN06438360,GEN,Susceptible,Susceptible,2.0,2.0
SRS2079137,Klebsiella pneumoniae,Klebsiella pneumoniae,0.990083210761658,SRR5386806,ENA_SAMN06438356,GEN,Susceptible,Susceptible,2.0,2.0
SRS2079142,Klebsiella pneumoniae,Klebsiella pneumoniae,0.9893917672766211,SRR5386811,ENA_SAMN06438351,GEN,Intermediate,Susceptible,4.0,4.0
SRS2079143,Klebsiella pneumoniae,Klebsiella pneumoniae,0.9900112472181268,SRR5386812,ENA_SAMN06438350,GEN,Intermediate,Susceptible,4.0,4.0
SRS2079145,Klebsiella pneumoniae,Klebsiella pneumoniae,0.9902461511659472,SRR5386814,ENA_SAMN06438348,GEN,Resistant,Resistant,8.0,8.0
SRS2079151,Klebsiella pneumoniae,Klebsiella pneumoniae,0.99021619883129,SRR5386820,ENA_SAMN06438342,GEN,Resistant,Resistant,8.0,8.0
SRS2079158,Klebsiella pneumoniae,Klebsiella pneumoniae,0.9908533140748356,SRR5386827,ENA_SAMN06438335,GEN,Resistant,Resistant,8.0,8.0
SRS2079159,Klebsiella pneumoniae,Klebsiella pneumoniae,0.9893495275379068,SRR5386828,ENA_SAMN06438334,GEN,Resistant,Resistant,8.0,8.0
SRS2079161,Klebsiella pneumoniae,Klebsiella pneumoniae,0.9908832296615372,SRR5386830,ENA_SAMN06438332,GEN,Resistant,Resistant,8.0,8.0
SRS2079162,Klebsiella pneumoniae,Klebsiella pneumoniae,0.9900448858021303,SRR5386831,ENA_SAMN06438331,GEN,Resistant,Resistant,8.0,8.0
SRS2079173,Klebsiella pneumoniae,Klebsiella pneumoniae,0.990568521017989,SRR5386842,ENA_SAMN06438320,GEN,Susceptible,Susceptible,2.0,2.0
SRS2079175,Klebsiella pneumoniae,Klebsiella pneumoniae,0.9904179137878748,SRR5386844,ENA_SAMN06438318,GEN,Susceptible,Susceptible,2.0,2.0
SRS2079177,Klebsiella pneumoniae,Klebsiella pneumoniae,0.9907432492417482,SRR5386846,ENA_SAMN06438316,GEN,Susceptible,Susceptible,2.0,2.0
SRS2079179,Klebsiella pneumoniae,Klebsiella pneumoniae,0.9894935692611538,SRR5386848,ENA_SAMN06438314,GEN,Resistant,Resistant,8.0,8.0
SRS2079183,Klebsiella pneumoniae,Klebsiella pneumoniae,0.9905176673408872,SRR5386852,ENA_SAMN06438310,GEN,Resistant,Resistant,8.0,8.0
SRS2079255,Klebsiella pneumoniae,Klebsiella pneumoniae,0.9908200972204706,SRR5386924,ENA_SAMN06438305,GEN,Resistant,Resistant,8.0,8.0
SRS2079256,Klebsiella pneumoniae,Klebsiella pneumoniae,0.9907072028008448,SRR5386925,ENA_SAMN06438304,GEN,Resistant,Resistant,8.0,8.0
SRS2079257,Klebsiella pneumoniae,Klebsiella pneumoniae,0.9905267951675506,SRR5386926,ENA_SAMN06438303,GEN,Intermediate,Susceptible,4.0,4.0
SRS2079276,Klebsiella pneumoniae,Klebsiella pneumoniae,0.9907884355638524,SRR5386945,ENA_SAMN06438284,GEN,Susceptible,Susceptible,2.0,2.0
SRS2079286,Klebsiella pneumoniae,Klebsiella pneumoniae,0.990665788679707,SRR5386955,ENA_SAMN06438274,GEN,Resistant,Resistant,8.0,8.0
SRS2079289,Klebsiella pneumoniae,Klebsiella pneumoniae,0.990574738514906,SRR5386958,ENA_SAMN06438271,GEN,Susceptible,Susceptible,2.0,2.0
SRS2079290,Klebsiella pneumoniae,Klebsiella pneumoniae,0.9903481727775372,SRR5386959,ENA_SAMN06438270,GEN,Resistant,Resistant,8.0,8.0
SRS2079298,Klebsiella pneumoniae,Klebsiella pneumoniae,0.9907491007911492,SRR5386967,ENA_SAMN06438262,GEN,Resistant,Resistant,8.0,8.0
SRS2079299,Klebsiella pneumoniae,Klebsiella pneumoniae,0.9894636392365966,SRR5386968,ENA_SAMN06438261,GEN,Intermediate,Susceptible,4.0,4.0
SRS2079301,Klebsiella pneumoniae,Klebsiella pneumoniae,0.9905807340580975,SRR5386970,ENA_SAMN06438259,GEN,Susceptible,Susceptible,2.0,2.0
SRS2079307,Klebsiella pneumoniae,Klebsiella pneumoniae,0.9903533804919,SRR5386976,ENA_SAMN06438253,GEN,Susceptible,Susceptible,2.0,2.0
SRS2079313,Klebsiella pneumoniae,Klebsiella pneumoniae,0.9908123918890688,SRR5386982,ENA_SAMN06438247,GEN,Resistant,Resistant,8.0,8.0
SRS2079328,Klebsiella pneumoniae,Klebsiella pneumoniae,0.9894603343072264,SRR5386998,ENA_SAMN06437626,GEN,Resistant,Resistant,8.0,8.0
SRS2079329,Klebsiella pneumoniae,Klebsiella pneumoniae,0.9898232786462146,SRR5386999,ENA_SAMN06437625,GEN,Intermediate,Susceptible,4.0,4.0
SRS2079331,Klebsiella pneumoniae,Klebsiella pneumoniae,0.9904858387955802,SRR5387001,ENA_SAMN06437623,GEN,Resistant,Resistant,8.0,8.0
SRS2079333,Klebsiella pneumoniae,Klebsiella pneumoniae,0.9904775544337284,SRR5387003,ENA_SAMN06437621,GEN,Susceptible,Susceptible,2.0,2.0
SRS2079337,Klebsiella pneumoniae,Klebsiella pneumoniae,0.9902441328554044,SRR5387007,ENA_SAMN06437617,GEN,Susceptible,Susceptible,2.0,2.0
SRS2079351,Klebsiella pneumoniae,Klebsiella pneumoniae,0.9889219472988944,SRR5387021,ENA_SAMN06437603,GEN,Susceptible,Susceptible,2.0,2.0
SRS2079353,Klebsiella pneumoniae,Klebsiella pneumoniae,0.9889277883319944,SRR5387023,ENA_SAMN06437601,GEN,Susceptible,Susceptible,2.0,2.0
SRS2079355,Klebsiella pneumoniae,Klebsiella pneumoniae,0.9904380828279822,SRR5387025,ENA_SAMN06437599,GEN,Resistant,Resistant,8.0,8.0
SRS2079357,Klebsiella pneumoniae,Klebsiella pneumoniae,0.9898625901712492,SRR5387027,ENA_SAMN06437597,GEN,Susceptible,Susceptible,2.0,2.0
SRS2079359,Klebsiella pneumoniae,Klebsiella pneumoniae,0.9892145768962451,SRR5387029,ENA_SAMN06437595,GEN,Resistant,Resistant,8.0,8.0
SRS2079361,Klebsiella pneumoniae,Klebsiella pneumoniae,0.989986495311602,SRR5387031,ENA_SAMN06437593,GEN,Susceptible,Susceptible,2.0,2.0
SRS2079363,Klebsiella pneumoniae,Klebsiella pneumoniae,0.9908504946913528,SRR5387033,ENA_SAMN06437591,GEN,Resistant,Resistant,8.0,8.0
SRS2079367,Klebsiella pneumoniae,Klebsiella pneumoniae,0.990405595077196,SRR5387037,ENA_SAMN06437587,GEN,Susceptible,Susceptible,2.0,2.0
SRS2079473,Klebsiella pneumoniae,Klebsiella pneumoniae,0.9902717659802808,SRR5387156,ENA_SAMN06439013,GEN,Resistant,Resistant,8.0,8.0
SRS2079476,Klebsiella pneumoniae,Klebsiella pneumoniae,0.9905931372758476,SRR5387159,ENA_SAMN06439010,GEN,Resistant,Resistant,8.0,8.0
SRS2079478,Klebsiella pneumoniae,Klebsiella pneumoniae,0.9906472219507064,SRR5387161,ENA_SAMN06439008,GEN,Susceptible,Susceptible,2.0,2.0
SRS2079479,Klebsiella pneumoniae,Klebsiella pneumoniae,0.9896655941833832,SRR5387162,ENA_SAMN06439007,GEN,Susceptible,Susceptible,2.0,2.0
SRS2079481,Klebsiella pneumoniae,Klebsiella pneumoniae,0.9905766008687146,SRR5387164,ENA_SAMN06439005,GEN,Susceptible,Susceptible,2.0,2.0
SRS2079485,Klebsiella pneumoniae,Klebsiella pneumoniae,0.9897335505973488,SRR5387168,ENA_SAMN06439001,GEN,Susceptible,Susceptible,2.0,2.0
SRS2079486,Klebsiella pneumoniae,Klebsiella pneumoniae,0.9905863327724906,SRR5387169,ENA_SAMN06439000,GEN,Intermediate,Susceptible,4.0,4.0
SRS2079492,Klebsiella pneumoniae,Klebsiella pneumoniae,0.9896562132587268,SRR5387175,ENA_SAMN06438994,GEN,Susceptible,Susceptible,2.0,2.0
SRS2079496,Klebsiella pneumoniae,Klebsiella pneumoniae,0.9906579320517128,SRR5387179,ENA_SAMN06438990,GEN,Susceptible,Susceptible,2.0,2.0
SRS2079502,Klebsiella pneumoniae,Klebsiella pneumoniae,0.9892035992914394,SRR5387184,ENA_SAMN06438985,GEN,Susceptible,Susceptible,2.0,2.0
SRS2079508,Klebsiella pneumoniae,Klebsiella pneumoniae,0.9895887393547722,SRR5387191,ENA_SAMN06438978,GEN,Susceptible,Susceptible,2.0,2.0
SRS2079510,Klebsiella pneumoniae,Klebsiella pneumoniae,0.9906048975393033,SRR5387193,ENA_SAMN06438976,GEN,Susceptible,Susceptible,2.0,2.0
SRS2079514,Klebsiella pneumoniae,Klebsiella quasipneumoniae,0.9922039691224432,SRR5387197,ENA_SAMN06438972,GEN,Susceptible,Susceptible,2.0,2.0
SRS2079516,Klebsiella pneumoniae,Klebsiella pneumoniae,0.9893125637209914,SRR5387199,ENA_SAMN06438970,GEN,Intermediate,Susceptible,4.0,4.0
SRS2079517,Klebsiella pneumoniae,Klebsiella pneumoniae,0.9904233669072948,SRR5387200,ENA_SAMN06438969,GEN,Resistant,Resistant,8.0,8.0
SRS2079527,Klebsiella pneumoniae,Klebsiella pneumoniae,0.9898531317561812,SRR5387210,ENA_SAMN06438959,GEN,Susceptible,Susceptible,2.0,2.0
SRS2079528,Klebsiella pneumoniae,Klebsiella pneumoniae,0.9896511634630216,SRR5387211,ENA_SAMN06438958,GEN,Resistant,Resistant,8.0,8.0
SRS2079529,Klebsiella pneumoniae,Klebsiella pneumoniae,0.9896568414217132,SRR5387212,ENA_SAMN06438957,GEN,Resistant,Resistant,8.0,8.0
SRS2079531,Klebsiella pneumoniae,Klebsiella pneumoniae,0.9906974859174816,SRR5387214,ENA_SAMN06438955,GEN,Resistant,Resistant,8.0,8.0
SRS2079538,Klebsiella pneumoniae,Klebsiella pneumoniae,0.98970909955552,SRR5387221,ENA_SAMN06438948,GEN,Resistant,Resistant,8.0,8.0
SRS2079539,Klebsiella pneumoniae,Klebsiella pneumoniae,0.990827936000698,SRR5387222,ENA_SAMN06438947,GEN,Resistant,Resistant,8.0,8.0
SRS2079540,Klebsiella pneumoniae,Klebsiella pneumoniae,0.989884383496758,SRR5387223,ENA_SAMN06438946,GEN,Susceptible,Susceptible,2.0,2.0
SRS2079541,Klebsiella pneumoniae,Klebsiella pneumoniae,0.9898142182456556,SRR5387224,ENA_SAMN06438945,GEN,Susceptible,Susceptible,2.0,2.0
SRS2079544,Klebsiella pneumoniae,Klebsiella pneumoniae,0.9897756126761872,SRR5387227,ENA_SAMN06438942,GEN,Intermediate,Susceptible,4.0,4.0
SRS2079546,Klebsiella pneumoniae,Klebsiella pneumoniae,0.9904932718824108,SRR5387229,ENA_SAMN06438940,GEN,Resistant,Resistant,8.0,8.0
SRS2079551,Klebsiella pneumoniae,Klebsiella pneumoniae,0.9898334932334,SRR5387234,ENA_SAMN06438935,GEN,Susceptible,Susceptible,2.0,2.0
SRS2079558,Klebsiella pneumoniae,Klebsiella pneumoniae,0.9893571908424053,SRR5387241,ENA_SAMN06438928,GEN,Susceptible,Susceptible,2.0,2.0
SRS2079562,Klebsiella pneumoniae,Klebsiella pneumoniae,0.9891702767151216,SRR5387245,ENA_SAMN06438924,GEN,Susceptible,Susceptible,2.0,2.0
SRS2079564,Klebsiella pneumoniae,Klebsiella pneumoniae,0.9891708423814572,SRR5387247,ENA_SAMN06438922,GEN,Susceptible,Susceptible,2.0,2.0
SRS2079566,Klebsiella pneumoniae,Klebsiella pneumoniae,0.9905421953890524,SRR5387249,ENA_SAMN06438920,GEN,Resistant,Resistant,8.0,8.0
SRS2079571,Klebsiella pneumoniae,Klebsiella pneumoniae,0.9897900385963828,SRR5387254,ENA_SAMN06438915,GEN,Susceptible,Susceptible,2.0,2.0
SRS2079576,Klebsiella pneumoniae,Klebsiella pneumoniae,0.9891764078898528,SRR5387261,ENA_SAMN06438908,GEN,Intermediate,Susceptible,4.0,4.0
SRS2079578,Klebsiella pneumoniae,Klebsiella pneumoniae,0.9891518675531268,SRR5387260,ENA_SAMN06438909,GEN,Intermediate,Susceptible,4.0,4.0
SRS2079585,Klebsiella pneumoniae,Klebsiella pneumoniae,0.9903301855106544,SRR5387268,ENA_SAMN06438901,GEN,Resistant,Resistant,8.0,8.0
SRS2079587,Klebsiella pneumoniae,Klebsiella pneumoniae,0.9901440307593944,SRR5387270,ENA_SAMN06438899,GEN,Susceptible,Susceptible,2.0,2.0
SRS2079594,Klebsiella pneumoniae,Klebsiella pneumoniae,0.9891718084104372,SRR5387277,ENA_SAMN06438892,GEN,Susceptible,Susceptible,2.0,2.0
SRS2079597,Klebsiella pneumoniae,Klebsiella pneumoniae,0.9901550903583968,SRR5387280,ENA_SAMN06438889,GEN,Susceptible,Susceptible,2.0,2.0
SRS2079599,Klebsiella pneumoniae,Klebsiella pneumoniae,0.9890492328143958,SRR5387282,ENA_SAMN06438887,GEN,Susceptible,Susceptible,2.0,2.0
SRS2079603,Klebsiella pneumoniae,Klebsiella pneumoniae,0.98945154055389,SRR5387284,ENA_SAMN06438885,GEN,Susceptible,Susceptible,2.0,2.0
SRS2079604,Klebsiella pneumoniae,Klebsiella pneumoniae,0.9810057496096064,SRR5387288,ENA_SAMN06438881,GEN,Resistant,Resistant,8.0,8.0
SRS2079605,Klebsiella pneumoniae,Klebsiella pneumoniae,0.9906805878810044,SRR5387287,ENA_SAMN06438882,GEN,Resistant,Resistant,8.0,8.0
SRS2079610,Klebsiella pneumoniae,Klebsiella pneumoniae,0.990658885520459,SRR5387293,ENA_SAMN06438876,GEN,Resistant,Resistant,8.0,8.0
SRS2079611,Klebsiella pneumoniae,Klebsiella pneumoniae,0.9906032361866448,SRR5387294,ENA_SAMN06438875,GEN,Resistant,Resistant,8.0,8.0
SRS2079612,Klebsiella pneumoniae,Klebsiella pneumoniae,0.9897577881938644,SRR5387295,ENA_SAMN06438874,GEN,Intermediate,Susceptible,4.0,4.0
SRS2079616,Klebsiella pneumoniae,Klebsiella pneumoniae,0.98950006833389,SRR5387299,ENA_SAMN06438870,GEN,Resistant,Resistant,8.0,8.0
SRS2079628,Klebsiella pneumoniae,Klebsiella pneumoniae,0.989792927773935,SRR5387311,ENA_SAMN06438858,GEN,Resistant,Resistant,8.0,8.0
SRS2079630,Klebsiella pneumoniae,Klebsiella pneumoniae,0.9903243797784484,SRR5387313,ENA_SAMN06438856,GEN,Resistant,Resistant,8.0,8.0
SRS2079632,Klebsiella pneumoniae,Klebsiella pneumoniae,0.990792379398896,SRR5387315,ENA_SAMN06438854,GEN,Resistant,Resistant,8.0,8.0
SRS2079638,Klebsiella pneumoniae,Klebsiella pneumoniae,0.9898119841553684,SRR5387321,ENA_SAMN06438848,GEN,Intermediate,Susceptible,4.0,4.0
SRS2079642,Klebsiella pneumoniae,Klebsiella pneumoniae,0.9897158405425404,SRR5387325,ENA_SAMN06438844,GEN,Intermediate,Susceptible,4.0,4.0
SRS2079667,Klebsiella pneumoniae,Klebsiella pneumoniae,0.9904771983443382,SRR5387350,ENA_SAMN06438819,GEN,Resistant,Resistant,8.0,8.0
SRS2079671,Klebsiella pneumoniae,Klebsiella pneumoniae,0.9900315985525172,SRR5387355,ENA_SAMN06438814,GEN,Susceptible,Susceptible,2.0,2.0
SRS2079672,Klebsiella pneumoniae,Klebsiella pneumoniae,0.9908663776483708,SRR5387353,ENA_SAMN06438816,GEN,Resistant,Resistant,8.0,8.0
SRS2079673,Klebsiella pneumoniae,Klebsiella pneumoniae,0.989299864298644,SRR5387356,ENA_SAMN06438813,GEN,Resistant,Resistant,8.0,8.0
SRS2079678,Klebsiella pneumoniae,Klebsiella pneumoniae,0.9898770293236896,SRR5387361,ENA_SAMN06438808,GEN,Susceptible,Susceptible,2.0,2.0
SRS2079679,Klebsiella pneumoniae,Klebsiella pneumoniae,0.989667943945123,SRR5387362,ENA_SAMN06438807,GEN,Susceptible,Susceptible,2.0,2.0
SRS2079688,Klebsiella pneumoniae,Klebsiella pneumoniae,0.990536831817454,SRR5387372,ENA_SAMN06438797,GEN,Resistant,Resistant,8.0,8.0
SRS2079690,Klebsiella pneumoniae,Klebsiella pneumoniae,0.9902330613296983,SRR5387374,ENA_SAMN06438795,GEN,Resistant,Resistant,8.0,8.0
SRS2079691,Klebsiella pneumoniae,Klebsiella pneumoniae,0.9907855337106294,SRR5387376,ENA_SAMN06438793,GEN,Resistant,Resistant,8.0,8.0
SRS2079692,Klebsiella pneumoniae,Klebsiella pneumoniae,0.9901027967261352,SRR5387375,ENA_SAMN06438794,GEN,Intermediate,Susceptible,4.0,4.0
SRS2079694,Klebsiella pneumoniae,Klebsiella pneumoniae,0.9895479429685108,SRR5387377,ENA_SAMN06438792,GEN,Susceptible,Susceptible,2.0,2.0
SRS2079695,Klebsiella pneumoniae,Klebsiella pneumoniae,0.9893198344507814,SRR5387379,ENA_SAMN06438790,GEN,Intermediate,Susceptible,4.0,4.0
SRS2079706,Klebsiella pneumoniae,Klebsiella pneumoniae,0.9899294523637416,SRR5387390,ENA_SAMN06438779,GEN,Susceptible,Susceptible,2.0,2.0
SRS2079716,Klebsiella pneumoniae,Klebsiella pneumoniae,0.9897343887052712,SRR5387400,ENA_SAMN06438769,GEN,Susceptible,Susceptible,2.0,2.0
SRS2079725,Klebsiella pneumoniae,Klebsiella pneumoniae,0.9898575741939252,SRR5387409,ENA_SAMN06438760,GEN,Susceptible,Susceptible,2.0,2.0
SRS2079727,Klebsiella pneumoniae,Klebsiella pneumoniae,0.9903516481657724,SRR5387411,ENA_SAMN06438758,GEN,Resistant,Resistant,8.0,8.0
SRS2079735,Klebsiella pneumoniae,Klebsiella pneumoniae,0.9908368754074464,SRR5387419,ENA_SAMN06438750,GEN,Resistant,Resistant,8.0,8.0
SRS2079737,Klebsiella pneumoniae,Klebsiella pneumoniae,0.9903702919794084,SRR5387421,ENA_SAMN06438748,GEN,Resistant,Resistant,8.0,8.0
SRS2089809,Escherichia coli,Escherichia coli,0.9862200068456524,SRR5398450,ENA_SAMN06672151,GEN,Susceptible,Susceptible,1.0,1.0
SRS2089811,Escherichia coli,Escherichia coli,0.986344674941065,SRR5398452,ENA_SAMN06672149,GEN,Resistant,Resistant,16.0,16.0
SRS2103319,Klebsiella pneumoniae,Klebsiella pneumoniae,0.9894532675310672,SRR5420063,ENA_SAMN06680408,GEN,Intermediate,Susceptible,4.0,4.0
SRS2103321,Escherichia coli,Escherichia coli,0.9887686544833844,SRR5420065,ENA_SAMN06680406,GEN,Susceptible,Susceptible,1.0,1.0
SRS2103323,Escherichia coli,Escherichia coli,0.9780759125362088,SRR5420067,ENA_SAMN06680404,GEN,Susceptible,Susceptible,1.0,1.0
SRS2103324,Escherichia coli,Escherichia coli,0.9858057425235038,SRR5420068,ENA_SAMN06680403,GEN,Resistant,Resistant,16.0,16.0
SRS2103326,Escherichia coli,Escherichia coli,0.986079710942684,SRR5420070,ENA_SAMN06680401,GEN,Resistant,Resistant,16.0,16.0
SRS2103327,Escherichia coli,Escherichia coli,0.9859403709154048,SRR5420071,ENA_SAMN06680400,GEN,Susceptible,Susceptible,1.0,1.0
SRS2122751,Escherichia coli,Escherichia coli,0.9894981520386276,SRR5445911,ENA_SAMN06754743,GEN,Susceptible,Susceptible,1.0,1.0
SRS2122754,Escherichia coli,Escherichia coli,0.9732472087327622,SRR5445916,ENA_SAMN06754738,GEN,Resistant,Resistant,16.0,16.0
SRS2122755,Klebsiella pneumoniae,Klebsiella pneumoniae,0.9904473928415,SRR5445913,ENA_SAMN06754741,GEN,Resistant,Resistant,16.0,16.0
SRS2122756,Escherichia coli,Escherichia coli,0.972565956776633,SRR5445917,ENA_SAMN06754737,GEN,Susceptible,Susceptible,1.0,1.0
SRS2122757,Escherichia coli,Escherichia coli,0.9861606064508324,SRR5445919,ENA_SAMN06754735,GEN,Susceptible,Susceptible,1.0,1.0
SRS2122758,Escherichia coli,Escherichia coli,0.9731744991406572,SRR5445922,ENA_SAMN06754732,GEN,Susceptible,Susceptible,1.0,1.0
SRS2122759,Escherichia coli,Escherichia coli,0.9864973279456384,SRR5445918,ENA_SAMN06754736,GEN,Susceptible,Susceptible,1.0,1.0
SRS2122762,Escherichia coli,Escherichia coli,0.9863942180354792,SRR5445921,ENA_SAMN06754733,GEN,Susceptible,Susceptible,1.0,1.0
SRS212571,Streptococcus pneumoniae,Streptococcus pneumoniae,0.9891410689898203,SRR307140,BVBRC_760766.3,ERY,Resistant,Resistant,64.0,64.0
SRS214544,Streptococcus pneumoniae,Streptococcus pneumoniae,0.9896158772703724,SRR307595,BVBRC_760817.3,ERY,Resistant,Resistant,8.0,8.0
SRS214545,Streptococcus pneumoniae,Streptococcus pneumoniae,0.9900414001949692,SRR307597,BVBRC_760820.3,ERY,Resistant,Resistant,8.0,8.0
SRS214547,Streptococcus pneumoniae,Streptococcus pneumoniae,0.989453129917966,SRR307602,BVBRC_760745.3,ERY,Resistant,Resistant,4.0,4.0
SRS214552,Streptococcus pneumoniae,Streptococcus pneumoniae,0.9899832333941874,SRR307607,BVBRC_760840.3,ERY,Resistant,Resistant,16.0,16.0
SRS214555,Streptococcus pneumoniae,Streptococcus pneumoniae,0.9908251017631826,SRR307616,BVBRC_760756.3,ERY,Susceptible,Susceptible,0.12,0.12
SRS214556,Streptococcus pneumoniae,Streptococcus pneumoniae,0.9896600480835184,SRR307618,BVBRC_760878.3,ERY,Resistant,Resistant,32.0,32.0
SRS214557,Streptococcus pneumoniae,Streptococcus pneumoniae,0.9890498360042717,SRR307620,ENA_SAMN00632922,ERY,Resistant,Resistant,16.0,16.0
SRS214558,Streptococcus pneumoniae,Streptococcus pneumoniae,0.9895909974598692,SRR307622,BVBRC_760744.3,ERY,Resistant,Resistant,4.0,4.0
SRS2146844,Acinetobacter baumannii,Acinetobacter baumannii,0.9823657983348004,SRR5477433,ENA_SAMN06827878,CAZ,Susceptible,Susceptible,1.0,1.0
SRS2146845,Acinetobacter baumannii,Acinetobacter baumannii,0.982348762756106,SRR5477437,ENA_SAMN06827873,CAZ,Susceptible,Susceptible,8.0,8.0
SRS214856,Streptococcus pneumoniae,Streptococcus pneumoniae,0.9903743511103726,SRR308719,ENA_SAMN00668054,ERY,Resistant,Resistant,32.0,32.0
SRS2149790,Escherichia coli,Escherichia coli,0.9863501673249386,SRR5482170,ENA_SAMN06808253,GEN,Susceptible,Susceptible,1.0,1.0
SRS2248422,Pseudomonas aeruginosa,Pseudomonas aeruginosa,0.9927787511328884,SRR5642371,ENA_SAMN07185682,CAZ,Resistant,Resistant,32.0,32.0
SRS2248423,Pseudomonas aeruginosa,Pseudomonas aeruginosa,0.9884849651315408,SRR5642372,ENA_SAMN07185683,CAZ,Susceptible,Susceptible,1.0,1.0
SRS2248424,Pseudomonas aeruginosa,Pseudomonas aeruginosa,0.9931032119432116,SRR5642373,ENA_SAMN07185684,CAZ,Intermediate,Susceptible,16.0,16.0
SRS2248425,Pseudomonas aeruginosa,Pseudomonas aeruginosa,0.993023337195556,SRR5642374,ENA_SAMN07185681,CAZ,Susceptible,Susceptible,1.0,1.0
SRS2248426,Pseudomonas aeruginosa,Pseudomonas aeruginosa,0.9939391233110876,SRR5642375,ENA_SAMN07185687,CAZ,Susceptible,Susceptible,0.25,0.25
SRS2248427,Pseudomonas aeruginosa,Pseudomonas aeruginosa,0.9933782574541362,SRR5642376,ENA_SAMN07185686,CAZ,Susceptible,Susceptible,1.0,1.0
SRS2248428,Pseudomonas aeruginosa,Pseudomonas aeruginosa,0.9929353529460702,SRR5642377,ENA_SAMN07185685,CAZ,Resistant,Resistant,32.0,32.0
SRS2248430,Pseudomonas aeruginosa,Pseudomonas aeruginosa,0.9891144099936408,SRR5642378,ENA_SAMN07185680,CAZ,Susceptible,Susceptible,0.5,0.5
SRS2248431,Pseudomonas aeruginosa,Pseudomonas aeruginosa,0.9931237095958312,SRR5642379,ENA_SAMN07185696,CAZ,Susceptible,Susceptible,8.0,8.0
SRS2248432,Pseudomonas aeruginosa,Pseudomonas aeruginosa,0.9934220348146586,SRR5642380,ENA_SAMN07185695,CAZ,Intermediate,Susceptible,16.0,16.0
SRS2248554,Pseudomonas aeruginosa,Pseudomonas aeruginosa,0.9880426619730696,SRR5642502,ENA_SAMN07185692,CAZ,Susceptible,Susceptible,2.0,2.0
SRS2248555,Pseudomonas aeruginosa,Pseudomonas aeruginosa,0.9926391035473544,SRR5642503,ENA_SAMN07185693,CAZ,Resistant,Resistant,32.0,32.0
SRS2248556,Pseudomonas aeruginosa,Pseudomonas aeruginosa,0.9926870361801264,SRR5642504,ENA_SAMN07185694,CAZ,Intermediate,Susceptible,16.0,16.0
SRS2248557,Pseudomonas aeruginosa,Pseudomonas aeruginosa,0.9930784838388385,SRR5642507,ENA_SAMN07185691,CAZ,Susceptible,Susceptible,2.0,2.0
SRS2248558,Pseudomonas aeruginosa,Pseudomonas aeruginosa,0.9940535451328796,SRR5642508,ENA_SAMN07185690,CAZ,Susceptible,Susceptible,8.0,8.0
SRS2248562,Pseudomonas aeruginosa,Pseudomonas aeruginosa,0.9938473365713236,SRR5642509,ENA_SAMN07185583,CAZ,Intermediate,Susceptible,16.0,16.0
SRS2248563,Pseudomonas aeruginosa,Pseudomonas aeruginosa,0.9924868327329712,SRR5642510,ENA_SAMN07185689,CAZ,Susceptible,Susceptible,0.5,0.5
SRS2248564,Pseudomonas aeruginosa,Pseudomonas aeruginosa,0.991906957092172,SRR5642511,ENA_SAMN07185578,CAZ,Susceptible,Susceptible,8.0,8.0
SRS2248565,Pseudomonas aeruginosa,Pseudomonas aeruginosa,0.992779794417852,SRR5642512,ENA_SAMN07185582,CAZ,Susceptible,Susceptible,8.0,8.0
SRS2248569,Pseudomonas aeruginosa,Pseudomonas aeruginosa,0.992584898133224,SRR5642513,ENA_SAMN07185577,CAZ,Susceptible,Susceptible,2.0,2.0
SRS2248570,Pseudomonas aeruginosa,Pseudomonas aeruginosa,0.9929953814748383,SRR5642514,ENA_SAMN07185581,CAZ,Susceptible,Susceptible,4.0,4.0
SRS2248571,Pseudomonas aeruginosa,Pseudomonas aeruginosa,0.9883690674016375,SRR5642515,ENA_SAMN07185580,CAZ,Susceptible,Susceptible,8.0,8.0
SRS2248573,Pseudomonas aeruginosa,Pseudomonas aeruginosa,0.9935642450408464,SRR5642517,ENA_SAMN07185579,CAZ,Susceptible,Susceptible,1.0,1.0
SRS2248574,Pseudomonas aeruginosa,Pseudomonas aeruginosa,0.9938581783541236,SRR5642518,ENA_SAMN07185576,CAZ,Susceptible,Susceptible,0.5,0.5
SRS2248576,Pseudomonas aeruginosa,Pseudomonas aeruginosa,0.9938955070163936,SRR5642519,ENA_SAMN07185688,CAZ,Resistant,Resistant,32.0,32.0
SRS2338425,Escherichia coli,Escherichia coli,0.9740431055878132,SRR5806880,ENA_SAMN07325903,GEN,Resistant,Resistant,16.0,16.0
SRS2338426,Escherichia coli,Escherichia coli,0.9868033916281416,SRR5806879,ENA_SAMN07325904,GEN,Susceptible,Susceptible,1.0,1.0
SRS2338428,Klebsiella pneumoniae,Klebsiella quasipneumoniae,0.969558109516181,SRR5806877,ENA_SAMN07325906,GEN,Susceptible,Susceptible,1.0,1.0
SRS2338429,Escherichia coli,Escherichia coli,0.9864767934654296,SRR5806876,ENA_SAMN07325901,GEN,Susceptible,Susceptible,1.0,1.0
SRS2338430,Escherichia coli,Escherichia coli,0.9774899467411426,SRR5806875,ENA_SAMN07325902,GEN,Resistant,Resistant,16.0,16.0
SRS2338431,Escherichia coli,Escherichia coli,0.9754649562195544,SRR5806874,ENA_SAMN07325899,GEN,Resistant,Resistant,16.0,16.0
SRS2338438,Escherichia coli,Escherichia coli,0.9733029366394952,SRR5806867,ENA_SAMN07325894,GEN,Susceptible,Susceptible,1.0,1.0
SRS2340986,Escherichia coli,Escherichia coli,0.9888807490716092,SRR5810514,ENA_SAMN07332518,GEN,Susceptible,Susceptible,1.0,1.0
SRS2340987,Escherichia coli,Escherichia coli,0.9864535915790276,SRR5810513,ENA_SAMN07332517,GEN,Susceptible,Susceptible,1.0,1.0
SRS2340988,Escherichia coli,Escherichia coli,0.9862505969367772,SRR5810512,ENA_SAMN07332520,GEN,Intermediate,Susceptible,4.0,4.0
SRS2340989,Escherichia coli,Escherichia coli,0.9862473691978778,SRR5810510,ENA_SAMN07332516,GEN,Intermediate,Susceptible,4.0,4.0
SRS2340990,Escherichia coli,Escherichia coli,0.9780474974462964,SRR5810511,ENA_SAMN07332519,GEN,Susceptible,Susceptible,1.0,1.0
SRS2340995,Escherichia coli,Escherichia coli,0.973082181149666,SRR5810505,ENA_SAMN07332509,GEN,Susceptible,Susceptible,1.0,1.0
SRS2340996,Escherichia coli,Escherichia coli,0.9736260865469,SRR5810504,ENA_SAMN07332512,GEN,Susceptible,Susceptible,1.0,1.0
SRS2355287,Neisseria gonorrhoeae,Neisseria gonorrhoeae,0.9972567435480943,SRR5827272,ENA_SAMN07351257,TET,Resistant,Resistant,16.0,16.0
SRS2355288,Neisseria gonorrhoeae,Neisseria gonorrhoeae,0.9974075677462992,SRR5827271,ENA_SAMN07351256,TET,Susceptible,Susceptible,0.25,0.25
SRS2355295,Neisseria gonorrhoeae,Neisseria gonorrhoeae,0.9979072809685628,SRR5827264,ENA_SAMN07351261,TET,Susceptible,Susceptible,0.12,0.12
SRS2355299,Neisseria gonorrhoeae,Neisseria gonorrhoeae,0.9972857801419944,SRR5827260,ENA_SAMN07350948,TET,Intermediate,Susceptible,1.0,1.0
SRS2355302,Neisseria gonorrhoeae,Neisseria gonorrhoeae,0.9969632515513744,SRR5827257,ENA_SAMN07350945,TET,Susceptible,Susceptible,0.12,0.12
SRS2355304,Neisseria gonorrhoeae,Neisseria gonorrhoeae,0.9978711715327484,SRR5827255,ENA_SAMN07350943,TET,Susceptible,Susceptible,0.25,0.25
SRS2355307,Neisseria gonorrhoeae,Neisseria gonorrhoeae,0.9978680895512868,SRR5827252,ENA_SAMN07350950,TET,Susceptible,Susceptible,0.25,0.25
SRS2355319,Neisseria gonorrhoeae,Neisseria gonorrhoeae,0.9979627421202578,SRR5827240,ENA_SAMN07351020,TET,Susceptible,Susceptible,0.25,0.25
SRS2355321,Neisseria gonorrhoeae,Neisseria gonorrhoeae,0.9969076610779708,SRR5827238,ENA_SAMN07351012,TET,Susceptible,Susceptible,0.06,0.06
SRS2355322,Neisseria gonorrhoeae,Neisseria gonorrhoeae,0.9969602762870682,SRR5827237,ENA_SAMN07351015,TET,Susceptible,Susceptible,0.25,0.25
SRS2355323,Neisseria gonorrhoeae,Neisseria gonorrhoeae,0.9979212783281172,SRR5827235,ENA_SAMN07351017,TET,Susceptible,Susceptible,0.25,0.25
SRS2355324,Neisseria gonorrhoeae,Neisseria gonorrhoeae,0.99652136385674,SRR5827236,ENA_SAMN07351014,TET,Resistant,Resistant,16.0,16.0
SRS2355327,Neisseria gonorrhoeae,Neisseria gonorrhoeae,0.9972340093624384,SRR5827232,ENA_SAMN07351018,TET,Susceptible,Susceptible,0.25,0.25
SRS2355329,Neisseria gonorrhoeae,Neisseria gonorrhoeae,0.9969881602151088,SRR5827229,ENA_SAMN07351162,TET,Resistant,Resistant,16.0,16.0
SRS2355330,Neisseria gonorrhoeae,Neisseria gonorrhoeae,0.997023691757246,SRR5827231,ENA_SAMN07351163,TET,Susceptible,Susceptible,0.12,0.12
SRS2355334,Neisseria gonorrhoeae,Neisseria gonorrhoeae,0.9979477481261904,SRR5827224,ENA_SAMN07351295,TET,Susceptible,Susceptible,0.12,0.12
SRS2355337,Neisseria gonorrhoeae,Neisseria gonorrhoeae,0.9972330328559532,SRR5827222,ENA_SAMN07351297,TET,Susceptible,Susceptible,0.12,0.12
SRS2355338,Neisseria gonorrhoeae,Neisseria gonorrhoeae,0.9965254730591574,SRR5827221,ENA_SAMN07351296,TET,Resistant,Resistant,32.0,32.0
SRS2355343,Neisseria gonorrhoeae,Neisseria gonorrhoeae,0.9978851765308988,SRR5827217,ENA_SAMN07351153,TET,Susceptible,Susceptible,0.25,0.25
SRS2355344,Neisseria gonorrhoeae,Neisseria gonorrhoeae,0.9966615654898088,SRR5827214,ENA_SAMN07351156,TET,Resistant,Resistant,2.0,2.0
SRS2355345,Neisseria gonorrhoeae,Neisseria gonorrhoeae,0.9978817453965726,SRR5827215,ENA_SAMN07351155,TET,Susceptible,Susceptible,0.25,0.25
SRS2355346,Neisseria gonorrhoeae,Neisseria gonorrhoeae,0.9978937107490956,SRR5827212,ENA_SAMN07351158,TET,Susceptible,Susceptible,0.25,0.25
SRS2355347,Neisseria gonorrhoeae,Neisseria gonorrhoeae,0.9963666882328284,SRR5827211,ENA_SAMN07351159,TET,Intermediate,Susceptible,1.0,1.0
SRS2355348,Neisseria gonorrhoeae,Neisseria gonorrhoeae,0.9979242740034188,SRR5827213,ENA_SAMN07351157,TET,Susceptible,Susceptible,0.25,0.25
SRS2355349,Neisseria gonorrhoeae,Neisseria gonorrhoeae,0.997922277847164,SRR5827210,ENA_SAMN07351160,TET,Susceptible,Susceptible,0.25,0.25
SRS2355351,Neisseria gonorrhoeae,Neisseria gonorrhoeae,0.9972848738777887,SRR5827208,ENA_SAMN07351133,TET,Susceptible,Susceptible,0.25,0.25
SRS2355352,Neisseria gonorrhoeae,Neisseria gonorrhoeae,0.9979627421202578,SRR5827207,ENA_SAMN07351132,TET,Susceptible,Susceptible,0.25,0.25
SRS2355357,Neisseria gonorrhoeae,Neisseria gonorrhoeae,0.996758260513386,SRR5827202,ENA_SAMN07351171,TET,Intermediate,Susceptible,1.0,1.0
SRS2355359,Neisseria gonorrhoeae,Neisseria gonorrhoeae,0.9965625404823824,SRR5827201,ENA_SAMN07351312,TET,Resistant,Resistant,32.0,32.0
SRS2355361,Neisseria gonorrhoeae,Neisseria gonorrhoeae,0.9970531184603916,SRR5827197,ENA_SAMN07351229,TET,Susceptible,Susceptible,0.12,0.12
SRS2355365,Neisseria gonorrhoeae,Neisseria gonorrhoeae,0.9963972442018482,SRR5827194,ENA_SAMN07351226,TET,Susceptible,Susceptible,0.12,0.12
SRS2355366,Neisseria gonorrhoeae,Neisseria gonorrhoeae,0.9969977392440228,SRR5827193,ENA_SAMN07351225,TET,Intermediate,Susceptible,0.5,0.5
SRS2355369,Neisseria gonorrhoeae,Neisseria gonorrhoeae,0.9972822354141596,SRR5827190,ENA_SAMN07351222,TET,Susceptible,Susceptible,0.12,0.12
SRS2355370,Neisseria gonorrhoeae,Neisseria gonorrhoeae,0.9972844586218096,SRR5827189,ENA_SAMN07351231,TET,Intermediate,Susceptible,1.0,1.0
SRS2355371,Neisseria gonorrhoeae,Neisseria gonorrhoeae,0.99660956240677,SRR5827188,ENA_SAMN07351230,TET,Intermediate,Susceptible,0.5,0.5
SRS2355375,Neisseria gonorrhoeae,Neisseria gonorrhoeae,0.9969659457221668,SRR5827184,ENA_SAMN07351182,TET,Susceptible,Susceptible,0.12,0.12
SRS2355376,Neisseria gonorrhoeae,Neisseria gonorrhoeae,0.9972996995697548,SRR5827183,ENA_SAMN07351022,TET,Susceptible,Susceptible,0.12,0.12
SRS2355378,Neisseria gonorrhoeae,Neisseria gonorrhoeae,0.9971978070019708,SRR5827180,ENA_SAMN07351025,TET,Susceptible,Susceptible,0.12,0.12
SRS2355381,Neisseria gonorrhoeae,Neisseria gonorrhoeae,0.9972461072772688,SRR5827178,ENA_SAMN07351190,TET,Susceptible,Susceptible,0.12,0.12
SRS2355386,Neisseria gonorrhoeae,Neisseria gonorrhoeae,0.9979287829627288,SRR5827173,ENA_SAMN07351196,TET,Susceptible,Susceptible,0.25,0.25
SRS2355387,Neisseria gonorrhoeae,Neisseria gonorrhoeae,0.996445199791428,SRR5827172,ENA_SAMN07351197,TET,Intermediate,Susceptible,0.5,0.5
SRS2355390,Neisseria gonorrhoeae,Neisseria gonorrhoeae,0.9972604491253618,SRR5827169,ENA_SAMN07351192,TET,Resistant,Resistant,2.0,2.0
SRS2355393,Neisseria gonorrhoeae,Neisseria gonorrhoeae,0.9970942901601444,SRR5827166,ENA_SAMN07351100,TET,Susceptible,Susceptible,0.12,0.12
SRS2355394,Neisseria gonorrhoeae,Neisseria gonorrhoeae,0.9972162603447216,SRR5827165,ENA_SAMN07351099,TET,Susceptible,Susceptible,0.12,0.12
SRS2355395,Neisseria gonorrhoeae,Neisseria gonorrhoeae,0.9972176177316991,SRR5827164,ENA_SAMN07351098,TET,Susceptible,Susceptible,0.12,0.12
SRS2355396,Neisseria gonorrhoeae,Neisseria gonorrhoeae,0.9966488440081062,SRR5827163,ENA_SAMN07351097,TET,Resistant,Resistant,16.0,16.0
SRS2355397,Neisseria gonorrhoeae,Neisseria gonorrhoeae,0.9972340093624384,SRR5827162,ENA_SAMN07351096,TET,Susceptible,Susceptible,0.25,0.25
SRS2355399,Neisseria gonorrhoeae,Neisseria gonorrhoeae,0.9973086085011228,SRR5827157,ENA_SAMN07350968,TET,Susceptible,Susceptible,0.12,0.12
SRS2355400,Neisseria gonorrhoeae,Neisseria gonorrhoeae,0.9969634222772764,SRR5827160,ENA_SAMN07351094,TET,Susceptible,Susceptible,0.25,0.25
SRS2355401,Neisseria gonorrhoeae,Neisseria gonorrhoeae,0.9964189503845572,SRR5827159,ENA_SAMN07351093,TET,Susceptible,Susceptible,0.25,0.25
SRS2355405,Neisseria gonorrhoeae,Neisseria gonorrhoeae,0.9979297789918344,SRR5827151,ENA_SAMN07350962,TET,Susceptible,Susceptible,0.25,0.25
SRS2355406,Neisseria gonorrhoeae,Neisseria gonorrhoeae,0.996891022425926,SRR5827154,ENA_SAMN07350967,TET,Susceptible,Susceptible,0.12,0.12
SRS2355408,Neisseria gonorrhoeae,Neisseria gonorrhoeae,0.9972715913614904,SRR5827150,ENA_SAMN07350963,TET,Susceptible,Susceptible,0.06,0.06
SRS2355409,Neisseria gonorrhoeae,Neisseria gonorrhoeae,0.9970856232919504,SRR5827152,ENA_SAMN07350965,TET,Susceptible,Susceptible,0.12,0.12
SRS2355410,Neisseria gonorrhoeae,Neisseria gonorrhoeae,0.9971073923496366,SRR5827149,ENA_SAMN07350970,TET,Resistant,Resistant,16.0,16.0
SRS2355412,Neisseria gonorrhoeae,Neisseria gonorrhoeae,0.9963166013491412,SRR5827148,ENA_SAMN07350971,TET,Resistant,Resistant,32.0,32.0
SRS2355414,Neisseria gonorrhoeae,Neisseria gonorrhoeae,0.9970676126284416,SRR5827145,ENA_SAMN07351263,TET,Susceptible,Susceptible,0.25,0.25
SRS2355416,Neisseria gonorrhoeae,Neisseria gonorrhoeae,0.997963720401616,SRR5827143,ENA_SAMN07351265,TET,Susceptible,Susceptible,0.12,0.12
SRS2355417,Neisseria gonorrhoeae,Neisseria gonorrhoeae,0.996487139642754,SRR5827142,ENA_SAMN07351266,TET,Intermediate,Susceptible,0.5,0.5
SRS2355418,Neisseria gonorrhoeae,Neisseria gonorrhoeae,0.997038222451065,SRR5827141,ENA_SAMN07351267,TET,Resistant,Resistant,2.0,2.0
SRS2355422,Neisseria gonorrhoeae,Neisseria gonorrhoeae,0.9972871003758071,SRR5827137,ENA_SAMN07351271,TET,Susceptible,Susceptible,0.12,0.12
SRS2355423,Neisseria gonorrhoeae,Neisseria gonorrhoeae,0.9979137754990504,SRR5827138,ENA_SAMN07351270,TET,Susceptible,Susceptible,0.12,0.12
SRS2355433,Neisseria gonorrhoeae,Neisseria gonorrhoeae,0.9978997852329248,SRR5827126,ENA_SAMN07351010,TET,Susceptible,Susceptible,0.25,0.25
SRS2355434,Neisseria gonorrhoeae,Neisseria gonorrhoeae,0.9970229589024944,SRR5827125,ENA_SAMN07351011,TET,Susceptible,Susceptible,0.12,0.12
SRS2355435,Neisseria gonorrhoeae,Neisseria gonorrhoeae,0.9973948686584344,SRR5827124,ENA_SAMN07351004,TET,Resistant,Resistant,2.0,2.0
SRS2355439,Neisseria gonorrhoeae,Neisseria gonorrhoeae,0.9972934442298782,SRR5827120,ENA_SAMN07351008,TET,Susceptible,Susceptible,0.12,0.12
SRS2355440,Neisseria gonorrhoeae,Neisseria gonorrhoeae,0.9970200543129004,SRR5827119,ENA_SAMN07351009,TET,Susceptible,Susceptible,0.12,0.12
SRS2355441,Neisseria gonorrhoeae,Neisseria gonorrhoeae,0.9969543705091326,SRR5827118,ENA_SAMN07351006,TET,Intermediate,Susceptible,0.5,0.5
SRS2355442,Neisseria gonorrhoeae,Neisseria gonorrhoeae,0.9972081502025968,SRR5827117,ENA_SAMN07351007,TET,Susceptible,Susceptible,0.12,0.12
SRS2355443,Neisseria gonorrhoeae,Neisseria gonorrhoeae,0.9979627421202578,SRR5827116,ENA_SAMN07351306,TET,Susceptible,Susceptible,0.25,0.25
SRS2355444,Neisseria gonorrhoeae,Neisseria gonorrhoeae,0.9971530362571428,SRR5827115,ENA_SAMN07351307,TET,Resistant,Resistant,8.0,8.0
SRS2355447,Neisseria gonorrhoeae,Neisseria gonorrhoeae,0.9968797816500388,SRR5827112,ENA_SAMN07351302,TET,Resistant,Resistant,2.0,2.0
SRS2355448,Neisseria gonorrhoeae,Neisseria gonorrhoeae,0.9973709412962324,SRR5827111,ENA_SAMN07351303,TET,Resistant,Resistant,2.0,2.0
SRS2355455,Neisseria gonorrhoeae,Neisseria gonorrhoeae,0.9964394030286408,SRR5827104,ENA_SAMN07351310,TET,Intermediate,Susceptible,1.0,1.0
SRS2355456,Neisseria gonorrhoeae,Neisseria gonorrhoeae,0.9974063113892936,SRR5827103,ENA_SAMN07351311,TET,Susceptible,Susceptible,0.12,0.12
SRS2355459,Neisseria gonorrhoeae,Neisseria gonorrhoeae,0.996350910127664,SRR5827099,ENA_SAMN07351109,TET,Resistant,Resistant,32.0,32.0
SRS2355462,Neisseria gonorrhoeae,Neisseria gonorrhoeae,0.9969704578986792,SRR5827097,ENA_SAMN07351107,TET,Resistant,Resistant,16.0,16.0
SRS2355465,Neisseria gonorrhoeae,Neisseria gonorrhoeae,0.9972884193251268,SRR5827094,ENA_SAMN07351102,TET,Resistant,Resistant,2.0,2.0
SRS2355467,Neisseria gonorrhoeae,Neisseria gonorrhoeae,0.997041137344549,SRR5827092,ENA_SAMN07351110,TET,Intermediate,Susceptible,0.5,0.5
SRS2355468,Neisseria gonorrhoeae,Neisseria gonorrhoeae,0.9970437103994236,SRR5827090,ENA_SAMN07351304,TET,Intermediate,Susceptible,0.5,0.5
SRS2355469,Neisseria gonorrhoeae,Neisseria gonorrhoeae,0.9979112972824928,SRR5827089,ENA_SAMN07351305,TET,Susceptible,Susceptible,0.12,0.12
SRS2355471,Neisseria gonorrhoeae,Neisseria gonorrhoeae,0.9973834867845413,SRR5827088,ENA_SAMN07351220,TET,Resistant,Resistant,2.0,2.0
SRS2355472,Neisseria gonorrhoeae,Neisseria gonorrhoeae,0.9969872820516038,SRR5827087,ENA_SAMN07351145,TET,Susceptible,Susceptible,0.25,0.25
SRS2355475,Neisseria gonorrhoeae,Neisseria gonorrhoeae,0.9966466432843816,SRR5827086,ENA_SAMN07351144,TET,Intermediate,Susceptible,0.5,0.5
SRS2355476,Neisseria gonorrhoeae,Neisseria gonorrhoeae,0.9973948686584344,SRR5827083,ENA_SAMN07351328,TET,Resistant,Resistant,2.0,2.0
SRS2355478,Neisseria gonorrhoeae,Neisseria gonorrhoeae,0.9979232764051358,SRR5827081,ENA_SAMN07351326,TET,Susceptible,Susceptible,0.25,0.25
SRS2355479,Neisseria gonorrhoeae,Neisseria gonorrhoeae,0.9970497572091992,SRR5827080,ENA_SAMN07351327,TET,Intermediate,Susceptible,0.5,0.5
SRS2355482,Neisseria gonorrhoeae,Neisseria gonorrhoeae,0.9974112381790344,SRR5827077,ENA_SAMN07351322,TET,Resistant,Resistant,2.0,2.0
SRS2355483,Neisseria gonorrhoeae,Neisseria gonorrhoeae,0.9975264845836248,SRR5827076,ENA_SAMN07351323,TET,Intermediate,Susceptible,1.0,1.0
SRS2355487,Neisseria gonorrhoeae,Neisseria gonorrhoeae,0.9971525400568988,SRR5827072,ENA_SAMN07351195,TET,Susceptible,Susceptible,0.12,0.12
SRS2355491,Neisseria gonorrhoeae,Neisseria gonorrhoeae,0.997873221239533,SRR5827068,ENA_SAMN07351185,TET,Susceptible,Susceptible,0.12,0.12
SRS2355492,Neisseria gonorrhoeae,Neisseria gonorrhoeae,0.9970263493962782,SRR5827067,ENA_SAMN07351184,TET,Susceptible,Susceptible,0.12,0.12
SRS2355493,Neisseria gonorrhoeae,Neisseria gonorrhoeae,0.9971494551128918,SRR5827066,ENA_SAMN07351070,TET,Susceptible,Susceptible,0.25,0.25
SRS2355494,Neisseria gonorrhoeae,Neisseria gonorrhoeae,0.9970697281614116,SRR5827065,ENA_SAMN07351071,TET,Resistant,Resistant,8.0,8.0
SRS2355495,Neisseria gonorrhoeae,Neisseria gonorrhoeae,0.9969750945496516,SRR5827064,ENA_SAMN07351189,TET,Intermediate,Susceptible,0.5,0.5
SRS2355496,Neisseria gonorrhoeae,Neisseria gonorrhoeae,0.9979157805493488,SRR5827061,ENA_SAMN07351186,TET,Susceptible,Susceptible,0.12,0.12
SRS2355497,Neisseria gonorrhoeae,Neisseria gonorrhoeae,0.9968883986201752,SRR5827063,ENA_SAMN07351188,TET,Susceptible,Susceptible,0.12,0.12
SRS2355502,Neisseria gonorrhoeae,Neisseria gonorrhoeae,0.9971028234836968,SRR5827055,ENA_SAMN07351069,TET,Susceptible,Susceptible,0.25,0.25
SRS2355503,Neisseria gonorrhoeae,Neisseria gonorrhoeae,0.9964149476427466,SRR5827056,ENA_SAMN07351068,TET,Intermediate,Susceptible,0.5,0.5
SRS2355508,Neisseria gonorrhoeae,Neisseria gonorrhoeae,0.9971209317256478,SRR5827050,ENA_SAMN07350955,TET,Resistant,Resistant,16.0,16.0
SRS2355509,Neisseria gonorrhoeae,Neisseria gonorrhoeae,0.9978121997367528,SRR5827049,ENA_SAMN07350954,TET,Susceptible,Susceptible,0.12,0.12
SRS2355513,Neisseria gonorrhoeae,Neisseria gonorrhoeae,0.9978444952920512,SRR5827045,ENA_SAMN07350958,TET,Susceptible,Susceptible,0.12,0.12
SRS2355515,Neisseria gonorrhoeae,Neisseria gonorrhoeae,0.9972934442298782,SRR5827046,ENA_SAMN07350959,TET,Susceptible,Susceptible,0.12,0.12
SRS2355517,Neisseria gonorrhoeae,Neisseria gonorrhoeae,0.9978947256029428,SRR5827042,ENA_SAMN07350961,TET,Susceptible,Susceptible,0.25,0.25
SRS2355518,Neisseria gonorrhoeae,Neisseria gonorrhoeae,0.9978442595077344,SRR5827040,ENA_SAMN07351281,TET,Susceptible,Susceptible,0.25,0.25
SRS2355522,Neisseria gonorrhoeae,Neisseria gonorrhoeae,0.9964060227351104,SRR5827037,ENA_SAMN07351278,TET,Intermediate,Susceptible,1.0,1.0
SRS2355523,Neisseria gonorrhoeae,Neisseria gonorrhoeae,0.9978882315922656,SRR5827035,ENA_SAMN07351276,TET,Susceptible,Susceptible,0.12,0.12
SRS2355524,Neisseria gonorrhoeae,Neisseria gonorrhoeae,0.99727293319194,SRR5827036,ENA_SAMN07351277,TET,Susceptible,Susceptible,0.06,0.06
SRS2355525,Neisseria gonorrhoeae,Neisseria gonorrhoeae,0.9973860426810396,SRR5827034,ENA_SAMN07351275,TET,Resistant,Resistant,2.0,2.0
SRS2355526,Neisseria gonorrhoeae,Neisseria gonorrhoeae,0.9973772102136856,SRR5827033,ENA_SAMN07351274,TET,Resistant,Resistant,2.0,2.0
SRS2355529,Neisseria gonorrhoeae,Neisseria gonorrhoeae,0.9965668829574892,SRR5827030,ENA_SAMN07351178,TET,Intermediate,Susceptible,0.5,0.5
SRS2355533,Neisseria gonorrhoeae,Neisseria gonorrhoeae,0.9978380206016684,SRR5827026,ENA_SAMN07351174,TET,Susceptible,Susceptible,0.12,0.12
SRS2355534,Neisseria gonorrhoeae,Neisseria gonorrhoeae,0.9979998906092592,SRR5827023,ENA_SAMN07351173,TET,Susceptible,Susceptible,0.06,0.06
SRS2355535,Neisseria gonorrhoeae,Neisseria gonorrhoeae,0.9978486485958372,SRR5827024,ENA_SAMN07351172,TET,Susceptible,Susceptible,0.12,0.12
SRS2355537,Neisseria gonorrhoeae,Neisseria gonorrhoeae,0.9970304515412656,SRR5827022,ENA_SAMN07351180,TET,Intermediate,Susceptible,0.5,0.5
SRS2355538,Neisseria gonorrhoeae,Neisseria gonorrhoeae,0.9964153857544116,SRR5827021,ENA_SAMN07351181,TET,Intermediate,Susceptible,0.5,0.5
SRS2355539,Neisseria gonorrhoeae,Neisseria gonorrhoeae,0.9963724667022024,SRR5827020,ENA_SAMN07350999,TET,Intermediate,Susceptible,1.0,1.0
SRS2355541,Neisseria gonorrhoeae,Neisseria gonorrhoeae,0.9972822354141596,SRR5827018,ENA_SAMN07350997,TET,Susceptible,Susceptible,0.25,0.25
SRS2355545,Neisseria gonorrhoeae,Neisseria gonorrhoeae,0.9966549498415246,SRR5827412,ENA_SAMN07350993,TET,Resistant,Resistant,2.0,2.0
SRS2355546,Neisseria gonorrhoeae,Neisseria gonorrhoeae,0.9978465739473028,SRR5827411,ENA_SAMN07350992,TET,Susceptible,Susceptible,0.25,0.25
SRS2355553,Neisseria gonorrhoeae,Neisseria gonorrhoeae,0.9965261436038484,SRR5827403,ENA_SAMN07351318,TET,Intermediate,Susceptible,1.0,1.0
SRS2355554,Neisseria gonorrhoeae,Neisseria gonorrhoeae,0.9964545293585771,SRR5827404,ENA_SAMN07351319,TET,Intermediate,Susceptible,1.0,1.0
SRS2355555,Neisseria gonorrhoeae,Neisseria gonorrhoeae,0.9973683712488794,SRR5827402,ENA_SAMN07351317,TET,Resistant,Resistant,2.0,2.0
SRS2355556,Neisseria gonorrhoeae,Neisseria gonorrhoeae,0.997955244222102,SRR5827401,ENA_SAMN07351316,TET,Susceptible,Susceptible,0.25,0.25
SRS2355558,Neisseria gonorrhoeae,Neisseria gonorrhoeae,0.997914778506358,SRR5827399,ENA_SAMN07351215,TET,Susceptible,Susceptible,0.25,0.25
SRS2355559,Neisseria gonorrhoeae,Neisseria gonorrhoeae,0.997471550851482,SRR5827398,ENA_SAMN07351321,TET,Intermediate,Susceptible,1.0,1.0
SRS2355560,Neisseria gonorrhoeae,Neisseria gonorrhoeae,0.9978701451965316,SRR5827395,ENA_SAMN07351219,TET,Susceptible,Susceptible,0.12,0.12
SRS2355562,Neisseria gonorrhoeae,Neisseria gonorrhoeae,0.9972702482091268,SRR5827393,ENA_SAMN07351217,TET,Susceptible,Susceptible,0.06,0.06
SRS2355564,Neisseria gonorrhoeae,Neisseria gonorrhoeae,0.997322767705216,SRR5827396,ENA_SAMN07351218,TET,Resistant,Resistant,4.0,4.0
SRS2355565,Neisseria gonorrhoeae,Neisseria gonorrhoeae,0.9970690233232316,SRR5827391,ENA_SAMN07351116,TET,Intermediate,Susceptible,1.0,1.0
SRS2355569,Neisseria gonorrhoeae,Neisseria gonorrhoeae,0.9974036881533526,SRR5827385,ENA_SAMN07351114,TET,Intermediate,Susceptible,1.0,1.0
SRS2355571,Neisseria gonorrhoeae,Neisseria gonorrhoeae,0.9967679500545094,SRR5827384,ENA_SAMN07351121,TET,Susceptible,Susceptible,0.12,0.12
SRS2355573,Neisseria gonorrhoeae,Neisseria gonorrhoeae,0.9971115952578432,SRR5827383,ENA_SAMN07351120,TET,Resistant,Resistant,32.0,32.0
SRS2355574,Neisseria gonorrhoeae,Neisseria gonorrhoeae,0.9972769507713056,SRR5827387,ENA_SAMN07351112,TET,Susceptible,Susceptible,0.12,0.12
SRS2355578,Neisseria gonorrhoeae,Neisseria gonorrhoeae,0.9964911804145083,SRR5827380,ENA_SAMN07351246,TET,Resistant,Resistant,16.0,16.0
SRS2355579,Neisseria gonorrhoeae,Neisseria gonorrhoeae,0.997351969051882,SRR5827376,ENA_SAMN07351242,TET,Intermediate,Susceptible,0.5,0.5
SRS2355580,Neisseria gonorrhoeae,Neisseria gonorrhoeae,0.9978196930696174,SRR5827379,ENA_SAMN07351247,TET,Susceptible,Susceptible,0.12,0.12
SRS2355583,Neisseria gonorrhoeae,Neisseria gonorrhoeae,0.9968763833584522,SRR5827374,ENA_SAMN07351250,TET,Resistant,Resistant,32.0,32.0
SRS2355584,Neisseria gonorrhoeae,Neisseria gonorrhoeae,0.9965092647731152,SRR5827372,ENA_SAMN07351337,TET,Intermediate,Susceptible,1.0,1.0
SRS2355585,Neisseria gonorrhoeae,Neisseria gonorrhoeae,0.997957206809566,SRR5827370,ENA_SAMN07351339,TET,Susceptible,Susceptible,0.12,0.12
SRS2355587,Neisseria gonorrhoeae,Neisseria gonorrhoeae,0.997208738271698,SRR5827371,ENA_SAMN07351336,TET,Susceptible,Susceptible,0.25,0.25
SRS2355590,Neisseria gonorrhoeae,Neisseria gonorrhoeae,0.996966220992729,SRR5827368,ENA_SAMN07351333,TET,Susceptible,Susceptible,0.12,0.12
SRS2355591,Neisseria gonorrhoeae,Neisseria gonorrhoeae,0.9979097537987472,SRR5827366,ENA_SAMN07351335,TET,Susceptible,Susceptible,0.25,0.25
SRS2355595,Neisseria gonorrhoeae,Neisseria gonorrhoeae,0.9964095980307884,SRR5827364,ENA_SAMN07351141,TET,Intermediate,Susceptible,1.0,1.0
SRS2355597,Neisseria gonorrhoeae,Neisseria gonorrhoeae,0.9979497176744456,SRR5827360,ENA_SAMN07351073,TET,Susceptible,Susceptible,0.12,0.12
SRS2355599,Neisseria gonorrhoeae,Neisseria gonorrhoeae,0.9964149476427466,SRR5827359,ENA_SAMN07351072,TET,Intermediate,Susceptible,0.5,0.5
SRS2355602,Neisseria gonorrhoeae,Neisseria gonorrhoeae,0.9979018022795292,SRR5827354,ENA_SAMN07351079,TET,Susceptible,Susceptible,0.03,0.06
SRS2355603,Neisseria gonorrhoeae,Neisseria gonorrhoeae,0.9970457379656504,SRR5827353,ENA_SAMN07351078,TET,Susceptible,Susceptible,0.06,0.06
SRS2355604,Neisseria gonorrhoeae,Neisseria gonorrhoeae,0.9970853966241416,SRR5827352,ENA_SAMN07351135,TET,Susceptible,Susceptible,0.12,0.12
SRS2355606,Neisseria gonorrhoeae,Neisseria gonorrhoeae,0.996573485330422,SRR5827350,ENA_SAMN07351290,TET,Resistant,Resistant,16.0,16.0
SRS2355609,Neisseria gonorrhoeae,Neisseria gonorrhoeae,0.997978714635664,SRR5827348,ENA_SAMN07351284,TET,Susceptible,Susceptible,0.25,0.25
SRS2355610,Neisseria gonorrhoeae,Neisseria gonorrhoeae,0.9973873187566638,SRR5827347,ENA_SAMN07351285,TET,Intermediate,Susceptible,1.0,1.0
SRS2355613,Neisseria gonorrhoeae,Neisseria gonorrhoeae,0.9963671492921748,SRR5827344,ENA_SAMN07351288,TET,Susceptible,Susceptible,0.12,0.12
SRS2355615,Neisseria gonorrhoeae,Neisseria gonorrhoeae,0.997203212852389,SRR5827342,ENA_SAMN07351286,TET,Resistant,Resistant,16.0,16.0
SRS2355616,Neisseria gonorrhoeae,Neisseria gonorrhoeae,0.9973913222646894,SRR5827339,ENA_SAMN07351166,TET,Susceptible,Susceptible,0.12,0.12
SRS2355618,Neisseria gonorrhoeae,Neisseria gonorrhoeae,0.9964251418016346,SRR5827341,ENA_SAMN07351287,TET,Susceptible,Susceptible,0.06,0.06
SRS2355619,Neisseria gonorrhoeae,Neisseria gonorrhoeae,0.9978036514678408,SRR5827340,ENA_SAMN07351167,TET,Susceptible,Susceptible,0.12,0.12
SRS2355620,Neisseria gonorrhoeae,Neisseria gonorrhoeae,0.9972239347301612,SRR5827337,ENA_SAMN07351168,TET,Resistant,Resistant,2.0,2.0
SRS2355622,Neisseria gonorrhoeae,Neisseria gonorrhoeae,0.9966296909230576,SRR5827335,ENA_SAMN07351131,TET,Intermediate,Susceptible,0.5,0.5
SRS2355623,Neisseria gonorrhoeae,Neisseria gonorrhoeae,0.9972367035230608,SRR5827334,ENA_SAMN07351165,TET,Intermediate,Susceptible,1.0,1.0
SRS2355627,Neisseria gonorrhoeae,Neisseria gonorrhoeae,0.9974163131897046,SRR5827331,ENA_SAMN07351127,TET,Susceptible,Susceptible,0.12,0.12
SRS2355628,Neisseria gonorrhoeae,Neisseria gonorrhoeae,0.996803991619194,SRR5827329,ENA_SAMN07351129,TET,Resistant,Resistant,16.0,16.0
SRS2355629,Neisseria gonorrhoeae,Neisseria gonorrhoeae,0.9971087946783228,SRR5827327,ENA_SAMN07351123,TET,Resistant,Resistant,16.0,16.0
SRS2355632,Neisseria gonorrhoeae,Neisseria gonorrhoeae,0.997948733373249,SRR5827325,ENA_SAMN07351125,TET,Susceptible,Susceptible,0.12,0.12
SRS2355637,Neisseria gonorrhoeae,Neisseria gonorrhoeae,0.9969769270340828,SRR5827318,ENA_SAMN07351235,TET,Intermediate,Susceptible,1.0,1.0
SRS2355638,Neisseria gonorrhoeae,Neisseria gonorrhoeae,0.997006520483636,SRR5827322,ENA_SAMN07351241,TET,Intermediate,Susceptible,0.5,0.5
SRS2355640,Neisseria gonorrhoeae,Neisseria gonorrhoeae,0.9971185319544956,SRR5827317,ENA_SAMN07351236,TET,Intermediate,Susceptible,0.5,0.5
SRS2355644,Neisseria gonorrhoeae,Neisseria gonorrhoeae,0.9978721968799392,SRR5827313,ENA_SAMN07350982,TET,Susceptible,Susceptible,0.25,0.25
SRS2355651,Neisseria gonorrhoeae,Neisseria gonorrhoeae,0.9973264066179196,SRR5827306,ENA_SAMN07350989,TET,Susceptible,Susceptible,0.12,0.12
SRS2355653,Neisseria gonorrhoeae,Neisseria gonorrhoeae,0.9969920153709266,SRR5827305,ENA_SAMN07350990,TET,Intermediate,Susceptible,0.5,0.5
SRS2355654,Neisseria gonorrhoeae,Neisseria gonorrhoeae,0.997930774063109,SRR5827303,ENA_SAMN07351211,TET,Susceptible,Susceptible,0.25,0.25
SRS2355655,Neisseria gonorrhoeae,Neisseria gonorrhoeae,0.9970131635543642,SRR5827300,ENA_SAMN07351202,TET,Susceptible,Susceptible,0.12,0.12
SRS2355657,Neisseria gonorrhoeae,Neisseria gonorrhoeae,0.9973683712488794,SRR5827301,ENA_SAMN07351203,TET,Resistant,Resistant,2.0,2.0
SRS2355659,Neisseria gonorrhoeae,Neisseria gonorrhoeae,0.9965364665556498,SRR5827299,ENA_SAMN07351205,TET,Susceptible,Susceptible,0.12,0.12
SRS2355660,Neisseria gonorrhoeae,Neisseria gonorrhoeae,0.9969946351354116,SRR5827296,ENA_SAMN07351206,TET,Intermediate,Susceptible,0.5,0.5
SRS2355663,Neisseria gonorrhoeae,Neisseria gonorrhoeae,0.997955244222102,SRR5827293,ENA_SAMN07351082,TET,Susceptible,Susceptible,0.12,0.12
SRS2355665,Neisseria gonorrhoeae,Neisseria gonorrhoeae,0.996790729130134,SRR5827291,ENA_SAMN07351084,TET,Resistant,Resistant,32.0,32.0
SRS2355666,Neisseria gonorrhoeae,Neisseria gonorrhoeae,0.9979627421202578,SRR5827294,ENA_SAMN07351208,TET,Susceptible,Susceptible,0.12,0.12
SRS2355669,Neisseria gonorrhoeae,Neisseria gonorrhoeae,0.996984191879232,SRR5827288,ENA_SAMN07351087,TET,Susceptible,Susceptible,0.12,0.12
SRS2355670,Neisseria gonorrhoeae,Neisseria gonorrhoeae,0.9970081785079904,SRR5827287,ENA_SAMN07351088,TET,Susceptible,Susceptible,0.12,0.12
SRS2355671,Neisseria gonorrhoeae,Neisseria gonorrhoeae,0.9972773810725958,SRR5827285,ENA_SAMN07351090,TET,Susceptible,Susceptible,0.25,0.25
SRS2355672,Neisseria gonorrhoeae,Neisseria gonorrhoeae,0.9972972403755817,SRR5827284,ENA_SAMN07351091,TET,Resistant,Resistant,2.0,2.0
SRS2355673,Neisseria gonorrhoeae,Neisseria gonorrhoeae,0.9972340093624384,SRR5827286,ENA_SAMN07351089,TET,Susceptible,Susceptible,0.25,0.25
SRS2355677,Neisseria gonorrhoeae,Neisseria gonorrhoeae,0.996395461040763,SRR5827279,ENA_SAMN07350973,TET,Susceptible,Susceptible,0.25,0.25
SRS2355678,Neisseria gonorrhoeae,Neisseria gonorrhoeae,0.9964702170451036,SRR5827280,ENA_SAMN07350978,TET,Intermediate,Susceptible,0.5,0.5
SRS2355682,Neisseria gonorrhoeae,Neisseria gonorrhoeae,0.997948733373249,SRR5827275,ENA_SAMN07350981,TET,Susceptible,Susceptible,0.25,0.25
SRS2379959,Klebsiella pneumoniae,Klebsiella quasipneumoniae,0.969599303184033,SRR5862478,ENA_SAMN07410714,GEN,Susceptible,Susceptible,1.0,1.0
SRS2379960,Klebsiella pneumoniae,Klebsiella pneumoniae,0.98899592571544,SRR5862477,ENA_SAMN07410711,GEN,Susceptible,Susceptible,1.0,1.0
SRS2379962,Acinetobacter baumannii,Acinetobacter baumannii,0.983480402014196,SRR5862475,ENA_SAMN07410709,CAZ,Resistant,Resistant,64.0,64.0
SRS2379965,Escherichia coli,Escherichia coli,0.9754480621391248,SRR5862472,ENA_SAMN07410708,GEN,Susceptible,Susceptible,1.0,1.0
SRS2379969,Escherichia coli,Escherichia coli,0.9736483936140568,SRR5862468,ENA_SAMN07410718,GEN,Susceptible,Susceptible,1.0,1.0
SRS2379970,Acinetobacter baumannii,Acinetobacter baumannii,0.9834289454532548,SRR5862467,ENA_SAMN07410719,CAZ,Resistant,Resistant,64.0,64.0
SRS2403183,Acinetobacter baumannii,Acinetobacter baumannii,0.9832551723279918,SRR5891472,ENA_SAMN07445128,CAZ,Resistant,Resistant,64.0,64.0
SRS2403187,Acinetobacter baumannii,Acinetobacter baumannii,0.971994639610696,SRR5891477,ENA_SAMN07445132,CAZ,Resistant,Resistant,64.0,64.0
SRS2403194,Acinetobacter baumannii,Acinetobacter baumannii,0.9832606781700852,SRR5891486,ENA_SAMN07445120,CAZ,Resistant,Resistant,64.0,64.0
SRS2403197,Acinetobacter baumannii,Acinetobacter baumannii,0.9832646807129574,SRR5891491,ENA_SAMN07445114,CAZ,Resistant,Resistant,64.0,64.0
SRS2403200,Acinetobacter baumannii,Acinetobacter baumannii,0.9832511693186824,SRR5891495,ENA_SAMN07445112,CAZ,Resistant,Resistant,64.0,64.0
SRS2403202,Acinetobacter baumannii,Acinetobacter baumannii,0.9832281327077182,SRR5891499,ENA_SAMN07445116,CAZ,Resistant,Resistant,64.0,64.0
SRS2407846,Escherichia coli,Escherichia coli,0.9859703248581448,SRR5901125,ENA_SAMN07450853,GEN,Susceptible,Susceptible,1.0,1.0
SRS2407848,Escherichia coli,Escherichia coli,0.9860334966835536,SRR5901126,ENA_SAMN07450852,GEN,Susceptible,Susceptible,1.0,1.0
SRS2407850,Escherichia coli,Escherichia coli,0.9858797370977106,SRR5901129,ENA_SAMN07450847,GEN,Susceptible,Susceptible,1.0,1.0
SRS2407855,Escherichia coli,Escherichia coli,0.9727921434378006,SRR5901134,ENA_SAMN07450850,GEN,Intermediate,Susceptible,4.0,4.0
SRS2407856,Escherichia coli,Escherichia coli,0.9861916756552048,SRR5901135,ENA_SAMN07450857,GEN,Susceptible,Susceptible,2.0,2.0
SRS2407858,Pseudomonas aeruginosa,Pseudomonas aeruginosa,0.9935308069616224,SRR5901137,ENA_SAMN07450855,CAZ,Intermediate,Susceptible,18.0,16.0
SRS2407859,Escherichia coli,Escherichia coli,0.9728525870842818,SRR5901138,ENA_SAMN07450854,GEN,Susceptible,Susceptible,1.0,1.0
SRS2407860,Escherichia coli,Escherichia coli,0.9863109408517744,SRR5901139,ENA_SAMN07450858,GEN,Resistant,Resistant,16.0,16.0
SRS2514201,Escherichia coli,Escherichia coli,0.976490460940998,SRR6037661,ENA_SAMN07602583,GEN,Susceptible,Susceptible,1.0,1.0
SRS2514202,Acinetobacter baumannii,Acinetobacter baumannii,0.983606430885268,SRR6037662,ENA_SAMN07602915,CAZ,Resistant,Resistant,256.0,64.0
SRS2514204,Pseudomonas aeruginosa,Pseudomonas aeruginosa,0.99338829507341,SRR6037663,ENA_SAMN07602569,CAZ,Resistant,Resistant,256.0,64.0
SRS254810,Streptococcus pneumoniae,Streptococcus pneumoniae,0.9900119642021064,SRR325169,ENA_SAMN00690870,ERY,Susceptible,Susceptible,0.06,0.06
SRS254811,Streptococcus pneumoniae,Streptococcus pneumoniae,0.9889866489947432,SRR325171,ENA_SAMN00690871,ERY,Resistant,Resistant,8.0,8.0
SRS254813,Streptococcus pneumoniae,Streptococcus pneumoniae,0.9896890739489708,SRR325175,BVBRC_760743.3,ERY,Resistant,Resistant,8.0,8.0
SRS255258,Streptococcus pneumoniae,Streptococcus pneumoniae,0.989078891297238,SRR327027,BVBRC_760867.3,ERY,Resistant,Resistant,32.0,32.0
SRS261133,Streptococcus pneumoniae,Streptococcus pneumoniae,0.9903720460771116,SRR345192,BVBRC_760767.3,ERY,Susceptible,Susceptible,0.12,0.12
SRS261147,Streptococcus pneumoniae,Streptococcus pneumoniae,0.98989971095849,SRR345210,BVBRC_760829.3,ERY,Resistant,Resistant,32.0,32.0
SRS261165,Streptococcus pneumoniae,Streptococcus pneumoniae,0.9904523917343204,SRR345241,BVBRC_760852.3,ERY,Resistant,Resistant,8.0,8.0
SRS261342,Streptococcus pneumoniae,Streptococcus pneumoniae,0.9898139607011964,SRR345251,BVBRC_760843.3,ERY,Resistant,Resistant,32.0,32.0
SRS261345,Streptococcus pneumoniae,Streptococcus pneumoniae,0.9897417146889504,SRR345258,BVBRC_1069625.3,ERY,Resistant,Resistant,32.0,32.0
SRS2646884,Neisseria gonorrhoeae,Neisseria gonorrhoeae,0.996891022425926,SRR6238585,ENA_SAMN07958492,TET,Intermediate,Susceptible,0.5,0.5
SRS264763,Streptococcus pneumoniae,Streptococcus pneumoniae,0.9891552386300156,SRR346335,BVBRC_1069623.3,ERY,Resistant,Resistant,4.0,4.0
SRS264764,Streptococcus pneumoniae,Streptococcus pneumoniae,0.9890380519450064,SRR346337,BVBRC_1069626.3,ERY,Resistant,Resistant,4.0,4.0
SRS266360,Streptococcus pneumoniae,Streptococcus pneumoniae,0.9891174969749094,SRR351246,BVBRC_760792.3,ERY,Resistant,Resistant,16.0,16.0
SRS266498,Streptococcus pneumoniae,Streptococcus pneumoniae,0.987317021427404,SRR351488,ENA_SAMN00738291,ERY,Susceptible,Susceptible,0.12,0.12
SRS2703983,Klebsiella pneumoniae,Klebsiella pneumoniae,0.9898487955807264,SRR6310475,ENA_SAMN08045835,GEN,Resistant,Resistant,16.0,16.0
SRS287078,Streptococcus pneumoniae,Streptococcus pneumoniae,0.9892430149078084,SRR398894,BVBRC_1069627.3,ERY,Resistant,Resistant,8.0,8.0
SRS287087,Streptococcus pneumoniae,Streptococcus pneumoniae,0.9891636665544064,SRR398901,BVBRC_1105120.3,ERY,Resistant,Resistant,4.0,4.0
SRS287089,Streptococcus pneumoniae,Streptococcus pneumoniae,0.9887937888358432,SRR398905,ENA_SAMN00773090,ERY,Resistant,Resistant,8.0,8.0
SRS287090,Streptococcus pneumoniae,Streptococcus pneumoniae,0.9892769520460504,SRR398907,BVBRC_1105119.3,ERY,Resistant,Resistant,32.0,32.0
SRS295171,Streptococcus pneumoniae,Streptococcus pneumoniae,0.9900469759860712,SRR413939,BVBRC_1131629.3,ERY,Resistant,Resistant,8.0,8.0
SRS295176,Streptococcus pneumoniae,Streptococcus pneumoniae,0.989716472109228,SRR413948,BVBRC_760788.3,ERY,Resistant,Resistant,32.0,32.0
SRS295177,Streptococcus pneumoniae,Streptococcus pneumoniae,0.9895195396642166,SRR413966,BVBRC_1131628.3,ERY,Resistant,Resistant,32.0,32.0
SRS3013340,Pseudomonas aeruginosa,Pseudomonas aeruginosa,0.9939856841953798,SRR6799223,ENA_SAMN07291494,CAZ,Resistant,Resistant,32.0,32.0
SRS3013398,Pseudomonas aeruginosa,Pseudomonas aeruginosa,0.9888121905308302,SRR6799372,ENA_SAMN07291496,CAZ,Resistant,Resistant,128.0,64.0
SRS3013401,Pseudomonas aeruginosa,Pseudomonas aeruginosa,0.9883369225326822,SRR6799376,ENA_SAMN07291497,CAZ,Resistant,Resistant,32.0,32.0
SRS3013402,Pseudomonas aeruginosa,Pseudomonas aeruginosa,0.9885078109298404,SRR6799378,ENA_SAMN07291498,CAZ,Resistant,Resistant,64.0,64.0
SRS3013404,Pseudomonas aeruginosa,Pseudomonas aeruginosa,0.9888209981299776,SRR6799380,ENA_SAMN07291499,CAZ,Resistant,Resistant,64.0,64.0
SRS3013405,Pseudomonas aeruginosa,Pseudomonas aeruginosa,0.9882143203526056,SRR6799383,ENA_SAMN07291500,CAZ,Resistant,Resistant,128.0,64.0
SRS3013406,Pseudomonas aeruginosa,Pseudomonas aeruginosa,0.992269557910916,SRR6799386,ENA_SAMN07291501,CAZ,Resistant,Resistant,128.0,64.0
SRS3013407,Pseudomonas aeruginosa,Pseudomonas aeruginosa,0.992341443257274,SRR6799388,ENA_SAMN07291502,CAZ,Resistant,Resistant,64.0,64.0
SRS3013408,Pseudomonas aeruginosa,Pseudomonas aeruginosa,0.9940139987789878,SRR6799390,ENA_SAMN07291503,CAZ,Resistant,Resistant,64.0,64.0
SRS3013415,Escherichia coli,Escherichia coli,0.9730817122099094,SRR6799401,ENA_SAMN07291512,GEN,Resistant,Resistant,16.0,16.0
SRS3013416,Escherichia coli,Escherichia coli,0.9864444527366688,SRR6799403,ENA_SAMN07291513,GEN,Susceptible,Susceptible,0.5,0.5
SRS3013417,Escherichia coli,Escherichia coli,0.9733493469913458,SRR6799406,ENA_SAMN07291514,GEN,Susceptible,Susceptible,1.0,1.0
SRS3013418,Escherichia coli,Escherichia coli,0.9726380151425242,SRR6799409,ENA_SAMN07291517,GEN,Intermediate,Susceptible,4.0,4.0
SRS3020747,Escherichia coli,Escherichia coli,0.9751439315578532,SRR6807650,ENA_SAMN07291511,GEN,Susceptible,Susceptible,0.5,0.5
SRS3020748,Escherichia coli,Escherichia coli,0.9749757011601712,SRR6807652,ENA_SAMN07291515,GEN,Resistant,Resistant,16.0,16.0
SRS3159747,Pseudomonas aeruginosa,Pseudomonas aeruginosa,0.9941933258260544,SRR6985662,ENA_SAMN07291495,CAZ,Resistant,Resistant,128.0,64.0
SRS3159750,Escherichia coli,Escherichia coli,0.9861857019688608,SRR6985671,ENA_SAMN07291521,GEN,Susceptible,Susceptible,1.0,1.0
SRS3159752,Escherichia coli,Escherichia coli,0.9732020246774826,SRR6985676,ENA_SAMN07291530,GEN,Susceptible,Susceptible,0.25,0.25
SRS3159754,Pseudomonas aeruginosa,Pseudomonas aeruginosa,0.9873185407556276,SRR6985679,ENA_SAMN07291534,CAZ,Resistant,Resistant,64.0,64.0
SRS3159755,Pseudomonas aeruginosa,Pseudomonas aeruginosa,0.9885167907625656,SRR6985682,ENA_SAMN07291536,CAZ,Resistant,Resistant,128.0,64.0
SRS3159756,Pseudomonas aeruginosa,Pseudomonas aeruginosa,0.9933677022966708,SRR6985684,ENA_SAMN07291537,CAZ,Resistant,Resistant,64.0,64.0
SRS3159757,Pseudomonas aeruginosa,Pseudomonas aeruginosa,0.992082894095058,SRR6985685,ENA_SAMN07291538,CAZ,Resistant,Resistant,32.0,32.0
SRS3159759,Pseudomonas aeruginosa,Pseudomonas aeruginosa,0.9882718716648056,SRR6985689,ENA_SAMN07291542,CAZ,Resistant,Resistant,128.0,64.0
SRS3159760,Escherichia coli,Escherichia coli,0.9731792100076267,SRR6985693,ENA_SAMN07291545,GEN,Susceptible,Susceptible,0.5,0.5
SRS3159761,Pseudomonas aeruginosa,Pseudomonas aeruginosa,0.987667211145184,SRR6985696,ENA_SAMN07291548,CAZ,Resistant,Resistant,128.0,64.0
SRS3159762,Pseudomonas aeruginosa,Pseudomonas aeruginosa,0.9877152756881096,SRR6985697,ENA_SAMN07291550,CAZ,Resistant,Resistant,64.0,64.0
SRS3159763,Staphylococcus aureus,Staphylococcus aureus,0.9921010123024314,SRR6985700,ENA_SAMN07291554,ERY,Resistant,Resistant,8.0,8.0
SRS3159764,Staphylococcus aureus,Staphylococcus aureus,0.9920250425261308,SRR6985702,ENA_SAMN07291558,ERY,Resistant,Resistant,8.0,8.0
SRS3159765,Staphylococcus aureus,Staphylococcus aureus,0.9821554182941804,SRR6985705,ENA_SAMN07291559,ERY,Susceptible,Susceptible,0.5,0.5
SRS3159766,Staphylococcus aureus,Staphylococcus aureus,0.9920250425261308,SRR6985706,ENA_SAMN07291560,ERY,Resistant,Resistant,8.0,8.0
SRS3159767,Staphylococcus aureus,Staphylococcus aureus,0.99200225018884,SRR6985709,ENA_SAMN07291561,ERY,Resistant,Resistant,8.0,8.0
SRS3159768,Staphylococcus aureus,Staphylococcus aureus,0.9918827268276368,SRR6985711,ENA_SAMN07291562,ERY,Resistant,Resistant,8.0,8.0
SRS3159769,Staphylococcus aureus,Staphylococcus aureus,0.9926121772289964,SRR6985715,ENA_SAMN07291566,ERY,Intermediate,Susceptible,1.0,1.0
SRS3159770,Staphylococcus aureus,Staphylococcus aureus,0.9925715769790792,SRR6985712,ENA_SAMN07291565,ERY,Resistant,Resistant,8.0,8.0
SRS3159771,Staphylococcus aureus,Staphylococcus aureus,0.9919745517827032,SRR6985716,ENA_SAMN07291567,ERY,Resistant,Resistant,8.0,8.0
SRS3159772,Staphylococcus aureus,Staphylococcus aureus,0.9926354012533924,SRR6985719,ENA_SAMN07291569,ERY,Resistant,Resistant,8.0,8.0
SRS3159774,Pseudomonas aeruginosa,Pseudomonas aeruginosa,0.993162859504342,SRR6985732,ENA_SAMN07291540,CAZ,Susceptible,Susceptible,2.0,2.0
SRS3159776,Escherichia coli,Escherichia coli,0.9856455205072744,SRR6985738,ENA_SAMN07291544,GEN,Resistant,Resistant,8.0,8.0
SRS3159777,Staphylococcus aureus,Staphylococcus aureus,0.9818638641898352,SRR6985740,ENA_SAMN07291563,ERY,Resistant,Resistant,8.0,8.0
SRS3163141,Escherichia coli,Escherichia coli,0.9733035778464856,SRR6994975,ENA_SAMN07291526,GEN,Susceptible,Susceptible,0.5,0.5
SRS3163142,Escherichia coli,Escherichia coli,0.9734718170892742,SRR6994976,ENA_SAMN07291527,GEN,Resistant,Resistant,16.0,16.0
SRS3163143,Escherichia coli,Escherichia coli,0.972696572571607,SRR6994978,ENA_SAMN07291528,GEN,Resistant,Resistant,16.0,16.0
SRS3163144,Escherichia coli,Escherichia coli,0.9726380151425242,SRR6994980,ENA_SAMN07291529,GEN,Intermediate,Susceptible,4.0,4.0
SRS3163145,Pseudomonas aeruginosa,Pseudomonas aeruginosa,0.9924255374860916,SRR6994986,ENA_SAMN07291532,CAZ,Resistant,Resistant,128.0,64.0
SRS3163146,Pseudomonas aeruginosa,Pseudomonas aeruginosa,0.9882247220014724,SRR6994988,ENA_SAMN07291533,CAZ,Resistant,Resistant,64.0,64.0
SRS3163147,Pseudomonas aeruginosa,Pseudomonas aeruginosa,0.992640883059851,SRR6994989,ENA_SAMN07291535,CAZ,Resistant,Resistant,64.0,64.0
SRS3163148,Pseudomonas aeruginosa,Pseudomonas aeruginosa,0.9844474542532572,SRR6994991,ENA_SAMN07291539,CAZ,Resistant,Resistant,64.0,64.0
SRS3163149,Escherichia coli,Escherichia coli,0.972442012088378,SRR6994993,ENA_SAMN07291543,GEN,Susceptible,Susceptible,1.0,1.0
SRS3163151,Pseudomonas aeruginosa,Pseudomonas aeruginosa,0.9880367189336308,SRR6994997,ENA_SAMN07291549,CAZ,Resistant,Resistant,64.0,64.0
SRS3163152,Pseudomonas aeruginosa,Pseudomonas aeruginosa,0.9933028517698936,SRR6995000,ENA_SAMN07291551,CAZ,Resistant,Resistant,128.0,64.0
SRS3163153,Pseudomonas aeruginosa,Pseudomonas aeruginosa,0.9891049628615942,SRR6995002,ENA_SAMN07291552,CAZ,Resistant,Resistant,64.0,64.0
SRS3163154,Pseudomonas aeruginosa,Pseudomonas aeruginosa,0.9942172369451298,SRR6995003,ENA_SAMN07291553,CAZ,Resistant,Resistant,128.0,64.0
SRS3163155,Staphylococcus aureus,Staphylococcus aureus,0.9922560677329731,SRR6995006,ENA_SAMN07291555,ERY,Susceptible,Susceptible,0.5,0.5
SRS3163156,Staphylococcus aureus,Staphylococcus aureus,0.982010688289141,SRR6995007,ENA_SAMN07291557,ERY,Susceptible,Susceptible,0.5,0.5
SRS3163162,Staphylococcus aureus,Staphylococcus aureus,0.981824363906828,SRR6995017,ENA_SAMN07291564,ERY,Susceptible,Susceptible,0.5,0.5
SRS3163164,Staphylococcus aureus,Staphylococcus aureus,0.9853315700765164,SRR6995020,ENA_SAMN07291568,ERY,Resistant,Resistant,8.0,8.0
SRS346945,Klebsiella pneumoniae,Klebsiella pneumoniae,0.9893331021077312,SRR515506,BVBRC_1094169.3,GEN,Intermediate,Susceptible,4.0,4.0
SRS346946,Klebsiella pneumoniae,Klebsiella pneumoniae,0.9893382367674318,SRR1427238,ENA_SAMN01057614,GEN,Intermediate,Susceptible,4.0,4.0
SRS346972,Klebsiella pneumoniae,Klebsiella pneumoniae,0.9892832462809068,SRR515586,BVBRC_1128948.3,GEN,Intermediate,Susceptible,4.0,4.0
SRS346982,Klebsiella pneumoniae,Klebsiella pneumoniae,0.989328571111643,SRR515629,BVBRC_1128954.3,GEN,Intermediate,Susceptible,4.0,4.0
SRS346989,Klebsiella pneumoniae,Klebsiella pneumoniae,0.9892965135420824,SRR515906,BVBRC_1168064.3,GEN,Intermediate,Susceptible,4.0,4.0
SRS347043,Klebsiella pneumoniae,Klebsiella pneumoniae,0.9893365806371112,SRR515971,BVBRC_1094167.3,GEN,Intermediate,Susceptible,4.0,4.0
SRS3601385,Klebsiella pneumoniae,Klebsiella pneumoniae,0.989373633833188,SRR5973236,ENA_SAMN07525505,GEN,Resistant,Resistant,8.0,8.0
SRS3601386,Klebsiella pneumoniae,Klebsiella pneumoniae,0.9893534605902562,SRR5973237,ENA_SAMN07525498,GEN,Susceptible,Susceptible,2.0,2.0
SRS3601387,Klebsiella pneumoniae,Klebsiella pneumoniae,0.9899452854028574,SRR5973238,ENA_SAMN07525499,GEN,Resistant,Resistant,8.0,8.0
SRS3601388,Klebsiella pneumoniae,Klebsiella pneumoniae,0.9892636206178425,SRR5973239,ENA_SAMN07525496,GEN,Resistant,Resistant,8.0,8.0
SRS3601389,Klebsiella pneumoniae,Klebsiella pneumoniae,0.9901841003313968,SRR5973241,ENA_SAMN07525502,GEN,Intermediate,Susceptible,4.0,4.0
SRS3601393,Klebsiella pneumoniae,Klebsiella pneumoniae,0.989693469069164,SRR5973244,ENA_SAMN07525501,GEN,Susceptible,Susceptible,2.0,2.0
SRS3601401,Klebsiella pneumoniae,Klebsiella pneumoniae,0.9902202573187844,SRR5973252,ENA_SAMN07525472,GEN,Susceptible,Susceptible,1.0,1.0
SRS3601403,Klebsiella pneumoniae,Klebsiella pneumoniae,0.990473295674287,SRR5973254,ENA_SAMN07525474,GEN,Resistant,Resistant,8.0,8.0
SRS3601404,Klebsiella pneumoniae,Klebsiella pneumoniae,0.9904197179297368,SRR5973255,ENA_SAMN07525395,GEN,Susceptible,Susceptible,1.0,1.0
SRS3601407,Klebsiella pneumoniae,Klebsiella pneumoniae,0.9903779459662956,SRR5973258,ENA_SAMN07525386,GEN,Susceptible,Susceptible,1.0,1.0
SRS3601415,Klebsiella pneumoniae,Klebsiella pneumoniae,0.9895460921309658,SRR5973266,ENA_SAMN07525514,GEN,Susceptible,Susceptible,1.0,1.0
SRS3601416,Klebsiella pneumoniae,Klebsiella pneumoniae,0.9902278848316872,SRR5973267,ENA_SAMN07525507,GEN,Resistant,Resistant,8.0,8.0
SRS3601417,Klebsiella pneumoniae,Klebsiella pneumoniae,0.9903921551505576,SRR5973268,ENA_SAMN07525506,GEN,Resistant,Resistant,8.0,8.0
SRS3601425,Klebsiella pneumoniae,Klebsiella pneumoniae,0.9902786069972384,SRR5973276,ENA_SAMN07525459,GEN,Susceptible,Susceptible,0.5,0.5
SRS3601427,Klebsiella pneumoniae,Klebsiella pneumoniae,0.9898411554688136,SRR5973279,ENA_SAMN07525462,GEN,Susceptible,Susceptible,2.0,2.0
SRS3601439,Klebsiella pneumoniae,Klebsiella pneumoniae,0.9900584687693228,SRR5973290,ENA_SAMN07525523,GEN,Resistant,Resistant,8.0,8.0
SRS3601445,Klebsiella pneumoniae,Klebsiella pneumoniae,0.9903080647014632,SRR5973296,ENA_SAMN07525454,GEN,Susceptible,Susceptible,1.0,1.0
SRS3601449,Klebsiella pneumoniae,Klebsiella pneumoniae,0.9897871730866984,SRR5973300,ENA_SAMN07525450,GEN,Susceptible,Susceptible,1.0,1.0
SRS3601453,Klebsiella pneumoniae,Klebsiella pneumoniae,0.9906705758411566,SRR5973304,ENA_SAMN07525446,GEN,Susceptible,Susceptible,1.0,1.0
SRS3601455,Klebsiella pneumoniae,Klebsiella pneumoniae,0.9904000232114128,SRR5973307,ENA_SAMN07525379,GEN,Susceptible,Susceptible,1.0,1.0
SRS3601462,Klebsiella pneumoniae,Klebsiella pneumoniae,0.9904071637628956,SRR5973314,ENA_SAMN07525380,GEN,Susceptible,Susceptible,1.0,1.0
SRS3601464,Klebsiella pneumoniae,Klebsiella pneumoniae,0.9892630222719716,SRR5973315,ENA_SAMN07525535,GEN,Resistant,Resistant,8.0,8.0
SRS3601467,Klebsiella pneumoniae,Klebsiella pneumoniae,0.9897984490695896,SRR5973318,ENA_SAMN07525528,GEN,Resistant,Resistant,8.0,8.0
SRS3601469,Klebsiella pneumoniae,Klebsiella pneumoniae,0.989981446794665,SRR5973320,ENA_SAMN07525526,GEN,Resistant,Resistant,8.0,8.0
SRS3601474,Klebsiella pneumoniae,Klebsiella pneumoniae,0.9910402702891212,SRR5973325,ENA_SAMN07525444,GEN,Susceptible,Susceptible,1.0,1.0
SRS3601481,Klebsiella pneumoniae,Klebsiella pneumoniae,0.9899956396281464,SRR5973332,ENA_SAMN07525441,GEN,Susceptible,Susceptible,1.0,1.0
SRS3601483,Klebsiella pneumoniae,Klebsiella pneumoniae,0.9908129486140032,SRR5973334,ENA_SAMN07525443,GEN,Susceptible,Susceptible,1.0,1.0
SRS3601488,Klebsiella pneumoniae,Klebsiella pneumoniae,0.9903734967460932,SRR5973339,ENA_SAMN07525538,GEN,Resistant,Resistant,8.0,8.0
SRS3601489,Klebsiella pneumoniae,Klebsiella pneumoniae,0.9894389001016444,SRR5973340,ENA_SAMN07525539,GEN,Resistant,Resistant,8.0,8.0
SRS3601490,Klebsiella pneumoniae,Klebsiella pneumoniae,0.9892164242082782,SRR5973341,ENA_SAMN07525536,GEN,Resistant,Resistant,8.0,8.0
SRS3601493,Klebsiella pneumoniae,Klebsiella pneumoniae,0.991142134575371,SRR5973344,ENA_SAMN07525545,GEN,Susceptible,Susceptible,1.0,1.0
SRS3601495,Klebsiella pneumoniae,Klebsiella pneumoniae,0.9909022686000174,SRR5973347,ENA_SAMN07525433,GEN,Susceptible,Susceptible,1.0,1.0
SRS3601501,Klebsiella pneumoniae,Klebsiella pneumoniae,0.9902448261354144,SRR5973353,ENA_SAMN07525435,GEN,Susceptible,Susceptible,1.0,1.0
SRS3601502,Klebsiella pneumoniae,Klebsiella pneumoniae,0.9891765153540374,SRR5973354,ENA_SAMN07525434,GEN,Susceptible,Susceptible,1.0,1.0
SRS3601503,Klebsiella pneumoniae,Klebsiella pneumoniae,0.989855208123694,SRR5973355,ENA_SAMN07525551,GEN,Resistant,Resistant,8.0,8.0
SRS3601507,Klebsiella pneumoniae,Klebsiella pneumoniae,0.9897060764953124,SRR5973359,ENA_SAMN07525546,GEN,Susceptible,Susceptible,1.0,1.0
SRS3601508,Klebsiella pneumoniae,Klebsiella pneumoniae,0.9904073672967668,SRR5973360,ENA_SAMN07525549,GEN,Susceptible,Susceptible,1.0,1.0
SRS3601509,Klebsiella pneumoniae,Klebsiella pneumoniae,0.9904505469713102,SRR5973361,ENA_SAMN07525548,GEN,Resistant,Resistant,8.0,8.0
SRS3601511,Klebsiella pneumoniae,Klebsiella pneumoniae,0.9910699647309732,SRR5973363,ENA_SAMN07525423,GEN,Susceptible,Susceptible,1.0,1.0
SRS3601512,Klebsiella pneumoniae,Klebsiella pneumoniae,0.990159670411316,SRR5973364,ENA_SAMN07525420,GEN,Susceptible,Susceptible,1.0,1.0
SRS3601515,Klebsiella pneumoniae,Klebsiella pneumoniae,0.9891136182992748,SRR5973367,ENA_SAMN07525419,GEN,Susceptible,Susceptible,1.0,1.0
SRS3601516,Klebsiella pneumoniae,Klebsiella pneumoniae,0.9900139902274164,SRR5973368,ENA_SAMN07525416,GEN,Susceptible,Susceptible,1.0,1.0
SRS3601517,Klebsiella pneumoniae,Klebsiella pneumoniae,0.9891723424699806,SRR5973370,ENA_SAMN07525424,GEN,Susceptible,Susceptible,1.0,1.0
SRS3601520,Klebsiella pneumoniae,Klebsiella pneumoniae,0.99085574588893,SRR5973373,ENA_SAMN07525477,GEN,Susceptible,Susceptible,1.0,1.0
SRS3601527,Klebsiella pneumoniae,Klebsiella pneumoniae,0.9905804658298132,SRR5973380,ENA_SAMN07525484,GEN,Resistant,Resistant,8.0,8.0
SRS3601529,Klebsiella pneumoniae,Klebsiella pneumoniae,0.9895074252930048,SRR5973382,ENA_SAMN07525409,GEN,Susceptible,Susceptible,2.0,2.0
SRS3601532,Klebsiella pneumoniae,Klebsiella pneumoniae,0.9886798953968352,SRR5973385,ENA_SAMN07525406,GEN,Susceptible,Susceptible,1.0,1.0
SRS3601533,Klebsiella pneumoniae,Klebsiella pneumoniae,0.9908930771569172,SRR5973386,ENA_SAMN07525413,GEN,Susceptible,Susceptible,1.0,1.0
SRS3601534,Klebsiella pneumoniae,Klebsiella pneumoniae,0.9897473518420884,SRR5973387,ENA_SAMN07525412,GEN,Susceptible,Susceptible,1.0,1.0
SRS3601537,Klebsiella pneumoniae,Klebsiella pneumoniae,0.9883508832631032,SRR5973390,ENA_SAMN07525415,GEN,Resistant,Resistant,8.0,8.0
SRS3601539,Klebsiella pneumoniae,Klebsiella pneumoniae,0.989662268629525,SRR5973393,ENA_SAMN07525494,GEN,Resistant,Resistant,8.0,8.0
SRS3601540,Klebsiella pneumoniae,Klebsiella pneumoniae,0.9895130050194356,SRR5973394,ENA_SAMN07525493,GEN,Resistant,Resistant,8.0,8.0
SRS3601552,Klebsiella pneumoniae,Klebsiella pneumoniae,0.989914581027516,SRR5973406,ENA_SAMN07525402,GEN,Susceptible,Susceptible,1.0,1.0
SRS3601553,Klebsiella pneumoniae,Klebsiella pneumoniae,0.9898680087332888,SRR5973407,ENA_SAMN07525403,GEN,Susceptible,Susceptible,1.0,1.0
SRS3601554,Klebsiella pneumoniae,Klebsiella pneumoniae,0.9903390826922754,SRR5973408,ENA_SAMN07525396,GEN,Susceptible,Susceptible,0.5,0.5
SRS3745660,Staphylococcus aureus,Staphylococcus aureus,0.9937829405093592,SRR7795232,ENA_SAMN08456651,ERY,Susceptible,Susceptible,0.25,0.25
SRS3745661,Staphylococcus aureus,Staphylococcus aureus,0.9925333442877098,SRR7795233,ENA_SAMN08456629,ERY,Susceptible,Susceptible,0.25,0.25
SRS3745662,Staphylococcus aureus,Staphylococcus aureus,0.9938015670131638,SRR7795230,ENA_SAMN08456633,ERY,Susceptible,Susceptible,0.25,0.25
SRS3745663,Staphylococcus aureus,Staphylococcus aureus,0.9930152488763564,SRR7795231,ENA_SAMN08456662,ERY,Susceptible,Susceptible,0.25,0.25
SRS3745664,Staphylococcus aureus,Staphylococcus aureus,0.9988321099382168,SRR7795229,ENA_SAMN08456648,ERY,Susceptible,Susceptible,0.25,0.25
SRS415185,Acinetobacter baumannii,Acinetobacter baumannii,0.9822611406749022,SRR654292,ENA_SAMN01828150,CAZ,Susceptible,Susceptible,4.0,4.0
SRS415188,Acinetobacter baumannii,Acinetobacter baumannii,0.9998982638922512,SRR728972,ENA_SAMN01828140,CAZ,Susceptible,Susceptible,8.0,8.0
SRS415276,Acinetobacter baumannii,Acinetobacter baumannii,0.983839206140063,SRR721209,ENA_SAMN01828174,CAZ,Susceptible,Susceptible,4.0,4.0
SRS415279,Acinetobacter baumannii,Acinetobacter baumannii,0.9829363547768762,SRR654338,ENA_SAMN01828181,CAZ,Resistant,Resistant,32.0,32.0
SRS415281,Acinetobacter baumannii,Acinetobacter baumannii,0.9819803413868096,SRR654382,ENA_SAMN01828147,CAZ,Susceptible,Susceptible,1.0,1.0
SRS415283,Acinetobacter baumannii,Acinetobacter baumannii,0.9813002402331122,SRR721187,ENA_SAMN01828165,CAZ,Susceptible,Susceptible,0.5,0.5
SRS415301,Acinetobacter baumannii,Acinetobacter baumannii,0.9834441752374916,SRR721211,ENA_SAMN01828175,CAZ,Resistant,Resistant,256.0,64.0
SRS415302,Acinetobacter baumannii,Acinetobacter baumannii,0.981208804116063,SRR721188,ENA_SAMN01828176,CAZ,Susceptible,Susceptible,0.5,0.5
SRS415314,Acinetobacter baumannii,Acinetobacter baumannii,0.9818911148206154,SRR728961,ENA_SAMN01828151,CAZ,Susceptible,Susceptible,2.0,2.0
SRS415316,Acinetobacter baumannii,Acinetobacter baumannii,0.9817488499087484,SRR721178,ENA_SAMN01087913,CAZ,Susceptible,Susceptible,2.0,2.0
SRS415325,Acinetobacter baumannii,Acinetobacter baumannii,0.9840631522359076,SRR654250,ENA_SAMN01828145,CAZ,Susceptible,Susceptible,2.0,2.0
SRS415328,Acinetobacter baumannii,Acinetobacter baumannii,0.9837545664999592,SRR721218,ENA_SAMN01087912,CAZ,Susceptible,Susceptible,4.0,4.0
SRS415329,Acinetobacter baumannii,Acinetobacter baumannii,0.9821816376579178,SRR741916,ENA_SAMN01828148,CAZ,Susceptible,Susceptible,2.0,2.0
SRS415330,Acinetobacter baumannii,Acinetobacter baumannii,0.9821259804937924,SRR654415,ENA_SAMN01828142,CAZ,Susceptible,Susceptible,4.0,4.0
SRS415340,Acinetobacter baumannii,Acinetobacter baumannii,0.982067834293026,SRR741913,ENA_SAMN01828144,CAZ,Susceptible,Susceptible,2.0,2.0
SRS415346,Acinetobacter baumannii,Acinetobacter baumannii,0.982382161517283,SRR741918,ENA_SAMN01828146,CAZ,Susceptible,Susceptible,4.0,4.0
SRS415349,Acinetobacter baumannii,Acinetobacter baumannii,0.9819325530632956,SRR721195,ENA_SAMN01828177,CAZ,Susceptible,Susceptible,1.0,1.0
SRS415372,Acinetobacter baumannii,Acinetobacter baumannii,0.9821215685519422,SRR654213,ENA_SAMN01828141,CAZ,Resistant,Resistant,256.0,64.0
SRS420050,Klebsiella pneumoniae,Klebsiella pneumoniae,0.9894960492577222,SRR900155,ENA_SAMN02141973,GEN,Susceptible,Susceptible,1.0,1.0
SRS420064,Klebsiella pneumoniae,Klebsiella pneumoniae,0.9894915582915542,SRR900152,ENA_SAMN02141987,GEN,Susceptible,Susceptible,2.0,2.0
SRS420067,Klebsiella pneumoniae,Klebsiella pneumoniae,0.9898083885886694,SRR900126,ENA_SAMN02141990,GEN,Susceptible,Susceptible,1.0,1.0
SRS420070,Klebsiella pneumoniae,Klebsiella pneumoniae,0.9897791509334108,SRR900133,ENA_SAMN02141993,GEN,Intermediate,Susceptible,4.0,4.0
SRS420088,Klebsiella pneumoniae,Klebsiella pneumoniae,0.9893587581876468,SRR900168,ENA_SAMN02142001,GEN,Resistant,Resistant,8.0,8.0
SRS420124,Klebsiella pneumoniae,Klebsiella pneumoniae,0.9897052474060232,SRR921382,ENA_SAMN02142019,GEN,Susceptible,Susceptible,1.0,1.0
SRS420204,Klebsiella pneumoniae,Klebsiella pneumoniae,0.9893710428190848,SRR900183,ENA_SAMN02142021,GEN,Resistant,Resistant,8.0,8.0
SRS420213,Klebsiella pneumoniae,Klebsiella pneumoniae,0.9897571862859444,SRR900184,ENA_SAMN02142022,GEN,Susceptible,Susceptible,1.0,1.0
SRS420246,Klebsiella pneumoniae,Klebsiella pneumoniae,0.9895245283541518,SRR900207,ENA_SAMN02142051,GEN,Susceptible,Susceptible,1.0,1.0
SRS420759,Escherichia coli,Escherichia coli,0.976934496248216,SRR850788,ENA_SAMN02138638,GEN,Resistant,Resistant,8.0,8.0
SRS420761,Escherichia coli,Escherichia coli,0.9769252587083536,SRR850791,ENA_SAMN02138641,GEN,Resistant,Resistant,8.0,8.0
SRS420797,Escherichia coli,Escherichia coli,0.9731537781512314,SRR850815,ENA_SAMN02138668,GEN,Susceptible,Susceptible,1.0,1.0
SRS420798,Escherichia coli,Escherichia coli,0.9860763441655472,SRR850820,ENA_SAMN02138669,GEN,Susceptible,Susceptible,1.0,1.0
SRS420799,Escherichia coli,Escherichia coli,0.972368645624376,SRR850823,ENA_SAMN02138670,GEN,Resistant,Resistant,8.0,8.0
SRS420818,Klebsiella pneumoniae,Klebsiella pneumoniae,0.9883527720259604,SRR850883,ENA_SAMN02138637,GEN,Resistant,Resistant,8.0,8.0
SRS420834,Klebsiella pneumoniae,Klebsiella pneumoniae,0.990099478757416,SRR5659146,ENA_SAMN02138666,GEN,Susceptible,Susceptible,1.0,1.0
SRS420836,Klebsiella pneumoniae,Klebsiella pneumoniae,0.9898259435708774,SRR850944,ENA_SAMN02138671,GEN,Susceptible,Susceptible,1.0,1.0
SRS420852,Klebsiella pneumoniae,Klebsiella variicola,0.9917452763491036,SRR850995,ENA_SAMN02138560,GEN,Susceptible,Susceptible,1.0,1.0
SRS420853,Klebsiella pneumoniae,Klebsiella pneumoniae,0.9905369977759656,SRR850998,ENA_SAMN02138561,GEN,Susceptible,Susceptible,1.0,1.0
SRS420855,Klebsiella pneumoniae,Klebsiella pneumoniae,0.9901485843783004,SRR851006,ENA_SAMN02138570,GEN,Susceptible,Susceptible,1.0,1.0
SRS4252526,Escherichia coli,Escherichia coli,0.9739942091174488,SRR8443717,ENA_SAMN10748446,GEN,Intermediate,Resistant,6.0,8.0
SRS4253094,Escherichia coli,Escherichia coli,0.973271330990656,SRR8444321,ENA_SAMN10748581,GEN,Resistant,Resistant,14.0,16.0
SRS4253869,Escherichia coli,Escherichia coli,0.9724413841188694,SRR8445030,ENA_SAMN10748585,GEN,Intermediate,Resistant,6.0,8.0
SRS4256835,Escherichia coli,Escherichia coli,0.9730766354413062,SRR8448315,ENA_SAMN10748596,GEN,Resistant,Resistant,18.0,16.0
SRS4257393,Escherichia coli,Escherichia coli,0.9729500560100354,SRR8448905,ENA_SAMN10748603,GEN,Resistant,Resistant,10.0,8.0
SRS4258047,Escherichia coli,Escherichia coli,0.9859895689132212,SRR8449564,ENA_SAMN10748606,GEN,Intermediate,Resistant,6.0,8.0
SRS4258103,Escherichia coli,Escherichia coli,0.9729532286698156,SRR8449826,ENA_SAMN10748607,GEN,Resistant,Resistant,14.0,16.0
SRS429521,Klebsiella pneumoniae,Klebsiella pneumoniae,0.9898416383509284,SRR960878,ENA_SAMN02138618,GEN,Susceptible,Susceptible,1.0,1.0
SRS429523,Klebsiella pneumoniae,Klebsiella quasipneumoniae,0.9910726767884304,SRR960879,ENA_SAMN02138619,GEN,Susceptible,Susceptible,1.0,1.0
SRS429525,Klebsiella pneumoniae,Klebsiella pneumoniae,0.9901227959769217,SRR960880,ENA_SAMN02138606,GEN,Intermediate,Susceptible,4.0,4.0
SRS429529,Klebsiella pneumoniae,Klebsiella pneumoniae,0.9910501722149418,SRR960883,ENA_SAMN02138611,GEN,Susceptible,Susceptible,1.0,1.0
SRS4391561,Klebsiella pneumoniae,Klebsiella pneumoniae,0.9892668278589932,SRR8607468,ENA_SAMN04868742,GEN,Susceptible,Susceptible,1.0,1.0
SRS4391569,Klebsiella pneumoniae,Klebsiella pneumoniae,0.9891018951343578,SRR8607458,ENA_SAMN04868735,GEN,Susceptible,Susceptible,1.0,1.0
SRS4496339,Pseudomonas aeruginosa,Pseudomonas aeruginosa,0.9929970355373924,SRR8737535,ENA_SAMN11110345,CAZ,Intermediate,Susceptible,16.0,16.0
SRS4496340,Pseudomonas aeruginosa,Pseudomonas aeruginosa,0.9894132288615066,SRR8737534,ENA_SAMN11110344,CAZ,Resistant,Resistant,32.0,32.0
SRS4496341,Pseudomonas aeruginosa,Pseudomonas aeruginosa,0.9939412348447992,SRR8737533,ENA_SAMN11110343,CAZ,Susceptible,Susceptible,2.0,2.0
SRS4496342,Pseudomonas aeruginosa,Pseudomonas aeruginosa,0.9878551631084088,SRR8737532,BVBRC_287.12615,CAZ,Resistant,Resistant,64.0,64.0
SRS4496343,Pseudomonas aeruginosa,Pseudomonas aeruginosa,0.9934563628712112,SRR8737531,BVBRC_287.34689,CAZ,Intermediate,Susceptible,16.0,16.0
SRS4496344,Pseudomonas aeruginosa,Pseudomonas aeruginosa,0.9911952464813066,SRR8737530,BVBRC_287.12697,CAZ,Susceptible,Susceptible,2.0,2.0
SRS4496345,Pseudomonas aeruginosa,Pseudomonas aeruginosa,0.9939823453265344,SRR8737529,BVBRC_287.12687,CAZ,Susceptible,Susceptible,4.0,4.0
SRS4496346,Pseudomonas aeruginosa,Pseudomonas aeruginosa,0.9895940040915248,SRR8737528,BVBRC_287.12688,CAZ,Susceptible,Susceptible,4.0,4.0
SRS4496348,Pseudomonas aeruginosa,Pseudomonas aeruginosa,0.9890716427756238,SRR8737526,BVBRC_287.34680,CAZ,Susceptible,Susceptible,4.0,4.0
SRS4496349,Pseudomonas aeruginosa,Pseudomonas aeruginosa,0.9894333742697192,SRR8737525,BVBRC_287.12612,CAZ,Resistant,Resistant,128.0,64.0
SRS4496350,Pseudomonas aeruginosa,Pseudomonas aeruginosa,0.9942564700491084,SRR8737524,BVBRC_287.12680,CAZ,Resistant,Resistant,32.0,32.0
SRS4496351,Pseudomonas aeruginosa,Pseudomonas aeruginosa,0.992515790987932,SRR8737523,BVBRC_287.12679,CAZ,Susceptible,Susceptible,2.0,2.0
SRS4496352,Pseudomonas aeruginosa,Pseudomonas aeruginosa,0.9940753580159898,SRR8737522,BVBRC_287.12676,CAZ,Resistant,Resistant,64.0,64.0
SRS4496353,Pseudomonas aeruginosa,Pseudomonas aeruginosa,0.9944575434191212,SRR8737521,BVBRC_287.12678,CAZ,Susceptible,Susceptible,1.0,1.0
SRS4496354,Pseudomonas aeruginosa,Pseudomonas aeruginosa,0.9932230218040116,SRR8737520,ENA_SAMN11110389,CAZ,Susceptible,Susceptible,8.0,8.0
SRS4496355,Pseudomonas aeruginosa,Pseudomonas aeruginosa,0.9927534689127814,SRR8737519,ENA_SAMN11110388,CAZ,Intermediate,Susceptible,16.0,16.0
SRS4496356,Pseudomonas aeruginosa,Pseudomonas aeruginosa,0.9885974440169596,SRR8737518,ENA_SAMN11110387,CAZ,Susceptible,Susceptible,8.0,8.0
SRS4496357,Pseudomonas aeruginosa,Pseudomonas aeruginosa,0.9934090679903068,SRR8737517,ENA_SAMN11110386,CAZ,Resistant,Resistant,32.0,32.0
SRS4496358,Pseudomonas aeruginosa,Pseudomonas aeruginosa,0.9893312285274224,SRR8737516,ENA_SAMN11110385,CAZ,Intermediate,Susceptible,16.0,16.0
SRS4496359,Pseudomonas aeruginosa,Pseudomonas aeruginosa,0.9935606978276724,SRR8737515,ENA_SAMN11110384,CAZ,Susceptible,Susceptible,2.0,2.0
SRS4496360,Pseudomonas aeruginosa,Pseudomonas aeruginosa,0.988739786423763,SRR8737514,ENA_SAMN11110383,CAZ,Resistant,Resistant,128.0,64.0
SRS4496361,Pseudomonas aeruginosa,Pseudomonas aeruginosa,0.9934701400572046,SRR8737513,ENA_SAMN11110382,CAZ,Susceptible,Susceptible,3.0,4.0
SRS4496362,Pseudomonas aeruginosa,Pseudomonas aeruginosa,0.9922984278989072,SRR8737512,ENA_SAMN11110391,CAZ,Resistant,Resistant,32.0,32.0
SRS4496363,Pseudomonas aeruginosa,Pseudomonas aeruginosa,0.9937656611117716,SRR8737511,ENA_SAMN11110390,CAZ,Susceptible,Susceptible,8.0,8.0
SRS4496364,Pseudomonas aeruginosa,Pseudomonas aeruginosa,0.9888429146925044,SRR8737510,ENA_SAMN11110652,CAZ,Susceptible,Susceptible,8.0,8.0
SRS4496365,Pseudomonas aeruginosa,Pseudomonas aeruginosa,0.9893043237105952,SRR8737509,BVBRC_287.12503,CAZ,Resistant,Resistant,32.0,32.0
SRS4496366,Pseudomonas aeruginosa,Pseudomonas aeruginosa,0.994029663864446,SRR8737508,BVBRC_287.12532,CAZ,Susceptible,Susceptible,1.0,1.0
SRS4496367,Pseudomonas aeruginosa,Pseudomonas aeruginosa,0.9931540935842196,SRR8737507,BVBRC_287.12526,CAZ,Susceptible,Susceptible,1.0,1.0
SRS4496368,Pseudomonas aeruginosa,Pseudomonas aeruginosa,0.9936431204571172,SRR8737506,BVBRC_287.12528,CAZ,Susceptible,Susceptible,2.0,2.0
SRS4496369,Pseudomonas aeruginosa,Pseudomonas aeruginosa,0.993200950353064,SRR8737505,BVBRC_287.12534,CAZ,Susceptible,Susceptible,2.0,2.0
SRS4496370,Pseudomonas aeruginosa,Pseudomonas aeruginosa,0.988486328614852,SRR8737504,BVBRC_287.12543,CAZ,Susceptible,Susceptible,1.0,1.0
SRS4496371,Pseudomonas aeruginosa,Pseudomonas aeruginosa,0.9947405143588356,SRR8737503,ENA_SAMN11110431,CAZ,Resistant,Resistant,64.0,64.0
SRS4496372,Pseudomonas aeruginosa,Pseudomonas aeruginosa,0.9886791454641598,SRR8737502,BVBRC_287.12477,CAZ,Resistant,Resistant,512.0,64.0
SRS4496373,Pseudomonas aeruginosa,Pseudomonas aeruginosa,0.9885754202040048,SRR8737501,ENA_SAMN11110358,CAZ,Susceptible,Susceptible,8.0,8.0
SRS4496374,Pseudomonas aeruginosa,Pseudomonas aeruginosa,0.9888004430867618,SRR8737500,ENA_SAMN11110359,CAZ,Susceptible,Susceptible,4.0,4.0
SRS4496375,Pseudomonas aeruginosa,Pseudomonas aeruginosa,0.9941339011715274,SRR8737499,ENA_SAMN11110356,CAZ,Intermediate,Susceptible,16.0,16.0
SRS4496376,Pseudomonas aeruginosa,Pseudomonas aeruginosa,0.9927763699644068,SRR8737498,ENA_SAMN11110357,CAZ,Intermediate,Susceptible,16.0,16.0
SRS4496377,Pseudomonas aeruginosa,Pseudomonas aeruginosa,0.9882045452213624,SRR8737497,ENA_SAMN11110354,CAZ,Susceptible,Susceptible,8.0,8.0
SRS4496378,Pseudomonas aeruginosa,Pseudomonas aeruginosa,0.9943864328612252,SRR8737496,ENA_SAMN11110355,CAZ,Susceptible,Susceptible,8.0,8.0
SRS4496379,Pseudomonas aeruginosa,Pseudomonas aeruginosa,0.9887872037103216,SRR8737495,ENA_SAMN11110352,CAZ,Intermediate,Susceptible,16.0,16.0
SRS4496380,Pseudomonas aeruginosa,Pseudomonas aeruginosa,0.9885708252741224,SRR8737494,ENA_SAMN11110353,CAZ,Intermediate,Susceptible,16.0,16.0
SRS4496381,Pseudomonas aeruginosa,Pseudomonas aeruginosa,0.9923871381604352,SRR8737493,ENA_SAMN11110360,CAZ,Susceptible,Susceptible,8.0,8.0
SRS4496382,Pseudomonas aeruginosa,Pseudomonas aeruginosa,0.992146454741238,SRR8737492,ENA_SAMN11110361,CAZ,Susceptible,Susceptible,4.0,4.0
SRS4496383,Pseudomonas aeruginosa,Pseudomonas aeruginosa,0.9892592073717584,SRR8737491,BVBRC_287.12658,CAZ,Resistant,Resistant,64.0,64.0
SRS4496384,Pseudomonas aeruginosa,Pseudomonas aeruginosa,0.991698722313524,SRR8737490,BVBRC_287.12461,CAZ,Resistant,Resistant,64.0,64.0
SRS4496385,Pseudomonas aeruginosa,Pseudomonas aeruginosa,0.9942988891899004,SRR8737489,BVBRC_287.12462,CAZ,Resistant,Resistant,128.0,64.0
SRS4496386,Pseudomonas aeruginosa,Pseudomonas aeruginosa,0.9888854960201904,SRR8737488,BVBRC_287.12491,CAZ,Resistant,Resistant,512.0,64.0
SRS4496387,Pseudomonas aeruginosa,Pseudomonas aeruginosa,0.9929961786830922,SRR8737487,BVBRC_287.12493,CAZ,Intermediate,Susceptible,16.0,16.0
SRS4496388,Pseudomonas aeruginosa,Pseudomonas aeruginosa,0.9939578367658448,SRR8737486,BVBRC_287.12490,CAZ,Intermediate,Susceptible,16.0,16.0
SRS4496389,Pseudomonas aeruginosa,Pseudomonas aeruginosa,0.9900875247995276,SRR8737485,BVBRC_287.12492,CAZ,Susceptible,Susceptible,8.0,8.0
SRS4496390,Pseudomonas aeruginosa,Pseudomonas aeruginosa,0.9925097705052736,SRR8737484,BVBRC_287.34685,CAZ,Resistant,Resistant,64.0,64.0
SRS4496391,Pseudomonas aeruginosa,Pseudomonas aeruginosa,0.9939416558807884,SRR8737483,BVBRC_287.34683,CAZ,Resistant,Resistant,32.0,32.0
SRS4496392,Pseudomonas aeruginosa,Pseudomonas aeruginosa,0.9931649582397282,SRR8737482,BVBRC_287.34684,CAZ,Resistant,Resistant,64.0,64.0
SRS4496393,Pseudomonas aeruginosa,Pseudomonas aeruginosa,0.9931374730561694,SRR8737481,BVBRC_287.12718,CAZ,Resistant,Resistant,64.0,64.0
SRS4496394,Pseudomonas aeruginosa,Pseudomonas aeruginosa,0.9888552865043292,SRR8737480,BVBRC_287.12711,CAZ,Resistant,Resistant,64.0,64.0
SRS4496395,Pseudomonas aeruginosa,Pseudomonas aeruginosa,0.9925145106564628,SRR8737479,BVBRC_287.12709,CAZ,Susceptible,Susceptible,8.0,8.0
SRS4496396,Pseudomonas aeruginosa,Pseudomonas aeruginosa,0.9934020432439854,SRR8737478,BVBRC_287.12712,CAZ,Resistant,Resistant,32.0,32.0
SRS4496397,Pseudomonas aeruginosa,Pseudomonas aeruginosa,0.9887561660107989,SRR8737477,BVBRC_287.34681,CAZ,Resistant,Resistant,32.0,32.0
SRS4496398,Pseudomonas aeruginosa,Pseudomonas aeruginosa,0.9926893000056464,SRR8737476,BVBRC_287.34682,CAZ,Intermediate,Susceptible,16.0,16.0
SRS4496399,Pseudomonas aeruginosa,Pseudomonas aeruginosa,0.9945250783295704,SRR8737475,BVBRC_287.12719,CAZ,Susceptible,Susceptible,8.0,8.0
SRS4496400,Pseudomonas aeruginosa,Pseudomonas aeruginosa,0.9887308564319272,SRR8737474,BVBRC_287.12710,CAZ,Resistant,Resistant,64.0,64.0
SRS4496401,Pseudomonas aeruginosa,Pseudomonas aeruginosa,0.9928966681744356,SRR8737473,BVBRC_287.12758,CAZ,Susceptible,Susceptible,4.0,4.0
SRS4496402,Pseudomonas aeruginosa,Pseudomonas aeruginosa,0.9890070776319404,SRR8737472,ENA_SAMN11110366,CAZ,Susceptible,Susceptible,8.0,8.0
SRS4496403,Pseudomonas aeruginosa,Pseudomonas aeruginosa,0.9932077377938195,SRR8737471,BVBRC_287.12707,CAZ,Resistant,Resistant,128.0,64.0
SRS4496404,Pseudomonas aeruginosa,Pseudomonas aeruginosa,0.9929031425905964,SRR8737470,BVBRC_287.12708,CAZ,Susceptible,Susceptible,4.0,4.0
SRS4496405,Pseudomonas aeruginosa,Pseudomonas aeruginosa,0.9883026363928288,SRR8737469,BVBRC_287.12554,CAZ,Resistant,Resistant,64.0,64.0
SRS4496406,Pseudomonas aeruginosa,Pseudomonas aeruginosa,0.9889808917750648,SRR8737468,BVBRC_287.34679,CAZ,Resistant,Resistant,1024.0,
SRS4496407,Pseudomonas aeruginosa,Pseudomonas aeruginosa,0.9926415464357068,SRR8737467,ENA_SAMN11110364,CAZ,Resistant,Resistant,512.0,64.0
SRS4496408,Pseudomonas aeruginosa,Pseudomonas aeruginosa,0.9946374049829052,SRR8737466,BVBRC_287.12671,CAZ,Intermediate,Susceptible,16.0,16.0
SRS4496409,Pseudomonas aeruginosa,Pseudomonas aeruginosa,0.9927751095323596,SRR8737465,BVBRC_287.12669,CAZ,Susceptible,Susceptible,4.0,4.0
SRS4496410,Pseudomonas aeruginosa,Pseudomonas aeruginosa,0.9943323209824584,SRR8737464,BVBRC_287.12640,CAZ,Resistant,Resistant,128.0,64.0
SRS4496411,Pseudomonas aeruginosa,Pseudomonas aeruginosa,0.9891589801151516,SRR8737463,BVBRC_287.12645,CAZ,Intermediate,Susceptible,16.0,16.0
SRS4496412,Pseudomonas aeruginosa,Pseudomonas aeruginosa,0.9933401584020536,SRR8737462,BVBRC_287.12639,CAZ,Resistant,Resistant,32.0,32.0
SRS4496413,Pseudomonas aeruginosa,Pseudomonas aeruginosa,0.9934121425254826,SRR8737461,BVBRC_287.12652,CAZ,Resistant,Resistant,128.0,64.0
SRS4496414,Pseudomonas aeruginosa,Pseudomonas aeruginosa,0.9941470135887844,SRR8737460,BVBRC_287.12674,CAZ,Susceptible,Susceptible,8.0,8.0
SRS4496415,Pseudomonas aeruginosa,Pseudomonas aeruginosa,0.9937048316492388,SRR8737459,BVBRC_287.12686,CAZ,Susceptible,Susceptible,1.0,1.0
SRS4496416,Pseudomonas aeruginosa,Pseudomonas aeruginosa,0.9936316719826132,SRR8737458,BVBRC_287.12684,CAZ,Resistant,Resistant,256.0,64.0
SRS4496417,Pseudomonas aeruginosa,Pseudomonas aeruginosa,0.9934194140757964,SRR8737457,BVBRC_287.12685,CAZ,Susceptible,Susceptible,8.0,8.0
SRS4496418,Pseudomonas aeruginosa,Pseudomonas aeruginosa,0.9889026635233508,SRR8737456,BVBRC_287.12683,CAZ,Susceptible,Susceptible,4.0,4.0
SRS4496419,Pseudomonas aeruginosa,Pseudomonas aeruginosa,0.9895389422314264,SRR8737455,BVBRC_287.12681,CAZ,Susceptible,Susceptible,2.0,2.0
SRS4496420,Pseudomonas aeruginosa,Pseudomonas aeruginosa,0.9887089234008406,SRR8737454,BVBRC_287.12682,CAZ,Susceptible,Susceptible,2.0,2.0
SRS4496421,Pseudomonas aeruginosa,Pseudomonas aeruginosa,0.9887733235411292,SRR8737453,BVBRC_287.12443,CAZ,Intermediate,Susceptible,16.0,16.0
SRS4496422,Pseudomonas aeruginosa,Pseudomonas aeruginosa,0.9906890121627212,SRR8737452,BVBRC_287.12442,CAZ,Resistant,Resistant,128.0,64.0
SRS4496423,Pseudomonas aeruginosa,Pseudomonas aeruginosa,0.9880652814958372,SRR8737451,ENA_SAMN11110394,CAZ,Intermediate,Susceptible,16.0,16.0
SRS4496424,Pseudomonas aeruginosa,Pseudomonas aeruginosa,0.9930549049019683,SRR8737450,ENA_SAMN11110395,CAZ,Susceptible,Susceptible,8.0,8.0
SRS4496425,Pseudomonas aeruginosa,Pseudomonas aeruginosa,0.9919147659986816,SRR8737449,ENA_SAMN11110392,CAZ,Resistant,Resistant,32.0,32.0
SRS4496426,Pseudomonas aeruginosa,Pseudomonas aeruginosa,0.9884683969240048,SRR8737448,ENA_SAMN11110393,CAZ,Resistant,Resistant,128.0,64.0
SRS4496427,Pseudomonas aeruginosa,Pseudomonas aeruginosa,0.9936048843260868,SRR8737447,ENA_SAMN11110398,CAZ,Intermediate,Susceptible,16.0,16.0
SRS4496428,Pseudomonas aeruginosa,Pseudomonas aeruginosa,0.9929511136370356,SRR8737446,BVBRC_287.12441,CAZ,Resistant,Resistant,64.0,64.0
SRS4496429,Pseudomonas aeruginosa,Pseudomonas aeruginosa,0.9933555044899778,SRR8737445,ENA_SAMN11110396,CAZ,Susceptible,Susceptible,8.0,8.0
SRS4496430,Pseudomonas aeruginosa,Pseudomonas aeruginosa,0.9886824533418858,SRR8737444,ENA_SAMN11110397,CAZ,Resistant,Resistant,128.0,64.0
SRS4496431,Pseudomonas aeruginosa,Pseudomonas aeruginosa,0.9925411527208556,SRR8737443,ENA_SAMN11110647,CAZ,Susceptible,Susceptible,2.0,2.0
SRS4496432,Pseudomonas aeruginosa,Pseudomonas aeruginosa,0.9938762737662508,SRR8737442,ENA_SAMN11110646,CAZ,Intermediate,Susceptible,16.0,16.0
SRS4496433,Pseudomonas aeruginosa,Pseudomonas aeruginosa,0.9888202438838836,SRR8737441,ENA_SAMN11110649,CAZ,Resistant,Resistant,32.0,32.0
SRS4496434,Pseudomonas aeruginosa,Pseudomonas aeruginosa,0.9929632265456596,SRR8737440,BVBRC_287.12500,CAZ,Resistant,Resistant,32.0,32.0
SRS4496435,Pseudomonas aeruginosa,Pseudomonas aeruginosa,0.9929218629249112,SRR8737439,BVBRC_287.12501,CAZ,Resistant,Resistant,128.0,64.0
SRS4496436,Pseudomonas aeruginosa,Pseudomonas aeruginosa,0.9946328022407952,SRR8737438,BVBRC_287.12506,CAZ,Susceptible,Susceptible,1.0,1.0
SRS4496437,Pseudomonas aeruginosa,Pseudomonas aeruginosa,0.9938460659223884,SRR8737437,ENA_SAMN11110645,CAZ,Susceptible,Susceptible,2.0,2.0
SRS4496438,Pseudomonas aeruginosa,Pseudomonas aeruginosa,0.9885534215636717,SRR8737436,BVBRC_287.12464,CAZ,Susceptible,Susceptible,8.0,8.0
SRS4496439,Pseudomonas aeruginosa,Pseudomonas aeruginosa,0.993938500306146,SRR8737435,BVBRC_287.12754,CAZ,Susceptible,Susceptible,2.0,2.0
SRS4496440,Pseudomonas aeruginosa,Pseudomonas aeruginosa,0.9939264671522482,SRR8737434,BVBRC_287.12753,CAZ,Susceptible,Susceptible,1.0,1.0
SRS4496441,Pseudomonas aeruginosa,Pseudomonas aeruginosa,0.9927879811803236,SRR8737433,BVBRC_287.12737,CAZ,Susceptible,Susceptible,1.0,1.0
SRS4496442,Pseudomonas aeruginosa,Pseudomonas aeruginosa,0.9939723667111336,SRR8737432,BVBRC_287.12755,CAZ,Susceptible,Susceptible,2.0,2.0
SRS4496443,Pseudomonas aeruginosa,Pseudomonas aeruginosa,0.9928117331283268,SRR8737431,BVBRC_287.12463,CAZ,Susceptible,Susceptible,2.0,2.0
SRS4496444,Pseudomonas aeruginosa,Pseudomonas aeruginosa,0.9886857630664136,SRR8737430,BVBRC_287.12459,CAZ,Resistant,Resistant,64.0,64.0
SRS4496445,Pseudomonas aeruginosa,Pseudomonas aeruginosa,0.9886311934329604,SRR8737429,BVBRC_287.12752,CAZ,Susceptible,Susceptible,4.0,4.0
SRS4496446,Pseudomonas aeruginosa,Pseudomonas aeruginosa,0.9887712733419968,SRR8737428,BVBRC_287.12751,CAZ,Susceptible,Susceptible,0.5,0.5
SRS4496447,Pseudomonas aeruginosa,Pseudomonas aeruginosa,0.9890287621917688,SRR8737426,BVBRC_287.34678,CAZ,Resistant,Resistant,1024.0,
SRS4496448,Pseudomonas aeruginosa,Pseudomonas aeruginosa,0.9923721297208824,SRR8737427,BVBRC_287.34677,CAZ,Resistant,Resistant,32.0,32.0
SRS4496449,Pseudomonas aeruginosa,Pseudomonas aeruginosa,0.9930095604068208,SRR8737425,ENA_SAMN11110337,CAZ,Susceptible,Susceptible,4.0,4.0
SRS4496450,Pseudomonas aeruginosa,Pseudomonas aeruginosa,0.9938969660062342,SRR8737423,ENA_SAMN11110335,CAZ,Intermediate,Susceptible,16.0,16.0
SRS4496451,Pseudomonas aeruginosa,Pseudomonas aeruginosa,0.9938599193052882,SRR8737424,ENA_SAMN11110336,CAZ,Resistant,Resistant,32.0,32.0
SRS4496452,Pseudomonas aeruginosa,Pseudomonas aeruginosa,0.989272287835834,SRR8737422,BVBRC_287.12568,CAZ,Resistant,Resistant,512.0,64.0
SRS4496453,Pseudomonas aeruginosa,Pseudomonas aeruginosa,0.9881232205756584,SRR8737420,BVBRC_287.12562,CAZ,Resistant,Resistant,128.0,64.0
SRS4496454,Pseudomonas aeruginosa,Pseudomonas aeruginosa,0.9940109034344312,SRR8737421,BVBRC_287.12555,CAZ,Resistant,Resistant,32.0,32.0
SRS4496455,Pseudomonas aeruginosa,Pseudomonas aeruginosa,0.993758276848845,SRR8737419,BVBRC_287.34676,CAZ,Intermediate,Susceptible,16.0,16.0
SRS4496456,Pseudomonas aeruginosa,Pseudomonas aeruginosa,0.9878539276615024,SRR8737417,BVBRC_287.12721,CAZ,Resistant,Resistant,32.0,32.0
SRS4496457,Pseudomonas aeruginosa,Pseudomonas aeruginosa,0.9936455451733264,SRR8737418,BVBRC_287.34674,CAZ,Resistant,Resistant,64.0,64.0
SRS4496458,Pseudomonas aeruginosa,Pseudomonas aeruginosa,0.9878701499721588,SRR8737416,BVBRC_287.12722,CAZ,Intermediate,Susceptible,16.0,16.0
SRS4496459,Pseudomonas aeruginosa,Pseudomonas aeruginosa,0.992680833360429,SRR8737415,BVBRC_287.12730,CAZ,Intermediate,Susceptible,16.0,16.0
SRS4496460,Pseudomonas aeruginosa,Pseudomonas aeruginosa,0.992677176614739,SRR8737414,BVBRC_287.12729,CAZ,Intermediate,Susceptible,16.0,16.0
SRS4496461,Pseudomonas aeruginosa,Pseudomonas aeruginosa,0.9886824533418858,SRR8737413,ENA_SAMN11110341,CAZ,Resistant,Resistant,256.0,64.0
SRS4496462,Pseudomonas aeruginosa,Pseudomonas aeruginosa,0.9888160277798926,SRR8737412,BVBRC_287.12736,CAZ,Susceptible,Susceptible,4.0,4.0
SRS4496463,Pseudomonas aeruginosa,Pseudomonas aeruginosa,0.9929095850690424,SRR8737411,BVBRC_287.12732,CAZ,Susceptible,Susceptible,1.0,1.0
SRS4496464,Pseudomonas aeruginosa,Pseudomonas aeruginosa,0.988782580505132,SRR8737409,BVBRC_287.12747,CAZ,Susceptible,Susceptible,1.0,1.0
SRS4496465,Pseudomonas aeruginosa,Pseudomonas aeruginosa,0.9933659865399848,SRR8737410,BVBRC_287.12738,CAZ,Susceptible,Susceptible,2.0,2.0
SRS4496466,Pseudomonas aeruginosa,Pseudomonas aeruginosa,0.9888136374878111,SRR8737408,BVBRC_287.12746,CAZ,Susceptible,Susceptible,1.0,1.0
SRS4496467,Pseudomonas aeruginosa,Pseudomonas aeruginosa,0.9887849683958904,SRR8737407,BVBRC_287.12745,CAZ,Susceptible,Susceptible,0.5,0.5
SRS4496468,Pseudomonas aeruginosa,Pseudomonas aeruginosa,0.9926709501429596,SRR8737406,BVBRC_287.12740,CAZ,Susceptible,Susceptible,8.0,8.0
SRS4496469,Pseudomonas aeruginosa,Pseudomonas aeruginosa,0.988988800995242,SRR8737405,BVBRC_287.34673,CAZ,Resistant,Resistant,1024.0,
SRS4496470,Pseudomonas aeruginosa,Pseudomonas aeruginosa,0.9929547403560078,SRR8737404,BVBRC_287.34675,CAZ,Resistant,Resistant,32.0,32.0
SRS4496471,Pseudomonas aeruginosa,Pseudomonas aeruginosa,0.9937130873178806,SRR8737403,BVBRC_287.34670,CAZ,Resistant,Resistant,64.0,64.0
SRS4496472,Pseudomonas aeruginosa,Pseudomonas aeruginosa,0.9890267906694776,SRR8737402,BVBRC_287.34671,CAZ,Resistant,Resistant,1024.0,
SRS4496473,Pseudomonas aeruginosa,Pseudomonas aeruginosa,0.9928743155336862,SRR8737400,BVBRC_287.12741,CAZ,Susceptible,Susceptible,8.0,8.0
SRS4496474,Pseudomonas aeruginosa,Pseudomonas aeruginosa,0.9935875474823568,SRR8737401,BVBRC_287.12756,CAZ,Susceptible,Susceptible,8.0,8.0
SRS4496475,Pseudomonas aeruginosa,Pseudomonas aeruginosa,0.9888760321560838,SRR8737399,BVBRC_287.34672,CAZ,Susceptible,Susceptible,4.0,4.0
SRS4496476,Pseudomonas aeruginosa,Pseudomonas aeruginosa,0.9888368086376752,SRR8737398,BVBRC_287.12731,CAZ,Susceptible,Susceptible,8.0,8.0
SRS4496477,Pseudomonas aeruginosa,Pseudomonas aeruginosa,0.9918021395374844,SRR8737397,BVBRC_287.12705,CAZ,Susceptible,Susceptible,0.5,0.5
SRS4496478,Pseudomonas aeruginosa,Pseudomonas aeruginosa,0.992977657228248,SRR8737396,BVBRC_287.12706,CAZ,Intermediate,Susceptible,16.0,16.0
SRS4496479,Pseudomonas aeruginosa,Pseudomonas aeruginosa,0.9946329835823234,SRR8737395,BVBRC_287.12694,CAZ,Susceptible,Susceptible,1.0,1.0
SRS4496480,Pseudomonas aeruginosa,Pseudomonas aeruginosa,0.9917862380211816,SRR8737394,BVBRC_287.12692,CAZ,Susceptible,Susceptible,2.0,2.0
SRS4496481,Pseudomonas aeruginosa,Pseudomonas aeruginosa,0.9940612577960768,SRR8737393,BVBRC_287.12695,CAZ,Susceptible,Susceptible,2.0,2.0
SRS4496482,Pseudomonas aeruginosa,Pseudomonas aeruginosa,0.99323269038881,SRR8737392,BVBRC_287.12728,CAZ,Intermediate,Susceptible,16.0,16.0
SRS4496483,Pseudomonas aeruginosa,Pseudomonas aeruginosa,0.9923139767726912,SRR8737391,BVBRC_287.12689,CAZ,Susceptible,Susceptible,2.0,2.0
SRS4496484,Pseudomonas aeruginosa,Pseudomonas aeruginosa,0.9941883052059276,SRR8737390,BVBRC_287.12696,CAZ,Susceptible,Susceptible,4.0,4.0
SRS4496485,Pseudomonas aeruginosa,Pseudomonas aeruginosa,0.9942141539169496,SRR8737389,BVBRC_287.12698,CAZ,Susceptible,Susceptible,2.0,2.0
SRS4496486,Pseudomonas aeruginosa,Pseudomonas aeruginosa,0.992376361063757,SRR8737388,ENA_SAMN11110365,CAZ,Resistant,Resistant,256.0,64.0
SRS4496487,Pseudomonas aeruginosa,Pseudomonas aeruginosa,0.9887329923621252,SRR8737387,ENA_SAMN11110338,CAZ,Susceptible,Susceptible,4.0,4.0
SRS4496488,Pseudomonas aeruginosa,Pseudomonas aeruginosa,0.993157286537914,SRR8737386,ENA_SAMN11110371,CAZ,Susceptible,Susceptible,2.0,2.0
SRS4496489,Pseudomonas aeruginosa,Pseudomonas aeruginosa,0.989158614174962,SRR8737384,BVBRC_287.34667,CAZ,Resistant,Resistant,1024.0,
SRS4496490,Pseudomonas aeruginosa,Pseudomonas aeruginosa,0.9890206232431668,SRR8737385,BVBRC_287.34669,CAZ,Resistant,Resistant,1024.0,
SRS4496491,Pseudomonas aeruginosa,Pseudomonas aeruginosa,0.9938935130491284,SRR8737383,BVBRC_287.34668,CAZ,Resistant,Resistant,32.0,32.0
SRS4496492,Pseudomonas aeruginosa,Pseudomonas aeruginosa,0.9887084850685222,SRR8737382,BVBRC_287.34663,CAZ,Intermediate,Susceptible,16.0,16.0
SRS4496493,Pseudomonas aeruginosa,Pseudomonas aeruginosa,0.9937176846652396,SRR8737381,BVBRC_287.34660,CAZ,Resistant,Resistant,64.0,64.0
SRS4496494,Pseudomonas aeruginosa,Pseudomonas aeruginosa,0.9878600853164778,SRR8737380,BVBRC_287.34659,CAZ,Resistant,Resistant,128.0,64.0
SRS4496495,Pseudomonas aeruginosa,Pseudomonas aeruginosa,0.9890423703698832,SRR8737379,BVBRC_287.12599,CAZ,Resistant,Resistant,1024.0,
SRS4496496,Pseudomonas aeruginosa,Pseudomonas aeruginosa,0.9945299486566168,SRR8737378,BVBRC_287.34664,CAZ,Resistant,Resistant,32.0,32.0
SRS4496497,Pseudomonas aeruginosa,Pseudomonas aeruginosa,0.989158614174962,SRR8737377,BVBRC_287.34665,CAZ,Resistant,Resistant,1024.0,
SRS4496498,Pseudomonas aeruginosa,Pseudomonas aeruginosa,0.9912364647450136,SRR8737376,BVBRC_287.12486,CAZ,Susceptible,Susceptible,4.0,4.0
SRS4496499,Pseudomonas aeruginosa,Pseudomonas aeruginosa,0.9935387467149522,SRR8737375,BVBRC_287.34662,CAZ,Resistant,Resistant,64.0,64.0
SRS4496500,Pseudomonas aeruginosa,Pseudomonas aeruginosa,0.9926347378353478,SRR8737374,BVBRC_287.34661,CAZ,Resistant,Resistant,64.0,64.0
SRS4496501,Pseudomonas aeruginosa,Pseudomonas aeruginosa,0.9945178507674932,SRR8737373,BVBRC_287.12606,CAZ,Resistant,Resistant,64.0,64.0
SRS4496502,Pseudomonas aeruginosa,Pseudomonas aeruginosa,0.9888903400680168,SRR8737372,BVBRC_287.12499,CAZ,Intermediate,Susceptible,16.0,16.0
SRS4496503,Pseudomonas aeruginosa,Pseudomonas aeruginosa,0.9937636855655628,SRR8737371,BVBRC_287.12496,CAZ,Resistant,Resistant,256.0,64.0
SRS4496504,Pseudomonas aeruginosa,Pseudomonas aeruginosa,0.9886921985539362,SRR8737370,BVBRC_287.12498,CAZ,Susceptible,Susceptible,4.0,4.0
SRS4496505,Pseudomonas aeruginosa,Pseudomonas aeruginosa,0.9879749178389944,SRR8737369,ENA_SAMN11110334,CAZ,Susceptible,Susceptible,4.0,4.0
SRS4496506,Pseudomonas aeruginosa,Pseudomonas aeruginosa,0.9928738691417068,SRR8737367,BVBRC_287.34658,CAZ,Resistant,Resistant,32.0,32.0
SRS4496507,Pseudomonas aeruginosa,Pseudomonas aeruginosa,0.9929759739803868,SRR8737368,BVBRC_287.34666,CAZ,Resistant,Resistant,32.0,32.0
SRS4496508,Pseudomonas aeruginosa,Pseudomonas aeruginosa,0.993416375258616,SRR8737366,ENA_SAMN11110372,CAZ,Susceptible,Susceptible,4.0,4.0
SRS4496509,Pseudomonas aeruginosa,Pseudomonas aeruginosa,0.9886075751439828,SRR8737365,ENA_SAMN11110373,CAZ,Intermediate,Susceptible,16.0,16.0
SRS4496510,Pseudomonas aeruginosa,Pseudomonas aeruginosa,0.9885268447920638,SRR8737364,BVBRC_287.12759,CAZ,Resistant,Resistant,256.0,64.0
SRS4496511,Pseudomonas aeruginosa,Pseudomonas aeruginosa,0.9888139825878728,SRR8737363,BVBRC_287.12734,CAZ,Intermediate,Susceptible,16.0,16.0
SRS4496512,Pseudomonas aeruginosa,Pseudomonas aeruginosa,0.9937876501958782,SRR8737362,BVBRC_287.12744,CAZ,Intermediate,Susceptible,16.0,16.0
SRS4496513,Pseudomonas aeruginosa,Pseudomonas aeruginosa,0.9911288331894664,SRR8737361,BVBRC_287.12650,CAZ,Resistant,Resistant,32.0,32.0
SRS4496514,Pseudomonas aeruginosa,Pseudomonas aeruginosa,0.9920639376998992,SRR8737360,BVBRC_287.34657,CAZ,Resistant,Resistant,64.0,64.0
SRS4496515,Pseudomonas aeruginosa,Pseudomonas aeruginosa,0.9937229588770008,SRR8737359,BVBRC_287.12626,CAZ,Susceptible,Susceptible,4.0,4.0
SRS4496516,Pseudomonas aeruginosa,Pseudomonas aeruginosa,0.9885484498531848,SRR8737358,BVBRC_287.12553,CAZ,Resistant,Resistant,128.0,64.0
SRS4496517,Pseudomonas aeruginosa,Pseudomonas aeruginosa,0.9930324520334692,SRR8737357,BVBRC_287.34654,CAZ,Resistant,Resistant,64.0,64.0
SRS4496518,Pseudomonas aeruginosa,Pseudomonas aeruginosa,0.9930371255740532,SRR8737356,BVBRC_287.34655,CAZ,Resistant,Resistant,128.0,64.0
SRS4496519,Pseudomonas aeruginosa,Pseudomonas aeruginosa,0.9936623863958236,SRR8737355,BVBRC_287.34656,CAZ,Intermediate,Susceptible,16.0,16.0
SRS4496520,Pseudomonas aeruginosa,Pseudomonas aeruginosa,0.9930324520334692,SRR8737354,BVBRC_287.34653,CAZ,Resistant,Resistant,64.0,64.0
SRS4496521,Pseudomonas aeruginosa,Pseudomonas aeruginosa,0.9929133814850454,SRR8737353,BVBRC_287.12700,CAZ,Intermediate,Susceptible,16.0,16.0
SRS4496522,Pseudomonas aeruginosa,Pseudomonas aeruginosa,0.9942667386961468,SRR8737352,BVBRC_287.12717,CAZ,Susceptible,Susceptible,8.0,8.0
SRS4496523,Pseudomonas aeruginosa,Pseudomonas aeruginosa,0.9925367526970068,SRR8737351,BVBRC_287.12714,CAZ,Intermediate,Susceptible,16.0,16.0
SRS4496524,Pseudomonas aeruginosa,Pseudomonas aeruginosa,0.9889357047065598,SRR8737349,BVBRC_287.12703,CAZ,Susceptible,Susceptible,4.0,4.0
SRS4496525,Pseudomonas aeruginosa,Pseudomonas aeruginosa,0.9942632734058466,SRR8737350,BVBRC_287.12699,CAZ,Intermediate,Susceptible,16.0,16.0
SRS4496526,Pseudomonas aeruginosa,Pseudomonas aeruginosa,0.9926518053493378,SRR8737348,BVBRC_287.12704,CAZ,Intermediate,Susceptible,16.0,16.0
SRS4496527,Pseudomonas aeruginosa,Pseudomonas aeruginosa,0.9937809327129206,SRR8737347,BVBRC_287.12701,CAZ,Susceptible,Susceptible,8.0,8.0
SRS4496528,Pseudomonas aeruginosa,Pseudomonas aeruginosa,0.9894333252812556,SRR8737346,BVBRC_287.12702,CAZ,Susceptible,Susceptible,8.0,8.0
SRS4496529,Pseudomonas aeruginosa,Pseudomonas aeruginosa,0.992604789737006,SRR8737345,BVBRC_287.12713,CAZ,Intermediate,Susceptible,16.0,16.0
SRS4496530,Pseudomonas aeruginosa,Pseudomonas aeruginosa,0.992912708282746,SRR8737344,BVBRC_287.12715,CAZ,Intermediate,Susceptible,16.0,16.0
SRS4496531,Pseudomonas aeruginosa,Pseudomonas aeruginosa,0.9888777658965936,SRR8737343,BVBRC_287.12450,CAZ,Resistant,Resistant,512.0,64.0
SRS4496532,Pseudomonas aeruginosa,Pseudomonas aeruginosa,0.9927584057475602,SRR8737342,BVBRC_287.12449,CAZ,Susceptible,Susceptible,8.0,8.0
SRS4496533,Pseudomonas aeruginosa,Pseudomonas aeruginosa,0.993214338246906,SRR8737341,BVBRC_287.12440,CAZ,Resistant,Resistant,64.0,64.0
SRS4496534,Pseudomonas aeruginosa,Pseudomonas aeruginosa,0.9888206507151944,SRR8737340,ENA_SAMN11110644,CAZ,Intermediate,Susceptible,16.0,16.0
SRS4496535,Pseudomonas aeruginosa,Pseudomonas aeruginosa,0.9931323540434724,SRR8737339,ENA_SAMN11110651,CAZ,Intermediate,Susceptible,16.0,16.0
SRS4496537,Pseudomonas aeruginosa,Pseudomonas aeruginosa,0.993197598381722,SRR8737337,ENA_SAMN11110340,CAZ,Susceptible,Susceptible,1.0,1.0
SRS4496538,Pseudomonas aeruginosa,Pseudomonas aeruginosa,0.9925768485389256,SRR8737336,BVBRC_287.34652,CAZ,Resistant,Resistant,32.0,32.0
SRS4496539,Pseudomonas aeruginosa,Pseudomonas aeruginosa,0.99304072731948,SRR8737335,BVBRC_287.34649,CAZ,Resistant,Resistant,128.0,64.0
SRS4496540,Pseudomonas aeruginosa,Pseudomonas aeruginosa,0.9934893530190272,SRR8737334,BVBRC_287.34651,CAZ,Resistant,Resistant,64.0,64.0
SRS4496541,Pseudomonas aeruginosa,Pseudomonas aeruginosa,0.9888822794733052,SRR8737333,BVBRC_287.34650,CAZ,Intermediate,Susceptible,16.0,16.0
SRS4496542,Pseudomonas aeruginosa,Pseudomonas aeruginosa,0.993833465211852,SRR8737332,BVBRC_287.34646,CAZ,Intermediate,Susceptible,16.0,16.0
SRS4496543,Pseudomonas aeruginosa,Pseudomonas aeruginosa,0.9924670677735558,SRR8737331,BVBRC_287.12648,CAZ,Resistant,Resistant,128.0,64.0
SRS4496544,Pseudomonas aeruginosa,Pseudomonas aeruginosa,0.9931617091739996,SRR8737330,BVBRC_287.34648,CAZ,Susceptible,Susceptible,8.0,8.0
SRS4496545,Pseudomonas aeruginosa,Pseudomonas aeruginosa,0.9924681842051016,SRR8737328,BVBRC_287.34645,CAZ,Resistant,Resistant,128.0,64.0
SRS4496546,Pseudomonas aeruginosa,Pseudomonas aeruginosa,0.9934187337095478,SRR8737329,BVBRC_287.34647,CAZ,Intermediate,Susceptible,16.0,16.0
SRS4496547,Pseudomonas aeruginosa,Pseudomonas aeruginosa,0.9932813991441004,SRR8737327,BVBRC_287.34644,CAZ,Resistant,Resistant,64.0,64.0
SRS4496548,Pseudomonas aeruginosa,Pseudomonas aeruginosa,0.988991213586725,SRR8737326,BVBRC_287.34643,CAZ,Resistant,Resistant,1024.0,
SRS4496549,Pseudomonas aeruginosa,Pseudomonas aeruginosa,0.993730537730154,SRR8737325,BVBRC_287.34641,CAZ,Resistant,Resistant,32.0,32.0
SRS4496550,Pseudomonas aeruginosa,Pseudomonas aeruginosa,0.9939880606543144,SRR8737324,BVBRC_287.34642,CAZ,Resistant,Resistant,64.0,64.0
SRS4496551,Pseudomonas aeruginosa,Pseudomonas aeruginosa,0.9939798622659932,SRR8737323,BVBRC_287.34638,CAZ,Resistant,Resistant,64.0,64.0
SRS4496552,Pseudomonas aeruginosa,Pseudomonas aeruginosa,0.9891838172659908,SRR8737322,BVBRC_287.12693,CAZ,Susceptible,Susceptible,4.0,4.0
SRS4496553,Pseudomonas aeruginosa,Pseudomonas aeruginosa,0.9891512178133488,SRR8737321,BVBRC_287.12690,CAZ,Susceptible,Susceptible,2.0,2.0
SRS4496554,Pseudomonas aeruginosa,Pseudomonas aeruginosa,0.9934759065736252,SRR8737320,BVBRC_287.12691,CAZ,Susceptible,Susceptible,2.0,2.0
SRS4496555,Pseudomonas aeruginosa,Pseudomonas aeruginosa,0.9890685161196991,SRR8737319,BVBRC_287.34827,CAZ,Susceptible,Susceptible,1.0,1.0
SRS4496556,Pseudomonas aeruginosa,Pseudomonas aeruginosa,0.9931105438716926,SRR8737318,BVBRC_287.12617,CAZ,Susceptible,Susceptible,4.0,4.0
SRS4496557,Pseudomonas aeruginosa,Pseudomonas aeruginosa,0.9929222140981636,SRR8737317,BVBRC_287.34640,CAZ,Susceptible,Susceptible,4.0,4.0
SRS4496558,Pseudomonas aeruginosa,Pseudomonas aeruginosa,0.988984847818904,SRR8737316,BVBRC_287.34639,CAZ,Resistant,Resistant,1024.0,
SRS4496559,Pseudomonas aeruginosa,Pseudomonas aeruginosa,0.993597330957956,SRR8737315,BVBRC_287.34637,CAZ,Resistant,Resistant,32.0,32.0
SRS4496560,Pseudomonas aeruginosa,Pseudomonas aeruginosa,0.9929269124590194,SRR8737314,BVBRC_287.34636,CAZ,Susceptible,Susceptible,4.0,4.0
SRS4496561,Pseudomonas aeruginosa,Pseudomonas aeruginosa,0.99296803602756,SRR8737313,BVBRC_287.12502,CAZ,Susceptible,Susceptible,4.0,4.0
SRS4496562,Pseudomonas aeruginosa,Pseudomonas aeruginosa,0.9936641246305172,SRR8737312,ENA_SAMN11110655,CAZ,Susceptible,Susceptible,2.0,2.0
SRS4496563,Pseudomonas aeruginosa,Pseudomonas aeruginosa,0.9929720887668696,SRR8737311,ENA_SAMN11110656,CAZ,Resistant,Resistant,32.0,32.0
SRS4496567,Pseudomonas aeruginosa,Pseudomonas aeruginosa,0.9937557620197373,SRR8737307,BVBRC_287.12520,CAZ,Susceptible,Susceptible,4.0,4.0
SRS4496569,Pseudomonas aeruginosa,Pseudomonas aeruginosa,0.9946093559576936,SRR8737305,BVBRC_287.12480,CAZ,Susceptible,Susceptible,8.0,8.0
SRS4496570,Pseudomonas aeruginosa,Pseudomonas aeruginosa,0.9836258601371284,SRR8737304,BVBRC_287.12468,CAZ,Resistant,Resistant,32.0,32.0
SRS4496571,Pseudomonas aeruginosa,Pseudomonas aeruginosa,0.9886842904657354,SRR8737303,BVBRC_287.12471,CAZ,Resistant,Resistant,128.0,64.0
SRS4496572,Pseudomonas aeruginosa,Pseudomonas aeruginosa,0.9943860476408996,SRR8737302,ENA_SAMN11110442,CAZ,Resistant,Resistant,32.0,32.0
SRS4496573,Pseudomonas aeruginosa,Pseudomonas aeruginosa,0.9943627589904942,SRR8737301,BVBRC_287.12478,CAZ,Intermediate,Susceptible,16.0,16.0
SRS4496574,Pseudomonas aeruginosa,Pseudomonas aeruginosa,0.9937385996372412,SRR8737299,BVBRC_287.12482,CAZ,Resistant,Resistant,32.0,32.0
SRS4496575,Pseudomonas aeruginosa,Pseudomonas aeruginosa,0.9881282905851034,SRR8737300,BVBRC_287.12481,CAZ,Susceptible,Susceptible,2.0,2.0
SRS4496576,Pseudomonas aeruginosa,Pseudomonas aeruginosa,0.9943697624590198,SRR8737297,BVBRC_287.12483,CAZ,Susceptible,Susceptible,1.0,1.0
SRS4496577,Pseudomonas aeruginosa,Pseudomonas aeruginosa,0.98895623371408,SRR8737298,BVBRC_287.12479,CAZ,Intermediate,Susceptible,16.0,16.0
SRS4496578,Pseudomonas aeruginosa,Pseudomonas aeruginosa,0.993668117911125,SRR8737296,BVBRC_287.12484,CAZ,Susceptible,Susceptible,4.0,4.0
SRS4496579,Pseudomonas aeruginosa,Pseudomonas aeruginosa,0.9925359865103144,SRR8737295,BVBRC_287.12733,CAZ,Resistant,Resistant,64.0,64.0
SRS4496580,Pseudomonas aeruginosa,Pseudomonas aeruginosa,0.9919814671707532,SRR8737294,BVBRC_287.12547,CAZ,Resistant,Resistant,128.0,64.0
SRS4496581,Pseudomonas aeruginosa,Pseudomonas aeruginosa,0.9919861903409976,SRR8737293,BVBRC_287.12549,CAZ,Resistant,Resistant,128.0,64.0
SRS4496582,Pseudomonas aeruginosa,Pseudomonas aeruginosa,0.98840442101552,SRR8737292,BVBRC_287.12550,CAZ,Resistant,Resistant,128.0,64.0
SRS4496583,Pseudomonas aeruginosa,Pseudomonas aeruginosa,0.9937434244219904,SRR8737291,BVBRC_287.12531,CAZ,Resistant,Resistant,64.0,64.0
SRS4496584,Pseudomonas aeruginosa,Pseudomonas aeruginosa,0.9917217018557988,SRR8737290,BVBRC_287.12743,CAZ,Susceptible,Susceptible,4.0,4.0
SRS4496585,Pseudomonas aeruginosa,Pseudomonas aeruginosa,0.9892451379362092,SRR8737289,BVBRC_287.12716,CAZ,Susceptible,Susceptible,2.0,2.0
SRS4496586,Pseudomonas aeruginosa,Pseudomonas aeruginosa,0.9932396415025628,SRR8737288,BVBRC_287.12757,CAZ,Susceptible,Susceptible,8.0,8.0
SRS4496587,Pseudomonas aeruginosa,Pseudomonas aeruginosa,0.9889418665434324,SRR8737287,BVBRC_287.12511,CAZ,Resistant,Resistant,32.0,32.0
SRS4496588,Pseudomonas aeruginosa,Pseudomonas aeruginosa,0.988825590797641,SRR8737286,BVBRC_287.12748,CAZ,Susceptible,Susceptible,1.0,1.0
SRS4496589,Pseudomonas aeruginosa,Pseudomonas aeruginosa,0.9888212061106616,SRR8737285,BVBRC_287.12749,CAZ,Susceptible,Susceptible,1.0,1.0
SRS4496590,Pseudomonas aeruginosa,Pseudomonas aeruginosa,0.9915997886541528,SRR8737284,BVBRC_287.12525,CAZ,Susceptible,Susceptible,1.0,1.0
SRS4496591,Pseudomonas aeruginosa,Pseudomonas aeruginosa,0.9941080748532208,SRR8737283,BVBRC_287.12527,CAZ,Susceptible,Susceptible,2.0,2.0
SRS4496592,Pseudomonas aeruginosa,Pseudomonas aeruginosa,0.9920267999691756,SRR8737282,BVBRC_287.12523,CAZ,Resistant,Resistant,32.0,32.0
SRS4496593,Pseudomonas aeruginosa,Pseudomonas aeruginosa,0.9891104273223874,SRR8737281,BVBRC_287.12522,CAZ,Intermediate,Susceptible,16.0,16.0
SRS4496594,Pseudomonas aeruginosa,Pseudomonas aeruginosa,0.9927914439560144,SRR8737694,BVBRC_287.12530,CAZ,Susceptible,Susceptible,0.5,0.5
SRS4496595,Pseudomonas aeruginosa,Pseudomonas aeruginosa,0.9932601423779276,SRR8737693,BVBRC_287.12524,CAZ,Susceptible,Susceptible,2.0,2.0
SRS4496596,Pseudomonas aeruginosa,Pseudomonas aeruginosa,0.9879256466568884,SRR8737692,BVBRC_287.12544,CAZ,Susceptible,Susceptible,2.0,2.0
SRS4496597,Pseudomonas aeruginosa,Pseudomonas aeruginosa,0.9940730633207602,SRR8737691,BVBRC_287.12529,CAZ,Susceptible,Susceptible,2.0,2.0
SRS4496598,Pseudomonas aeruginosa,Pseudomonas aeruginosa,0.9938238941240578,SRR8737690,BVBRC_287.12563,CAZ,Susceptible,Susceptible,8.0,8.0
SRS4496599,Pseudomonas aeruginosa,Pseudomonas aeruginosa,0.9884613792169796,SRR8737689,BVBRC_287.12545,CAZ,Susceptible,Susceptible,2.0,2.0
SRS4496600,Pseudomonas aeruginosa,Pseudomonas aeruginosa,0.9899983764170116,SRR8737688,BVBRC_287.12724,CAZ,Resistant,Resistant,256.0,64.0
SRS4496601,Pseudomonas aeruginosa,Pseudomonas aeruginosa,0.9886336055168948,SRR8737687,BVBRC_287.12750,CAZ,Susceptible,Susceptible,4.0,4.0
SRS4496602,Pseudomonas aeruginosa,Pseudomonas aeruginosa,0.9888279820145746,SRR8737686,BVBRC_287.12735,CAZ,Susceptible,Susceptible,1.0,1.0
SRS4496603,Pseudomonas aeruginosa,Pseudomonas aeruginosa,0.9921945978249674,SRR8737685,ENA_SAMN11110367,CAZ,Susceptible,Susceptible,2.0,2.0
SRS4496604,Pseudomonas aeruginosa,Pseudomonas aeruginosa,0.9895299785778716,SRR8737683,ENA_SAMN11110369,CAZ,Susceptible,Susceptible,2.0,2.0
SRS4496605,Pseudomonas aeruginosa,Pseudomonas aeruginosa,0.988684840097424,SRR8737684,ENA_SAMN11110339,CAZ,Resistant,Resistant,64.0,64.0
SRS4496606,Pseudomonas aeruginosa,Pseudomonas aeruginosa,0.9943371755351283,SRR8737682,ENA_SAMN11110368,CAZ,Susceptible,Susceptible,2.0,2.0
SRS4496608,Pseudomonas aeruginosa,Pseudomonas aeruginosa,0.9885708252741224,SRR8737680,ENA_SAMN11110362,CAZ,Intermediate,Susceptible,16.0,16.0
SRS4496609,Pseudomonas aeruginosa,Pseudomonas aeruginosa,0.9941517436316022,SRR8737679,ENA_SAMN11110374,CAZ,Susceptible,Susceptible,1.0,1.0
SRS4496610,Pseudomonas aeruginosa,Pseudomonas aeruginosa,0.9886850788878516,SRR8737677,ENA_SAMN11110376,CAZ,Susceptible,Susceptible,8.0,8.0
SRS4496611,Pseudomonas aeruginosa,Pseudomonas aeruginosa,0.9936523853181864,SRR8737678,ENA_SAMN11110375,CAZ,Resistant,Resistant,64.0,64.0
SRS4496612,Pseudomonas aeruginosa,Pseudomonas aeruginosa,0.9880018911501786,SRR8737676,ENA_SAMN11110377,CAZ,Susceptible,Susceptible,1.0,1.0
SRS4496613,Pseudomonas aeruginosa,Pseudomonas aeruginosa,0.9946823275195374,SRR8737675,ENA_SAMN11110378,CAZ,Intermediate,Susceptible,16.0,16.0
SRS4496614,Pseudomonas aeruginosa,Pseudomonas aeruginosa,0.993650098948572,SRR8737674,ENA_SAMN11110379,CAZ,Resistant,Resistant,128.0,64.0
SRS4496615,Pseudomonas aeruginosa,Pseudomonas aeruginosa,0.9927852908509012,SRR8737673,ENA_SAMN11110380,CAZ,Susceptible,Susceptible,8.0,8.0
SRS4496616,Pseudomonas aeruginosa,Pseudomonas aeruginosa,0.9875859581942336,SRR8737672,ENA_SAMN11110381,CAZ,Susceptible,Susceptible,8.0,8.0
SRS4496617,Pseudomonas aeruginosa,Pseudomonas aeruginosa,0.9921825713223152,SRR8737671,BVBRC_287.12726,CAZ,Intermediate,Susceptible,16.0,16.0
SRS4496618,Pseudomonas aeruginosa,Pseudomonas aeruginosa,0.9930271085165608,SRR8737670,BVBRC_287.12517,CAZ,Susceptible,Susceptible,4.0,4.0
SRS4496619,Pseudomonas aeruginosa,Pseudomonas aeruginosa,0.988952688837674,SRR8737669,BVBRC_287.12518,CAZ,Resistant,Resistant,32.0,32.0
SRS4496620,Pseudomonas aeruginosa,Pseudomonas aeruginosa,0.989114444884398,SRR8737668,BVBRC_287.12519,CAZ,Resistant,Resistant,128.0,64.0
SRS4496621,Pseudomonas aeruginosa,Pseudomonas aeruginosa,0.9937546921363352,SRR8737667,BVBRC_287.12521,CAZ,Susceptible,Susceptible,4.0,4.0
SRS4496628,Pseudomonas aeruginosa,Pseudomonas aeruginosa,0.9889936263665552,SRR8737660,BVBRC_287.34704,CAZ,Resistant,Resistant,1024.0,
SRS4496629,Pseudomonas aeruginosa,Pseudomonas aeruginosa,0.9888848981652966,SRR8737659,BVBRC_287.34706,CAZ,Resistant,Resistant,1024.0,
SRS4496630,Pseudomonas aeruginosa,Pseudomonas aeruginosa,0.9892183098192358,SRR8737658,BVBRC_287.34708,CAZ,Resistant,Resistant,32.0,32.0
SRS4496631,Pseudomonas aeruginosa,Pseudomonas aeruginosa,0.989310603948563,SRR8737657,BVBRC_287.34709,CAZ,Resistant,Resistant,32.0,32.0
SRS4496632,Pseudomonas aeruginosa,Pseudomonas aeruginosa,0.9937201040887476,SRR8737655,BVBRC_287.12444,CAZ,Resistant,Resistant,32.0,32.0
SRS4496633,Pseudomonas aeruginosa,Pseudomonas aeruginosa,0.9935481980614036,SRR8737656,BVBRC_287.34707,CAZ,Resistant,Resistant,64.0,64.0
SRS4496634,Pseudomonas aeruginosa,Pseudomonas aeruginosa,0.994651270834149,SRR8737653,BVBRC_287.12446,CAZ,Susceptible,Susceptible,8.0,8.0
SRS4496635,Pseudomonas aeruginosa,Pseudomonas aeruginosa,0.993750130169395,SRR8737652,BVBRC_287.12455,CAZ,Intermediate,Susceptible,16.0,16.0
SRS4496636,Pseudomonas aeruginosa,Pseudomonas aeruginosa,0.9937878485451632,SRR8737651,BVBRC_287.12453,CAZ,Susceptible,Susceptible,2.0,2.0
SRS4496637,Pseudomonas aeruginosa,Pseudomonas aeruginosa,0.9886264519006996,SRR8737654,BVBRC_287.12445,CAZ,Susceptible,Susceptible,4.0,4.0
SRS4496638,Pseudomonas aeruginosa,Pseudomonas aeruginosa,0.98867510030094,SRR8737650,BVBRC_287.12452,CAZ,Resistant,Resistant,128.0,64.0
SRS4496639,Pseudomonas aeruginosa,Pseudomonas aeruginosa,0.9937696024462028,SRR8737649,BVBRC_287.12451,CAZ,Susceptible,Susceptible,8.0,8.0
SRS4496640,Pseudomonas aeruginosa,Pseudomonas aeruginosa,0.992676386791536,SRR8737648,BVBRC_287.12663,CAZ,Susceptible,Susceptible,8.0,8.0
SRS4496641,Pseudomonas aeruginosa,Pseudomonas aeruginosa,0.9891255540195562,SRR8737647,BVBRC_287.12661,CAZ,Susceptible,Susceptible,1.0,1.0
SRS4496642,Pseudomonas aeruginosa,Pseudomonas aeruginosa,0.9930750082173468,SRR8737646,BVBRC_287.12655,CAZ,Susceptible,Susceptible,8.0,8.0
SRS4496643,Pseudomonas aeruginosa,Pseudomonas aeruginosa,0.991851231701139,SRR8737644,BVBRC_287.12675,CAZ,Susceptible,Susceptible,0.5,0.5
SRS4496644,Pseudomonas aeruginosa,Pseudomonas aeruginosa,0.9942422776736172,SRR8737645,BVBRC_287.12660,CAZ,Resistant,Resistant,256.0,64.0
SRS4496645,Pseudomonas aeruginosa,Pseudomonas aeruginosa,0.9947892761607552,SRR8737643,BVBRC_287.12654,CAZ,Resistant,Resistant,32.0,32.0
SRS4496646,Pseudomonas aeruginosa,Pseudomonas aeruginosa,0.9930666920310232,SRR8737642,BVBRC_287.12670,CAZ,Susceptible,Susceptible,2.0,2.0
SRS4496647,Pseudomonas aeruginosa,Pseudomonas aeruginosa,0.9945443543469116,SRR8737641,BVBRC_287.12668,CAZ,Susceptible,Susceptible,8.0,8.0
SRS4496648,Pseudomonas aeruginosa,Pseudomonas aeruginosa,0.9944656857465596,SRR8737640,BVBRC_287.12505,CAZ,Susceptible,Susceptible,4.0,4.0
SRS4496649,Pseudomonas aeruginosa,Pseudomonas aeruginosa,0.9927141975821676,SRR8737637,BVBRC_287.12727,CAZ,Resistant,Resistant,32.0,32.0
SRS4496650,Pseudomonas aeruginosa,Pseudomonas aeruginosa,0.9938627155147396,SRR8737639,BVBRC_287.12504,CAZ,Susceptible,Susceptible,8.0,8.0
SRS4496651,Pseudomonas aeruginosa,Pseudomonas aeruginosa,0.9933921771515212,SRR8737638,BVBRC_287.12720,CAZ,Resistant,Resistant,64.0,64.0
SRS4496652,Pseudomonas aeruginosa,Pseudomonas aeruginosa,0.9937837081960094,SRR8737636,BVBRC_287.12538,CAZ,Susceptible,Susceptible,2.0,2.0
SRS4496653,Pseudomonas aeruginosa,Pseudomonas aeruginosa,0.9887556150459348,SRR8737635,BVBRC_287.12539,CAZ,Susceptible,Susceptible,2.0,2.0
SRS4496654,Pseudomonas aeruginosa,Pseudomonas aeruginosa,0.9884685810164682,SRR8737634,BVBRC_287.12533,CAZ,Susceptible,Susceptible,1.0,1.0
SRS4496655,Pseudomonas aeruginosa,Pseudomonas aeruginosa,0.994216107349011,SRR8737633,BVBRC_287.12535,CAZ,Susceptible,Susceptible,2.0,2.0
SRS4496656,Pseudomonas aeruginosa,Pseudomonas aeruginosa,0.993466545169762,SRR8737631,BVBRC_287.12509,CAZ,Intermediate,Susceptible,16.0,16.0
SRS4496657,Pseudomonas aeruginosa,Pseudomonas aeruginosa,0.9936611976995132,SRR8737630,BVBRC_287.12494,CAZ,Resistant,Resistant,128.0,64.0
SRS4496658,Pseudomonas aeruginosa,Pseudomonas aeruginosa,0.9935640219214537,SRR8737632,BVBRC_287.12540,CAZ,Susceptible,Susceptible,1.0,1.0
SRS4496659,Pseudomonas aeruginosa,Pseudomonas aeruginosa,0.9886992088763936,SRR8737629,BVBRC_287.12508,CAZ,Intermediate,Susceptible,16.0,16.0
SRS4496660,Pseudomonas aeruginosa,Pseudomonas aeruginosa,0.9887129759759544,SRR8737628,BVBRC_287.12510,CAZ,Resistant,Resistant,128.0,64.0
SRS4496661,Pseudomonas aeruginosa,Pseudomonas aeruginosa,0.9900982951913936,SRR8737626,BVBRC_287.12476,CAZ,Susceptible,Susceptible,8.0,8.0
SRS4496662,Pseudomonas aeruginosa,Pseudomonas aeruginosa,0.9926018797011684,SRR8737627,BVBRC_287.12458,CAZ,Susceptible,Susceptible,4.0,4.0
SRS4496663,Pseudomonas aeruginosa,Pseudomonas aeruginosa,0.9929853477675572,SRR8737625,BVBRC_287.12472,CAZ,Susceptible,Susceptible,4.0,4.0
SRS4496664,Pseudomonas aeruginosa,Pseudomonas aeruginosa,0.993507548389044,SRR8737624,BVBRC_287.12473,CAZ,Resistant,Resistant,128.0,64.0
SRS4496665,Pseudomonas aeruginosa,Pseudomonas aeruginosa,0.9938818058191166,SRR8737623,BVBRC_287.12474,CAZ,Intermediate,Susceptible,16.0,16.0
SRS4496666,Pseudomonas aeruginosa,Pseudomonas aeruginosa,0.9941259784311576,SRR8737622,BVBRC_287.12662,CAZ,Resistant,Resistant,64.0,64.0
SRS4496667,Pseudomonas aeruginosa,Pseudomonas aeruginosa,0.9926957350284864,SRR8737619,BVBRC_287.12516,CAZ,Resistant,Resistant,512.0,64.0
SRS4496668,Pseudomonas aeruginosa,Pseudomonas aeruginosa,0.9941856797382488,SRR8737621,BVBRC_287.12656,CAZ,Susceptible,Susceptible,1.0,1.0
SRS4496669,Pseudomonas aeruginosa,Pseudomonas aeruginosa,0.994407161375644,SRR8737620,BVBRC_287.12513,CAZ,Resistant,Resistant,128.0,64.0
SRS4496670,Pseudomonas aeruginosa,Pseudomonas aeruginosa,0.9878876739678508,SRR8737618,BVBRC_287.12460,CAZ,Resistant,Resistant,64.0,64.0
SRS4496671,Pseudomonas aeruginosa,Pseudomonas aeruginosa,0.9942455692405808,SRR8737617,BVBRC_287.12512,CAZ,Resistant,Resistant,128.0,64.0
SRS4496672,Pseudomonas aeruginosa,Pseudomonas aeruginosa,0.993388726472208,SRR8737616,BVBRC_287.12542,CAZ,Susceptible,Susceptible,8.0,8.0
SRS4496673,Pseudomonas aeruginosa,Pseudomonas aeruginosa,0.9932422969498996,SRR8737615,BVBRC_287.12659,CAZ,Susceptible,Susceptible,1.0,1.0
SRS4496674,Pseudomonas aeruginosa,Pseudomonas aeruginosa,0.9944876337349652,SRR8737614,BVBRC_287.12514,CAZ,Resistant,Resistant,128.0,64.0
SRS4496675,Pseudomonas aeruginosa,Pseudomonas aeruginosa,0.9893642811944596,SRR8737613,BVBRC_287.12515,CAZ,Intermediate,Susceptible,16.0,16.0
SRS4496676,Pseudomonas aeruginosa,Pseudomonas aeruginosa,0.988984847818904,SRR8737612,BVBRC_287.34705,CAZ,Resistant,Resistant,1024.0,
SRS4496677,Pseudomonas aeruginosa,Pseudomonas aeruginosa,0.9921563742011228,SRR8737610,BVBRC_287.34703,CAZ,Intermediate,Susceptible,16.0,16.0
SRS4496678,Pseudomonas aeruginosa,Pseudomonas aeruginosa,0.993644479831582,SRR8737611,BVBRC_287.34702,CAZ,Resistant,Resistant,128.0,64.0
SRS4496679,Pseudomonas aeruginosa,Pseudomonas aeruginosa,0.992157176455132,SRR8737609,BVBRC_287.34698,CAZ,Intermediate,Susceptible,16.0,16.0
SRS4496680,Pseudomonas aeruginosa,Pseudomonas aeruginosa,0.9946673439236458,SRR8737608,BVBRC_287.12577,CAZ,Resistant,Resistant,128.0,64.0
SRS4496681,Pseudomonas aeruginosa,Pseudomonas aeruginosa,0.9929759351287476,SRR8737607,BVBRC_287.12667,CAZ,Intermediate,Susceptible,16.0,16.0
SRS4496682,Pseudomonas aeruginosa,Pseudomonas aeruginosa,0.9929747733993828,SRR8737606,BVBRC_287.12664,CAZ,Intermediate,Susceptible,16.0,16.0
SRS4496683,Pseudomonas aeruginosa,Pseudomonas aeruginosa,0.988528564063656,SRR8737605,BVBRC_287.12666,CAZ,Intermediate,Susceptible,16.0,16.0
SRS4496684,Pseudomonas aeruginosa,Pseudomonas aeruginosa,0.9890514266450364,SRR8737604,BVBRC_287.12665,CAZ,Resistant,Resistant,64.0,64.0
SRS4496685,Pseudomonas aeruginosa,Pseudomonas aeruginosa,0.9882659131559584,SRR8737603,ENA_SAMN11110370,CAZ,Intermediate,Susceptible,16.0,16.0
SRS4496686,Pseudomonas aeruginosa,Pseudomonas aeruginosa,0.9945310630216974,SRR8737602,BVBRC_287.12497,CAZ,Intermediate,Susceptible,16.0,16.0
SRS4496687,Pseudomonas aeruginosa,Pseudomonas aeruginosa,0.994518124182782,SRR8737601,BVBRC_287.34700,CAZ,Resistant,Resistant,32.0,32.0
SRS4496688,Pseudomonas aeruginosa,Pseudomonas aeruginosa,0.988639010691623,SRR8737600,BVBRC_287.12485,CAZ,Resistant,Resistant,64.0,64.0
SRS4496689,Pseudomonas aeruginosa,Pseudomonas aeruginosa,0.9932581450736532,SRR8737599,BVBRC_287.12488,CAZ,Resistant,Resistant,128.0,64.0
SRS4496690,Pseudomonas aeruginosa,Pseudomonas aeruginosa,0.9845875357123502,SRR8737598,BVBRC_287.12487,CAZ,Intermediate,Susceptible,16.0,16.0
SRS4496691,Pseudomonas aeruginosa,Pseudomonas aeruginosa,0.9928470305996429,SRR8737597,BVBRC_287.12495,CAZ,Intermediate,Susceptible,16.0,16.0
SRS4496692,Pseudomonas aeruginosa,Pseudomonas aeruginosa,0.9936634593727534,SRR8737596,BVBRC_287.34701,CAZ,Intermediate,Susceptible,16.0,16.0
SRS4496693,Pseudomonas aeruginosa,Pseudomonas aeruginosa,0.99286494947213,SRR8737594,BVBRC_287.34696,CAZ,Resistant,Resistant,128.0,64.0
SRS4496694,Pseudomonas aeruginosa,Pseudomonas aeruginosa,0.9936669943424098,SRR8737595,BVBRC_287.34699,CAZ,Intermediate,Susceptible,16.0,16.0
SRS4496695,Pseudomonas aeruginosa,Pseudomonas aeruginosa,0.99377744974988,SRR8737593,BVBRC_287.34697,CAZ,Resistant,Resistant,128.0,64.0
SRS4496696,Pseudomonas aeruginosa,Pseudomonas aeruginosa,0.9925573527076104,SRR8737592,BVBRC_287.12628,CAZ,Intermediate,Susceptible,16.0,16.0
SRS4496697,Pseudomonas aeruginosa,Pseudomonas aeruginosa,0.9889892377169254,SRR8737591,BVBRC_287.12631,CAZ,Intermediate,Susceptible,16.0,16.0
SRS4496698,Pseudomonas aeruginosa,Pseudomonas aeruginosa,0.9937289590035684,SRR8737590,BVBRC_287.34693,CAZ,Intermediate,Susceptible,16.0,16.0
SRS4496699,Pseudomonas aeruginosa,Pseudomonas aeruginosa,0.9890056930919268,SRR8737589,BVBRC_287.34695,CAZ,Resistant,Resistant,1024.0,
SRS4496700,Pseudomonas aeruginosa,Pseudomonas aeruginosa,0.988906568450409,SRR8737587,BVBRC_287.34692,CAZ,Resistant,Resistant,128.0,64.0
SRS4496701,Pseudomonas aeruginosa,Pseudomonas aeruginosa,0.9947772908852988,SRR8737588,BVBRC_287.34694,CAZ,Resistant,Resistant,32.0,32.0
SRS4496702,Pseudomonas aeruginosa,Pseudomonas aeruginosa,0.9892498162670788,SRR8737586,BVBRC_287.12657,CAZ,Susceptible,Susceptible,1.0,1.0
SRS4496703,Pseudomonas aeruginosa,Pseudomonas aeruginosa,0.9891592564389476,SRR8737585,BVBRC_287.12673,CAZ,Susceptible,Susceptible,2.0,2.0
SRS4496704,Pseudomonas aeruginosa,Pseudomonas aeruginosa,0.9934861980739044,SRR8737584,BVBRC_287.12672,CAZ,Susceptible,Susceptible,2.0,2.0
SRS4496705,Pseudomonas aeruginosa,Pseudomonas aeruginosa,0.9943348266656,SRR8737583,ENA_SAMN11110342,CAZ,Intermediate,Susceptible,16.0,16.0
SRS4496706,Pseudomonas aeruginosa,Pseudomonas aeruginosa,0.9941608636756648,SRR8737582,ENA_SAMN11110349,CAZ,Resistant,Resistant,64.0,64.0
SRS4496707,Pseudomonas aeruginosa,Pseudomonas aeruginosa,0.9935353977663144,SRR8737581,ENA_SAMN11110348,CAZ,Intermediate,Susceptible,16.0,16.0
SRS4496708,Pseudomonas aeruginosa,Pseudomonas aeruginosa,0.988670522329091,SRR8737580,ENA_SAMN11110347,CAZ,Susceptible,Susceptible,4.0,4.0
SRS4496709,Pseudomonas aeruginosa,Pseudomonas aeruginosa,0.9886824533418858,SRR8737579,ENA_SAMN11110346,CAZ,Resistant,Resistant,128.0,64.0
SRS4496710,Pseudomonas aeruginosa,Pseudomonas aeruginosa,0.9885004403631724,SRR8737578,ENA_SAMN11110351,CAZ,Susceptible,Susceptible,2.0,2.0
SRS4496711,Pseudomonas aeruginosa,Pseudomonas aeruginosa,0.9890101354533376,SRR8737577,ENA_SAMN11110350,CAZ,Resistant,Resistant,512.0,64.0
SRS4496712,Pseudomonas aeruginosa,Pseudomonas aeruginosa,0.9929708164409676,SRR8737576,ENA_SAMN11110436,CAZ,Susceptible,Susceptible,8.0,8.0
SRS4496713,Pseudomonas aeruginosa,Pseudomonas aeruginosa,0.988135950190274,SRR8737575,ENA_SAMN11110437,CAZ,Intermediate,Susceptible,16.0,16.0
SRS4496714,Pseudomonas aeruginosa,Pseudomonas aeruginosa,0.9884137209077124,SRR8737574,ENA_SAMN11110438,CAZ,Susceptible,Susceptible,1.0,1.0
SRS4496715,Pseudomonas aeruginosa,Pseudomonas aeruginosa,0.9946551896176352,SRR8737573,ENA_SAMN11110439,CAZ,Resistant,Resistant,32.0,32.0
SRS4496716,Pseudomonas aeruginosa,Pseudomonas aeruginosa,0.9933305241973018,SRR8737572,BVBRC_287.12475,CAZ,Susceptible,Susceptible,8.0,8.0
SRS4496717,Pseudomonas aeruginosa,Pseudomonas aeruginosa,0.9919785633852504,SRR8737571,BVBRC_287.12469,CAZ,Susceptible,Susceptible,1.0,1.0
SRS4496718,Pseudomonas aeruginosa,Pseudomonas aeruginosa,0.988697351810629,SRR8737570,BVBRC_287.12470,CAZ,Resistant,Resistant,32.0,32.0
SRS4496719,Pseudomonas aeruginosa,Pseudomonas aeruginosa,0.9931596071054952,SRR8737569,BVBRC_287.12467,CAZ,Intermediate,Susceptible,16.0,16.0
SRS4496720,Pseudomonas aeruginosa,Pseudomonas aeruginosa,0.9886872270373536,SRR8737568,ENA_SAMN11110440,CAZ,Resistant,Resistant,128.0,64.0
SRS4496721,Pseudomonas aeruginosa,Pseudomonas aeruginosa,0.9891951021733038,SRR8737567,ENA_SAMN11110441,CAZ,Resistant,Resistant,1024.0,
SRS4496722,Pseudomonas aeruginosa,Pseudomonas aeruginosa,0.9938039633631645,SRR8737566,BVBRC_287.12466,CAZ,Resistant,Resistant,32.0,32.0
SRS4496723,Pseudomonas aeruginosa,Pseudomonas aeruginosa,0.9834725708684364,SRR8737565,BVBRC_287.12465,CAZ,Intermediate,Susceptible,16.0,16.0
SRS4496724,Pseudomonas aeruginosa,Pseudomonas aeruginosa,0.9941393941172008,SRR8737564,BVBRC_287.12457,CAZ,Resistant,Resistant,256.0,64.0
SRS4496725,Pseudomonas aeruginosa,Pseudomonas aeruginosa,0.9936899968889824,SRR8737563,BVBRC_287.12456,CAZ,Resistant,Resistant,32.0,32.0
SRS4496726,Pseudomonas aeruginosa,Pseudomonas aeruginosa,0.993605985437038,SRR8737562,BVBRC_287.12448,CAZ,Resistant,Resistant,32.0,32.0
SRS4496727,Pseudomonas aeruginosa,Pseudomonas aeruginosa,0.9886933085811044,SRR8737560,BVBRC_287.12447,CAZ,Susceptible,Susceptible,1.0,1.0
SRS4496728,Pseudomonas aeruginosa,Pseudomonas aeruginosa,0.993542482857608,SRR8737561,BVBRC_287.12454,CAZ,Susceptible,Susceptible,1.0,1.0
SRS4496729,Pseudomonas aeruginosa,Pseudomonas aeruginosa,0.9935676430827804,SRR8737557,BVBRC_287.34687,CAZ,Susceptible,Susceptible,2.0,2.0
SRS4496730,Pseudomonas aeruginosa,Pseudomonas aeruginosa,0.9934756248346124,SRR8737559,BVBRC_287.34690,CAZ,Intermediate,Susceptible,16.0,16.0
SRS4496731,Pseudomonas aeruginosa,Pseudomonas aeruginosa,0.9889931887405432,SRR8737558,BVBRC_287.34691,CAZ,Resistant,Resistant,1024.0,
SRS4496732,Pseudomonas aeruginosa,Pseudomonas aeruginosa,0.9929299206686554,SRR8737556,BVBRC_287.34686,CAZ,Susceptible,Susceptible,8.0,8.0
SRS4496733,Pseudomonas aeruginosa,Pseudomonas aeruginosa,0.993102100627736,SRR8737555,BVBRC_287.12603,CAZ,Intermediate,Susceptible,16.0,16.0
SRS4496734,Pseudomonas aeruginosa,Pseudomonas aeruginosa,0.9926748507605287,SRR8737554,BVBRC_287.12723,CAZ,Intermediate,Susceptible,16.0,16.0
SRS4496735,Pseudomonas aeruginosa,Pseudomonas aeruginosa,0.9886894385192688,SRR8737553,BVBRC_287.12507,CAZ,Resistant,Resistant,256.0,64.0
SRS4496736,Pseudomonas aeruginosa,Pseudomonas aeruginosa,0.9947323832607364,SRR8737552,BVBRC_287.12489,CAZ,Susceptible,Susceptible,8.0,8.0
SRS4496737,Pseudomonas aeruginosa,Pseudomonas aeruginosa,0.991963973615807,SRR8737551,BVBRC_287.12548,CAZ,Resistant,Resistant,32.0,32.0
SRS4496738,Pseudomonas aeruginosa,Pseudomonas aeruginosa,0.9936144645678602,SRR8737550,BVBRC_287.12546,CAZ,Resistant,Resistant,64.0,64.0
SRS4496739,Pseudomonas aeruginosa,Pseudomonas aeruginosa,0.9932303063919522,SRR8737549,BVBRC_287.12725,CAZ,Resistant,Resistant,64.0,64.0
SRS4496740,Pseudomonas aeruginosa,Pseudomonas aeruginosa,0.9888866298288064,SRR8737548,BVBRC_287.12537,CAZ,Susceptible,Susceptible,4.0,4.0
SRS4496741,Pseudomonas aeruginosa,Pseudomonas aeruginosa,0.9946874493496822,SRR8737547,BVBRC_287.12536,CAZ,Susceptible,Susceptible,2.0,2.0
SRS4496742,Pseudomonas aeruginosa,Pseudomonas aeruginosa,0.9899473196406086,SRR8737546,BVBRC_287.12565,CAZ,Susceptible,Susceptible,4.0,4.0
SRS4496743,Pseudomonas aeruginosa,Pseudomonas aeruginosa,0.993230910009112,SRR8737545,BVBRC_287.12541,CAZ,Susceptible,Susceptible,2.0,2.0
SRS4496744,Pseudomonas aeruginosa,Pseudomonas aeruginosa,0.9937266858485868,SRR8737544,BVBRC_287.12564,CAZ,Susceptible,Susceptible,4.0,4.0
SRS4496745,Pseudomonas aeruginosa,Pseudomonas aeruginosa,0.992188901528144,SRR8737543,BVBRC_287.12561,CAZ,Resistant,Resistant,32.0,32.0
SRS4496746,Pseudomonas aeruginosa,Pseudomonas aeruginosa,0.9884006587219872,SRR8737542,BVBRC_287.12551,CAZ,Resistant,Resistant,64.0,64.0
SRS4496747,Pseudomonas aeruginosa,Pseudomonas aeruginosa,0.9886612214823984,SRR8737541,BVBRC_287.12552,CAZ,Resistant,Resistant,512.0,64.0
SRS4496748,Pseudomonas aeruginosa,Pseudomonas aeruginosa,0.99323389211913,SRR8737540,BVBRC_287.12742,CAZ,Intermediate,Susceptible,16.0,16.0
SRS4496749,Pseudomonas aeruginosa,Pseudomonas aeruginosa,0.9930383519137812,SRR8737538,BVBRC_287.12634,CAZ,Resistant,Resistant,128.0,64.0
SRS4496750,Pseudomonas aeruginosa,Pseudomonas aeruginosa,0.992512276082687,SRR8737539,BVBRC_287.12739,CAZ,Susceptible,Susceptible,1.0,1.0
SRS4496751,Pseudomonas aeruginosa,Pseudomonas aeruginosa,0.9937912289450642,SRR8737536,BVBRC_287.12760,CAZ,Susceptible,Susceptible,8.0,8.0
SRS4496752,Pseudomonas aeruginosa,Pseudomonas aeruginosa,0.989033596898794,SRR8737537,BVBRC_287.34688,CAZ,Resistant,Resistant,1024.0,
SRS4512424,Staphylococcus aureus,Staphylococcus aureus,0.9954839860715436,SRR8756094,ENA_SAMN09428900,ERY,Intermediate,Susceptible,4.0,4.0
SRS474276,Neisseria gonorrhoeae,Neisseria gonorrhoeae,0.9965777849373124,SRR959017,ENA_SAMN02338408,TET,Resistant,Resistant,4.0,4.0
SRS476541,Neisseria gonorrhoeae,Neisseria gonorrhoeae,0.9970292570532128,SRR969377,BVBRC_1351797.3,TET,Susceptible,Susceptible,0.25,0.25
SRS476542,Neisseria gonorrhoeae,Neisseria gonorrhoeae,0.9966942586496446,SRR969378,BVBRC_1351798.3,TET,Resistant,Resistant,2.0,2.0
SRS476543,Neisseria gonorrhoeae,Neisseria gonorrhoeae,0.9966727214415824,SRR969379,BVBRC_1351799.3,TET,Resistant,Resistant,4.0,4.0
SRS476544,Neisseria gonorrhoeae,Neisseria gonorrhoeae,0.9972742891473104,SRR969380,BVBRC_1351800.3,TET,Intermediate,Susceptible,1.0,1.0
SRS476546,Neisseria gonorrhoeae,Neisseria gonorrhoeae,0.9966002575729886,SRR969382,BVBRC_1351803.3,TET,Intermediate,Susceptible,0.5,0.5
SRS476550,Neisseria gonorrhoeae,Neisseria gonorrhoeae,0.9970402336308932,SRR969386,BVBRC_1351807.3,TET,Resistant,Resistant,2.0,2.0
SRS476553,Neisseria gonorrhoeae,Neisseria gonorrhoeae,0.9965790779466812,SRR969389,BVBRC_1351810.3,TET,Resistant,Resistant,2.0,2.0
SRS476555,Neisseria gonorrhoeae,Neisseria gonorrhoeae,0.9971411211969704,SRR969391,BVBRC_1351812.3,TET,Resistant,Resistant,2.0,2.0
SRS476556,Neisseria gonorrhoeae,Neisseria gonorrhoeae,0.9974843804281942,SRR969392,BVBRC_1351814.3,TET,Susceptible,Susceptible,0.125,0.12
SRS476589,Neisseria gonorrhoeae,Neisseria gonorrhoeae,0.9968266674031476,SRR969045,ENA_SAMN02338784,TET,Resistant,Resistant,4.0,4.0
SRS476590,Neisseria gonorrhoeae,Neisseria gonorrhoeae,0.9973848766456348,SRR969336,ENA_SAMN02338785,TET,Resistant,Resistant,8.0,8.0
SRS476595,Neisseria gonorrhoeae,Neisseria gonorrhoeae,0.99753074578735,SRR969341,ENA_SAMN02338790,TET,Resistant,Resistant,2.0,2.0
SRS476600,Neisseria gonorrhoeae,Neisseria gonorrhoeae,0.9973093493418635,SRR969345,ENA_SAMN02338794,TET,Resistant,Resistant,4.0,4.0
SRS476602,Neisseria gonorrhoeae,Neisseria gonorrhoeae,0.9967878391564304,SRR969348,ENA_SAMN02338797,TET,Resistant,Resistant,4.0,4.0
SRS476605,Neisseria gonorrhoeae,Neisseria gonorrhoeae,0.9970815268385856,SRR969351,ENA_SAMN02338800,TET,Resistant,Resistant,8.0,8.0
SRS476606,Neisseria gonorrhoeae,Neisseria gonorrhoeae,0.9973295900685308,SRR969352,ENA_SAMN02338801,TET,Resistant,Resistant,4.0,4.0
SRS485440,Escherichia coli,Escherichia coli,0.9770946821803312,SRR1010890,ENA_SAMN02356581,GEN,Resistant,Resistant,8.0,8.0
SRS485441,Escherichia coli,Escherichia coli,0.9976709412646604,SRR1010894,ENA_SAMN02356588,GEN,Susceptible,Susceptible,1.0,1.0
SRS485442,Escherichia coli,Escherichia coli,0.977110855771032,SRR1010892,ENA_SAMN02356582,GEN,Resistant,Resistant,8.0,8.0
SRS485446,Klebsiella pneumoniae,Klebsiella pneumoniae,0.9892904980095923,SRR1010900,ENA_SAMN02356594,GEN,Resistant,Resistant,8.0,8.0
SRS485448,Klebsiella pneumoniae,Klebsiella pneumoniae,0.9902058655314476,SRR1010905,ENA_SAMN02356585,GEN,Resistant,Resistant,8.0,8.0
SRS485454,Klebsiella pneumoniae,Klebsiella pneumoniae,0.9903717440118386,SRR1010917,ENA_SAMN02356597,GEN,Susceptible,Susceptible,1.0,1.0
SRS485458,Klebsiella pneumoniae,Klebsiella pneumoniae,0.9904374244976698,SRR1010923,ENA_SAMN02356600,GEN,Susceptible,Susceptible,1.0,1.0
SRS485461,Klebsiella pneumoniae,Klebsiella pneumoniae,0.9897405132260604,SRR1010931,ENA_SAMN02356606,GEN,Susceptible,Susceptible,1.0,1.0
SRS485464,Klebsiella pneumoniae,Klebsiella pneumoniae,0.9895362577328048,SRR1010939,ENA_SAMN02356617,GEN,Resistant,Resistant,16.0,16.0
SRS485465,Klebsiella pneumoniae,Klebsiella pneumoniae,0.9896605530876496,SRR1010941,ENA_SAMN02356618,GEN,Intermediate,Susceptible,4.0,4.0
SRS4884904,Campylobacter jejuni,Campylobacter jejuni,0.9774635025263986,SRR9207847,ENA_SAMN11959362,TET,Susceptible,Susceptible,0.5,0.5
SRS4884907,Campylobacter jejuni,Campylobacter jejuni,0.9765692173755384,SRR9207844,ENA_SAMN11959369,TET,Susceptible,Susceptible,0.25,0.25
SRS4884910,Campylobacter jejuni,Campylobacter jejuni,0.9779707948389548,SRR9207841,ENA_SAMN11959366,TET,Resistant,Resistant,256.0,64.0
SRS5319725,Pseudomonas aeruginosa,Pseudomonas aeruginosa,0.9937134840835756,SRR10037276,ENA_SAMN12649233,CAZ,Susceptible,Susceptible,8.0,8.0
SRS5319726,Pseudomonas aeruginosa,Pseudomonas aeruginosa,0.9937158900063812,SRR10037275,ENA_SAMN12649234,CAZ,Susceptible,Susceptible,8.0,8.0
SRS5319737,Pseudomonas aeruginosa,Pseudomonas aeruginosa,0.9937158900063812,SRR10037264,ENA_SAMN12649235,CAZ,Susceptible,Susceptible,8.0,8.0
SRS5319739,Pseudomonas aeruginosa,Pseudomonas aeruginosa,0.9937158900063812,SRR10037262,ENA_SAMN12649236,CAZ,Resistant,Resistant,128.0,64.0
SRS5319740,Pseudomonas aeruginosa,Pseudomonas aeruginosa,0.9937182961156036,SRR10037261,ENA_SAMN12649237,CAZ,Resistant,Resistant,128.0,64.0
SRS5319741,Pseudomonas aeruginosa,Pseudomonas aeruginosa,0.9937100389053486,SRR10037260,ENA_SAMN12649238,CAZ,Resistant,Resistant,128.0,64.0
SRS5319742,Pseudomonas aeruginosa,Pseudomonas aeruginosa,0.9937158900063812,SRR10037259,ENA_SAMN12649239,CAZ,Resistant,Resistant,128.0,64.0
SRS5319743,Pseudomonas aeruginosa,Pseudomonas aeruginosa,0.9937182961156036,SRR10037258,ENA_SAMN12649240,CAZ,Resistant,Resistant,128.0,64.0
SRS5319744,Pseudomonas aeruginosa,Pseudomonas aeruginosa,0.9937158900063812,SRR10037257,ENA_SAMN12649241,CAZ,Resistant,Resistant,128.0,64.0
SRS551813,Klebsiella pneumoniae,Klebsiella pneumoniae,0.9902186927321692,SRR1173103,ENA_SAMN02581270,GEN,Susceptible,Susceptible,1.0,1.0
SRS556455,Klebsiella pneumoniae,Klebsiella pneumoniae,0.9897435418678028,SRR1166945,ENA_SAMN02630998,GEN,Resistant,Resistant,8.0,8.0
SRS556457,Klebsiella pneumoniae,Klebsiella pneumoniae,0.989850445482245,SRR1166947,ENA_SAMN02631000,GEN,Resistant,Resistant,8.0,8.0
SRS556464,Klebsiella pneumoniae,Klebsiella pneumoniae,0.9892271135357248,SRR1166954,ENA_SAMN02631007,GEN,Intermediate,Susceptible,4.0,4.0
SRS556467,Klebsiella pneumoniae,Klebsiella pneumoniae,0.9892139264927624,SRR1166957,ENA_SAMN02631010,GEN,Resistant,Resistant,8.0,8.0
SRS556470,Klebsiella pneumoniae,Klebsiella pneumoniae,0.9894770675078112,SRR1166960,ENA_SAMN02631013,GEN,Resistant,Resistant,8.0,8.0
SRS556475,Klebsiella pneumoniae,Klebsiella pneumoniae,0.9897174063641804,SRR1166965,ENA_SAMN02631018,GEN,Resistant,Resistant,8.0,8.0
SRS556481,Klebsiella pneumoniae,Klebsiella pneumoniae,0.989061732790706,SRR1166971,ENA_SAMN02631024,GEN,Resistant,Resistant,8.0,8.0
SRS556487,Klebsiella pneumoniae,Klebsiella pneumoniae,0.989430870328088,SRR1166977,ENA_SAMN02631030,GEN,Intermediate,Susceptible,4.0,4.0
SRS556492,Klebsiella pneumoniae,Klebsiella pneumoniae,0.989340898505268,SRR1166982,ENA_SAMN02631035,GEN,Resistant,Resistant,8.0,8.0
SRS556495,Klebsiella pneumoniae,Klebsiella pneumoniae,0.989441040086076,SRR1166985,ENA_SAMN02631038,GEN,Resistant,Resistant,8.0,8.0
SRS556497,Klebsiella pneumoniae,Klebsiella pneumoniae,0.9888368369263428,SRR1166987,ENA_SAMN02631040,GEN,Susceptible,Susceptible,2.0,2.0
SRS556503,Klebsiella pneumoniae,Klebsiella pneumoniae,0.9894825114237152,SRR1166993,ENA_SAMN02631046,GEN,Intermediate,Susceptible,4.0,4.0
SRS556510,Klebsiella pneumoniae,Klebsiella pneumoniae,0.989577183158712,SRR1167000,ENA_SAMN02631053,GEN,Susceptible,Susceptible,2.0,2.0
SRS556511,Klebsiella pneumoniae,Klebsiella pneumoniae,0.989357653053078,SRR1167001,ENA_SAMN02631054,GEN,Resistant,Resistant,8.0,8.0
SRS556519,Klebsiella pneumoniae,Klebsiella pneumoniae,0.9893048124495716,SRR1167009,ENA_SAMN02631062,GEN,Resistant,Resistant,8.0,8.0
SRS556525,Klebsiella pneumoniae,Klebsiella pneumoniae,0.9896183589434974,SRR1167015,ENA_SAMN02631068,GEN,Resistant,Resistant,8.0,8.0
SRS556527,Klebsiella pneumoniae,Klebsiella pneumoniae,0.9894229739952576,SRR1167017,ENA_SAMN02631070,GEN,Resistant,Resistant,8.0,8.0
SRS556530,Klebsiella pneumoniae,Klebsiella pneumoniae,0.9887893787760588,SRR1167020,ENA_SAMN02631073,GEN,Resistant,Resistant,8.0,8.0
SRS556533,Klebsiella pneumoniae,Klebsiella pneumoniae,0.9892145644468154,SRR1167023,ENA_SAMN02631076,GEN,Intermediate,Susceptible,4.0,4.0
SRS556534,Klebsiella pneumoniae,Klebsiella pneumoniae,0.9892597544009776,SRR1167024,ENA_SAMN02631077,GEN,Intermediate,Susceptible,4.0,4.0
SRS556536,Klebsiella pneumoniae,Klebsiella pneumoniae,0.9775717906914336,SRR1167026,ENA_SAMN02631079,GEN,Intermediate,Susceptible,4.0,4.0
SRS559654,Escherichia coli,Escherichia coli,0.97673724873847,SRR1173075,ENA_SAMN02581401,GEN,Resistant,Resistant,8.0,8.0
SRS559800,Escherichia coli,Escherichia coli,0.9897156622003356,SRR1173096,ENA_SAMN02581402,GEN,Susceptible,Susceptible,1.0,1.0
SRS565085,Escherichia coli,Escherichia coli,0.9864217807247948,SRR1187796,ENA_SAMN02581284,GEN,Susceptible,Susceptible,1.0,1.0
SRS565100,Escherichia coli,Escherichia coli,0.9735915775550956,SRR1187805,ENA_SAMN02581259,GEN,Susceptible,Susceptible,1.0,1.0
SRS565101,Escherichia coli,Escherichia coli,0.9745754564390297,SRR1187810,ENA_SAMN02581298,GEN,Resistant,Resistant,8.0,8.0
SRS565108,Escherichia coli,Escherichia coli,0.978761300623116,SRR1187708,ENA_SAMN02581292,GEN,Susceptible,Susceptible,1.0,1.0
SRS565114,Escherichia coli,Escherichia coli,0.986030596917658,SRR1187841,ENA_SAMN02581279,GEN,Susceptible,Susceptible,1.0,1.0
SRS565118,Escherichia coli,Escherichia coli,0.9732215758391406,SRR1187842,ENA_SAMN02581280,GEN,Susceptible,Susceptible,1.0,1.0
SRS565119,Escherichia coli,Escherichia coli,0.9862567448902658,SRR1187803,ENA_SAMN02581300,GEN,Susceptible,Susceptible,1.0,1.0
SRS565124,Klebsiella pneumoniae,Klebsiella pneumoniae,0.9892969950828568,SRR1187821,ENA_SAMN02581281,GEN,Intermediate,Susceptible,4.0,4.0
SRS565130,Klebsiella pneumoniae,Klebsiella variicola,0.9917147470863118,SRR1187798,ENA_SAMN02581282,GEN,Susceptible,Susceptible,1.0,1.0
SRS565135,Escherichia coli,Escherichia coli,0.9891173324370198,SRR1187782,ENA_SAMN02581293,GEN,Susceptible,Susceptible,1.0,1.0
SRS565136,Escherichia coli,Escherichia coli,0.9863523684914596,SRR1187781,ENA_SAMN02581291,GEN,Susceptible,Susceptible,1.0,1.0
SRS565138,Escherichia coli,Escherichia coli,0.9864835058892638,SRR1187772,ENA_SAMN02581296,GEN,Susceptible,Susceptible,1.0,1.0
SRS565140,Escherichia coli,Escherichia coli,0.973943146114742,SRR1187774,ENA_SAMN02581272,GEN,Susceptible,Susceptible,1.0,1.0
SRS565141,Escherichia coli,Escherichia coli,0.9860903290121972,SRR1187824,ENA_SAMN02581285,GEN,Susceptible,Susceptible,1.0,1.0
SRS565142,Escherichia coli,Escherichia coli,0.9782935328082324,SRR1187820,ENA_SAMN02581263,GEN,Resistant,Resistant,16.0,16.0
SRS565148,Escherichia coli,Escherichia coli,0.986381498968339,SRR1187763,ENA_SAMN02581297,GEN,Susceptible,Susceptible,1.0,1.0
SRS565151,Escherichia coli,Escherichia coli,0.9727055841862922,SRR1187819,ENA_SAMN02581295,GEN,Susceptible,Susceptible,1.0,1.0
SRS565153,Escherichia coli,Escherichia coli,0.9858087716000123,SRR1187848,ENA_SAMN02581257,GEN,Resistant,Resistant,16.0,16.0
SRS565158,Klebsiella pneumoniae,Klebsiella pneumoniae,0.9894992286844656,SRR1187813,ENA_SAMN02581267,GEN,Intermediate,Susceptible,4.0,4.0
SRS565160,Klebsiella pneumoniae,Klebsiella pneumoniae,0.9896156344633869,SRR1187823,ENA_SAMN02581269,GEN,Intermediate,Susceptible,4.0,4.0
SRS565167,Acinetobacter baumannii,Klebsiella pneumoniae,0.980287618955896,SRR1187804,ENA_SAMN02581277,CAZ,Resistant,Resistant,32.0,32.0
SRS565168,Escherichia coli,Escherichia coli,0.9864844556015092,SRR1187825,ENA_SAMN02581299,GEN,Susceptible,Susceptible,1.0,1.0
SRS565171,Escherichia coli,Escherichia coli,0.978274428248417,SRR1187834,ENA_SAMN02581264,GEN,Resistant,Resistant,16.0,16.0
SRS565174,Escherichia coli,Escherichia coli,0.9749504296480932,SRR1187826,ENA_SAMN02581271,GEN,Resistant,Resistant,16.0,16.0
SRS565175,Escherichia coli,Escherichia coli,0.9969152339729432,SRR1187790,ENA_SAMN02581286,GEN,Susceptible,Susceptible,1.0,1.0
SRS565183,Escherichia coli,Escherichia coli,0.9860308886479304,SRR1187780,ENA_SAMN02581283,GEN,Susceptible,Susceptible,1.0,1.0
SRS565186,Escherichia coli,Escherichia coli,0.9889203306892668,SRR1187783,ENA_SAMN02581294,GEN,Susceptible,Susceptible,1.0,1.0
SRS565301,Salmonella enterica,Salmonella enterica,0.9898460717445536,SRR1181525,ENA_SAMN02640779,GEN,Susceptible,Susceptible,0.25,0.25
SRS567693,Salmonella enterica,Salmonella enterica,0.9916684044873372,SRR1185819,ENA_SAMN02640787,GEN,Susceptible,Susceptible,0.25,0.25
SRS567713,Salmonella enterica,Salmonella enterica,0.9906631455368832,SRR1185839,ENA_SAMN02640819,GEN,Resistant,Resistant,16.0,16.0
SRS575632,Salmonella enterica,Salmonella enterica,0.9908488705681447,SRR1195631,ENA_SAMN02640825,GEN,Susceptible,Susceptible,0.5,0.5
SRS576151,Klebsiella pneumoniae,Klebsiella pneumoniae,0.9892185269715338,SRR1204041,ENA_SAMN02581383,GEN,Susceptible,Susceptible,1.0,1.0
SRS576205,Escherichia coli,Escherichia coli,0.9730441751221685,SRR1204067,ENA_SAMN02581390,GEN,Susceptible,Susceptible,1.0,1.0
SRS576259,Escherichia coli,Escherichia coli,0.9722337050057346,SRR1204059,ENA_SAMN02581389,GEN,Susceptible,Susceptible,1.0,1.0
SRS579497,Salmonella enterica,Salmonella enterica,0.9917847301346367,SRR1200757,ENA_SAMN02640859,GEN,Susceptible,Susceptible,0.5,0.5
SRS579503,Salmonella enterica,Salmonella enterica,0.9917794587170806,SRR1200764,ENA_SAMN02640852,GEN,Susceptible,Susceptible,0.5,0.5
SRS580833,Salmonella enterica,Salmonella enterica,0.9982286851131076,SRR1203014,ENA_SAMN02640883,GEN,Susceptible,Susceptible,0.5,0.5
SRS580836,Salmonella enterica,Salmonella enterica,0.9993260494695164,SRR1203017,ENA_SAMN02640878,GEN,Susceptible,Susceptible,0.5,0.5
SRS580838,Salmonella enterica,Salmonella enterica,0.9899928408244556,SRR1203019,ENA_SAMN02640880,GEN,Susceptible,Susceptible,0.25,0.25
SRS580844,Salmonella enterica,Salmonella enterica,0.993512974015282,SRR1203028,ENA_SAMN02640874,GEN,Resistant,Resistant,8.0,8.0
SRS580851,Salmonella enterica,Salmonella enterica,0.9909438076478588,SRR1203034,ENA_SAMN02640875,GEN,Susceptible,Susceptible,0.5,0.5
SRS583682,Staphylococcus aureus,Staphylococcus aureus,0.9986320989275124,SRR1206476,ENA_SAMN02700075,ERY,Susceptible,Susceptible,0.25,0.25
SRS589749,Salmonella enterica,Salmonella enterica,0.9914522373331957,SRR1220739,ENA_SAMN02640896,GEN,Resistant,Resistant,16.0,16.0
SRS589791,Salmonella enterica,Salmonella enterica,0.9914522373331957,SRR1220782,ENA_SAMN02640895,GEN,Resistant,Resistant,16.0,16.0
SRS594864,Salmonella enterica,Salmonella enterica,0.9936134982716688,SRR1257279,ENA_SAMN02640933,GEN,Resistant,Resistant,16.0,16.0
SRS594887,Salmonella enterica,Salmonella enterica,0.9938555308332372,SRR1257301,ENA_SAMN02640930,GEN,Resistant,Resistant,16.0,16.0
SRS602959,Salmonella enterica,Salmonella enterica,0.986954059860928,SRR1272854,ENA_SAMN02640940,GEN,Susceptible,Susceptible,0.25,0.25
SRS620580,Salmonella enterica,Salmonella enterica,0.9906674021098502,SRR1299268,ENA_SAMN02640901,GEN,Resistant,Resistant,16.0,16.0
SRS620597,Salmonella enterica,Salmonella enterica,0.9908977174996872,SRR1299286,ENA_SAMN02640915,GEN,Susceptible,Susceptible,0.25,0.25
SRS620734,Salmonella enterica,Salmonella enterica,0.98986368483535,SRR1299423,ENA_SAMN02640900,GEN,Susceptible,Susceptible,0.25,0.25
SRS621638,Salmonella enterica,Salmonella enterica,0.9917055094655202,SRR1300555,ENA_SAMN02640956,GEN,Susceptible,Susceptible,0.25,0.25
SRS621691,Salmonella enterica,Salmonella enterica,0.9917215277546604,SRR1300613,ENA_SAMN02766989,GEN,Susceptible,Susceptible,0.5,0.5
SRS621720,Salmonella enterica,Salmonella enterica,0.9908943942799616,SRR1300653,ENA_SAMN02640913,GEN,Susceptible,Susceptible,0.5,0.5
SRS621729,Salmonella enterica,Salmonella enterica,0.9938730120879607,SRR1300663,ENA_SAMN02766979,GEN,Resistant,Resistant,16.0,16.0
SRS621785,Salmonella enterica,Salmonella enterica,0.993876334588957,SRR1300722,ENA_SAMN02766980,GEN,Resistant,Resistant,16.0,16.0
SRS6303088,Pseudomonas aeruginosa,Pseudomonas aeruginosa,0.9945773465552494,SRR11288329,ENA_SAMN10055670,CAZ,Susceptible,Susceptible,1.0,1.0
SRS6303090,Pseudomonas aeruginosa,Pseudomonas aeruginosa,0.9945038092041129,SRR11288328,ENA_SAMN10055668,CAZ,Susceptible,Susceptible,4.0,4.0
SRS6303091,Pseudomonas aeruginosa,Pseudomonas aeruginosa,0.9945773465552494,SRR11288327,ENA_SAMN10055675,CAZ,Susceptible,Susceptible,1.0,1.0
SRS6303092,Pseudomonas aeruginosa,Pseudomonas aeruginosa,0.994563711978778,SRR11288326,ENA_SAMN10055667,CAZ,Susceptible,Susceptible,1.0,1.0
SRS6303093,Pseudomonas aeruginosa,Pseudomonas aeruginosa,0.9945694637289522,SRR11288325,ENA_SAMN10055669,CAZ,Susceptible,Susceptible,1.0,1.0
SRS6303095,Pseudomonas aeruginosa,Pseudomonas aeruginosa,0.9945394666032392,SRR11288323,ENA_SAMN10055674,CAZ,Susceptible,Susceptible,0.25,0.25
SRS6303096,Pseudomonas aeruginosa,Pseudomonas aeruginosa,0.9945583641463592,SRR11288322,ENA_SAMN10055671,CAZ,Susceptible,Susceptible,1.0,1.0
SRS6303097,Pseudomonas aeruginosa,Pseudomonas aeruginosa,0.99456251024498,SRR11288321,ENA_SAMN10055673,CAZ,Susceptible,Susceptible,2.0,2.0
SRS6303098,Pseudomonas aeruginosa,Pseudomonas aeruginosa,0.994572939098178,SRR11288320,ENA_SAMN10055672,CAZ,Susceptible,Susceptible,2.0,2.0
SRS630383,Salmonella enterica,Salmonella enterica,0.9857097427647614,SRR1363285,ENA_SAMN02640967,GEN,Susceptible,Susceptible,0.25,0.25
SRS630412,Salmonella enterica,Salmonella enterica,0.9938710848837552,SRR1363314,ENA_SAMN02767032,GEN,Resistant,Resistant,16.0,16.0
SRS659961,Salmonella enterica,Salmonella enterica,0.986944397134802,SRR1514719,ENA_SAMN02767042,GEN,Susceptible,Susceptible,0.5,0.5
SRS666465,Salmonella enterica,Salmonella enterica,0.99137329608491,SRR1525265,ENA_SAMN02777652,GEN,Resistant,Resistant,16.0,16.0
SRS667974,Salmonella enterica,Salmonella enterica,0.9904264077469438,SRR1528486,ENA_SAMN02782524,GEN,Resistant,Resistant,16.0,16.0
SRS668023,Salmonella enterica,Salmonella enterica,0.9906588080868436,SRR1528524,ENA_SAMN02782527,GEN,Resistant,Resistant,16.0,16.0
SRS668030,Salmonella enterica,Salmonella enterica,0.9917847301346367,SRR1528531,ENA_SAMN02894043,GEN,Susceptible,Susceptible,0.25,0.25
SRS679326,Salmonella enterica,Salmonella enterica,0.9868952915382264,SRR1544207,ENA_SAMN02782482,GEN,Resistant,Resistant,16.0,16.0
SRS679351,Salmonella enterica,Salmonella enterica,0.9937188698655623,SRR1544238,ENA_SAMN02782483,GEN,Resistant,Resistant,16.0,16.0
SRS679407,Salmonella enterica,Salmonella enterica,0.9909009264640768,SRR1544306,ENA_SAMN02782505,GEN,Susceptible,Susceptible,0.5,0.5
SRS679414,Salmonella enterica,Salmonella enterica,0.9938682943639012,SRR1544319,ENA_SAMN02782473,GEN,Resistant,Resistant,8.0,8.0
SRS686513,Salmonella enterica,Salmonella enterica,0.9906727813069178,SRR1553769,ENA_SAMN02782545,GEN,Resistant,Resistant,16.0,16.0
SRS686560,Salmonella enterica,Salmonella enterica,0.9875475363777996,SRR1553817,ENA_SAMN02782539,GEN,Resistant,Resistant,8.0,8.0
SRS686586,Salmonella enterica,Salmonella enterica,0.9906727813069178,SRR1553846,ENA_SAMN02782544,GEN,Resistant,Resistant,16.0,16.0
SRS688134,Salmonella enterica,Salmonella enterica,0.9907816165007388,SRR1556116,ENA_SAMN02782565,GEN,Susceptible,Susceptible,0.25,0.25
SRS688663,Salmonella enterica,Salmonella enterica,0.986941157311928,SRR1556980,ENA_SAMN02894118,GEN,Susceptible,Susceptible,0.5,0.5
SRS688665,Salmonella enterica,Salmonella enterica,0.9907861925359556,SRR1556982,ENA_SAMN02894031,GEN,Susceptible,Susceptible,0.25,0.25
SRS693338,Salmonella enterica,Salmonella enterica,0.9869185917938664,SRR1562598,ENA_SAMN02777666,GEN,Resistant,Resistant,16.0,16.0
SRS700483,Salmonella enterica,Salmonella enterica,0.991417305248761,SRR1574320,ENA_SAMN02894058,GEN,Resistant,Resistant,16.0,16.0
SRS706600,Salmonella enterica,Salmonella enterica,0.989666312530378,SRR1582177,ENA_SAMN02777662,GEN,Susceptible,Susceptible,0.5,0.5
SRS707119,Salmonella enterica,Salmonella enterica,0.991906263991198,SRR1583119,ENA_SAMN02894052,GEN,Susceptible,Susceptible,0.25,0.25
SRS716260,Salmonella enterica,Salmonella enterica,0.9889272193946254,SRR1598881,ENA_SAMN02782627,GEN,Resistant,Resistant,16.0,16.0
SRS719564,Salmonella enterica,Salmonella enterica,0.9855860968653156,SRR1609691,ENA_SAMN02894137,GEN,Susceptible,Susceptible,0.5,0.5
SRS723596,Salmonella enterica,Salmonella enterica,0.9944810177355364,SRR1615091,ENA_SAMN02782642,GEN,Resistant,Resistant,16.0,16.0
SRS724157,Salmonella enterica,Salmonella enterica,0.990809194531296,SRR1646564,ENA_SAMN02894022,GEN,Susceptible,Susceptible,0.25,0.25
SRS724179,Salmonella enterica,Salmonella enterica,0.9874117807923428,SRR1646948,ENA_SAMN02894097,GEN,Susceptible,Susceptible,0.25,0.25
SRS735264,Salmonella enterica,Salmonella enterica,0.9906176873063416,SRR1637058,ENA_SAMN02777704,GEN,Susceptible,Susceptible,1.0,1.0
SRS735278,Salmonella enterica,Salmonella enterica,0.9854440480213494,SRR1637072,ENA_SAMN02777669,GEN,Susceptible,Susceptible,2.0,2.0
SRS741177,Salmonella enterica,Salmonella enterica,0.9938716171934792,SRR1646548,ENA_SAMN02894146,GEN,Resistant,Resistant,16.0,16.0
SRS748800,Salmonella enterica,Salmonella enterica,0.9906176873063416,SRR1658086,ENA_SAMN02777703,GEN,Susceptible,Susceptible,1.0,1.0
SRS750959,Neisseria gonorrhoeae,Neisseria gonorrhoeae,0.9967457503506436,SRR1661154,ENA_SAMN03201500,TET,Resistant,Resistant,2.0,2.0
SRS750962,Neisseria gonorrhoeae,Neisseria gonorrhoeae,0.9966629528599956,SRR1661157,ENA_SAMN03201503,TET,Resistant,Resistant,128.0,64.0
SRS750963,Neisseria gonorrhoeae,Neisseria gonorrhoeae,0.9968143287433088,SRR1661158,ENA_SAMN03201504,TET,Resistant,Resistant,4.0,4.0
SRS750966,Neisseria gonorrhoeae,Neisseria gonorrhoeae,0.9972243848462464,SRR1661161,ENA_SAMN03201507,TET,Resistant,Resistant,4.0,4.0
SRS750967,Neisseria gonorrhoeae,Neisseria gonorrhoeae,0.9981374876854732,SRR1661162,ENA_SAMN03201508,TET,Susceptible,Susceptible,0.125,0.12
SRS750970,Neisseria gonorrhoeae,Neisseria gonorrhoeae,0.9965261436038484,SRR1661165,ENA_SAMN03201511,TET,Resistant,Resistant,2.0,2.0
SRS750971,Neisseria gonorrhoeae,Neisseria gonorrhoeae,0.9972318877383056,SRR1661166,ENA_SAMN03201512,TET,Resistant,Resistant,4.0,4.0
SRS750974,Neisseria gonorrhoeae,Neisseria gonorrhoeae,0.9972778316593066,SRR1661169,ENA_SAMN03201515,TET,Susceptible,Susceptible,0.25,0.25
SRS750976,Neisseria gonorrhoeae,Neisseria gonorrhoeae,0.9981197102095632,SRR1661171,ENA_SAMN03201517,TET,Susceptible,Susceptible,0.25,0.25
SRS750978,Neisseria gonorrhoeae,Neisseria gonorrhoeae,0.997051814107033,SRR1661173,ENA_SAMN03201519,TET,Resistant,Resistant,4.0,4.0
SRS750980,Neisseria gonorrhoeae,Neisseria gonorrhoeae,0.9970758181650868,SRR1661175,ENA_SAMN03201521,TET,Resistant,Resistant,4.0,4.0
SRS750982,Neisseria gonorrhoeae,Neisseria gonorrhoeae,0.997103619458143,SRR1661178,ENA_SAMN03201524,TET,Susceptible,Susceptible,0.25,0.25
SRS750983,Neisseria gonorrhoeae,Neisseria gonorrhoeae,0.997600118700246,SRR1661177,ENA_SAMN03201523,TET,Susceptible,Susceptible,0.25,0.25
SRS750985,Neisseria gonorrhoeae,Neisseria gonorrhoeae,0.997039950704589,SRR1661180,ENA_SAMN03201526,TET,Susceptible,Susceptible,0.25,0.25
SRS750986,Neisseria gonorrhoeae,Neisseria gonorrhoeae,0.9967269310481816,SRR1661181,ENA_SAMN03201527,TET,Resistant,Resistant,2.0,2.0
SRS750987,Neisseria gonorrhoeae,Neisseria gonorrhoeae,0.997362285650212,SRR1661183,ENA_SAMN03201529,TET,Resistant,Resistant,4.0,4.0
SRS750989,Neisseria gonorrhoeae,Neisseria gonorrhoeae,0.9973109453786744,SRR1661184,ENA_SAMN03201530,TET,Resistant,Resistant,2.0,2.0
SRS750990,Neisseria gonorrhoeae,Neisseria gonorrhoeae,0.9973573325675864,SRR1661185,ENA_SAMN03201531,TET,Resistant,Resistant,4.0,4.0
SRS750991,Neisseria gonorrhoeae,Neisseria gonorrhoeae,0.9972919759924842,SRR1661186,ENA_SAMN03201532,TET,Intermediate,Susceptible,1.0,1.0
SRS750993,Neisseria gonorrhoeae,Neisseria gonorrhoeae,0.997362285650212,SRR1661188,ENA_SAMN03201534,TET,Resistant,Resistant,8.0,8.0
SRS750996,Neisseria gonorrhoeae,Neisseria gonorrhoeae,0.9973698141627968,SRR1661191,ENA_SAMN03201537,TET,Resistant,Resistant,4.0,4.0
SRS750997,Neisseria gonorrhoeae,Neisseria gonorrhoeae,0.9973371183343154,SRR1661192,ENA_SAMN03201538,TET,Resistant,Resistant,4.0,4.0
SRS750998,Neisseria gonorrhoeae,Neisseria gonorrhoeae,0.997333487725319,SRR1661193,ENA_SAMN03201539,TET,Intermediate,Susceptible,1.0,1.0
SRS751000,Neisseria gonorrhoeae,Neisseria gonorrhoeae,0.9968418711595394,SRR1661195,ENA_SAMN03201541,TET,Resistant,Resistant,2.0,2.0
SRS751005,Neisseria gonorrhoeae,Neisseria gonorrhoeae,0.9973485250195996,SRR1661199,ENA_SAMN03201545,TET,Resistant,Resistant,2.0,2.0
SRS751015,Neisseria gonorrhoeae,Neisseria gonorrhoeae,0.9970006720467416,SRR1661210,ENA_SAMN03201556,TET,Resistant,Resistant,4.0,4.0
SRS751017,Neisseria gonorrhoeae,Neisseria gonorrhoeae,0.9970142280848572,SRR1661212,ENA_SAMN03201558,TET,Resistant,Resistant,4.0,4.0
SRS751018,Neisseria gonorrhoeae,Neisseria gonorrhoeae,0.9970081785079904,SRR1661213,ENA_SAMN03201559,TET,Resistant,Resistant,4.0,4.0
SRS751021,Neisseria gonorrhoeae,Neisseria gonorrhoeae,0.9969962706892364,SRR1661216,ENA_SAMN03201562,TET,Resistant,Resistant,2.0,2.0
SRS751022,Neisseria gonorrhoeae,Neisseria gonorrhoeae,0.9969766873501248,SRR1661217,ENA_SAMN03201563,TET,Resistant,Resistant,2.0,2.0
SRS751024,Neisseria gonorrhoeae,Neisseria gonorrhoeae,0.9978878441374872,SRR1661219,ENA_SAMN03201565,TET,Susceptible,Susceptible,0.125,0.12
SRS751029,Neisseria gonorrhoeae,Neisseria gonorrhoeae,0.9973018997298868,SRR1661225,ENA_SAMN03201571,TET,Intermediate,Susceptible,1.0,1.0
SRS751030,Neisseria gonorrhoeae,Neisseria gonorrhoeae,0.9973018997298868,SRR1661224,ENA_SAMN03201570,TET,Intermediate,Susceptible,1.0,1.0
SRS751035,Neisseria gonorrhoeae,Neisseria gonorrhoeae,0.9970668612204958,SRR1661230,ENA_SAMN03201576,TET,Resistant,Resistant,2.0,2.0
SRS751036,Neisseria gonorrhoeae,Neisseria gonorrhoeae,0.9970593367554308,SRR1661231,ENA_SAMN03201577,TET,Resistant,Resistant,4.0,4.0
SRS751037,Neisseria gonorrhoeae,Neisseria gonorrhoeae,0.998112170743798,SRR1661232,ENA_SAMN03201578,TET,Susceptible,Susceptible,0.25,0.25
SRS751039,Neisseria gonorrhoeae,Neisseria gonorrhoeae,0.997495407115732,SRR1661234,ENA_SAMN03201580,TET,Susceptible,Susceptible,0.25,0.25
SRS751041,Neisseria gonorrhoeae,Neisseria gonorrhoeae,0.9981347946105432,SRR1661236,ENA_SAMN03201582,TET,Susceptible,Susceptible,0.25,0.25
SRS751042,Neisseria gonorrhoeae,Neisseria gonorrhoeae,0.9975068561700926,SRR1661237,ENA_SAMN03201583,TET,Susceptible,Susceptible,0.25,0.25
SRS751043,Neisseria gonorrhoeae,Neisseria gonorrhoeae,0.9975104997588916,SRR1661238,ENA_SAMN03201584,TET,Susceptible,Susceptible,0.25,0.25
SRS751044,Neisseria gonorrhoeae,Neisseria gonorrhoeae,0.9975029525238795,SRR1661239,ENA_SAMN03201585,TET,Susceptible,Susceptible,0.25,0.25
SRS751045,Neisseria gonorrhoeae,Neisseria gonorrhoeae,0.9974878635335792,SRR1661240,ENA_SAMN03201586,TET,Susceptible,Susceptible,0.25,0.25
SRS751046,Neisseria gonorrhoeae,Neisseria gonorrhoeae,0.9975180488216396,SRR1661241,ENA_SAMN03201587,TET,Susceptible,Susceptible,0.25,0.25
SRS751050,Neisseria gonorrhoeae,Neisseria gonorrhoeae,0.9969226849296652,SRR1661245,ENA_SAMN03201591,TET,Resistant,Resistant,4.0,4.0
SRS751053,Neisseria gonorrhoeae,Neisseria gonorrhoeae,0.9970081785079904,SRR1661248,ENA_SAMN03201594,TET,Resistant,Resistant,8.0,8.0
SRS751054,Neisseria gonorrhoeae,Neisseria gonorrhoeae,0.9968638260345256,SRR1661250,ENA_SAMN03201596,TET,Resistant,Resistant,2.0,2.0
SRS751056,Neisseria gonorrhoeae,Neisseria gonorrhoeae,0.9970457379656504,SRR1661251,ENA_SAMN03201597,TET,Resistant,Resistant,4.0,4.0
SRS751058,Neisseria gonorrhoeae,Neisseria gonorrhoeae,0.9970278039363798,SRR1661253,ENA_SAMN03201599,TET,Resistant,Resistant,2.0,2.0
SRS751059,Neisseria gonorrhoeae,Neisseria gonorrhoeae,0.9970682953923397,SRR1661254,ENA_SAMN03201600,TET,Intermediate,Susceptible,1.0,1.0
SRS751060,Neisseria gonorrhoeae,Neisseria gonorrhoeae,0.9975092864137692,SRR1661256,ENA_SAMN03201602,TET,Susceptible,Susceptible,0.25,0.25
SRS751062,Neisseria gonorrhoeae,Neisseria gonorrhoeae,0.998106457521307,SRR1661257,ENA_SAMN03201603,TET,Susceptible,Susceptible,0.125,0.12
SRS751064,Neisseria gonorrhoeae,Neisseria gonorrhoeae,0.9969992063624886,SRR1661259,ENA_SAMN03201605,TET,Resistant,Resistant,4.0,4.0
SRS751065,Neisseria gonorrhoeae,Neisseria gonorrhoeae,0.9973122332939814,SRR1661260,ENA_SAMN03201606,TET,Susceptible,Susceptible,0.25,0.25
SRS751067,Neisseria gonorrhoeae,Neisseria gonorrhoeae,0.9968715127882478,SRR1661262,ENA_SAMN03201608,TET,Resistant,Resistant,4.0,4.0
SRS751068,Neisseria gonorrhoeae,Neisseria gonorrhoeae,0.997309296205366,SRR1661265,ENA_SAMN03201611,TET,Resistant,Resistant,2.0,2.0
SRS751069,Neisseria gonorrhoeae,Neisseria gonorrhoeae,0.9969964408060168,SRR1661266,ENA_SAMN03201612,TET,Intermediate,Susceptible,0.5,0.5
SRS751070,Neisseria gonorrhoeae,Neisseria gonorrhoeae,0.9980462780423762,SRR1661263,ENA_SAMN03201609,TET,Susceptible,Susceptible,0.25,0.25
SRS751073,Neisseria gonorrhoeae,Neisseria gonorrhoeae,0.9970711595297704,SRR1661268,ENA_SAMN03201614,TET,Resistant,Resistant,4.0,4.0
SRS751075,Neisseria gonorrhoeae,Neisseria gonorrhoeae,0.9969648259248044,SRR1661270,ENA_SAMN03201616,TET,Resistant,Resistant,8.0,8.0
SRS751081,Neisseria gonorrhoeae,Neisseria gonorrhoeae,0.997084372819303,SRR1661276,ENA_SAMN03201622,TET,Resistant,Resistant,4.0,4.0
SRS751084,Neisseria gonorrhoeae,Neisseria gonorrhoeae,0.9969977392440228,SRR1661279,ENA_SAMN03201625,TET,Resistant,Resistant,4.0,4.0
SRS751087,Neisseria gonorrhoeae,Neisseria gonorrhoeae,0.9969512070062212,SRR1661283,ENA_SAMN03201629,TET,Intermediate,Susceptible,1.0,1.0
SRS751089,Neisseria gonorrhoeae,Neisseria gonorrhoeae,0.9970590059668664,SRR1661284,ENA_SAMN03201630,TET,Resistant,Resistant,2.0,2.0
SRS751090,Neisseria gonorrhoeae,Neisseria gonorrhoeae,0.9975092864137692,SRR1661285,ENA_SAMN03201631,TET,Susceptible,Susceptible,0.25,0.25
SRS751091,Neisseria gonorrhoeae,Neisseria gonorrhoeae,0.9975243934387312,SRR1661286,ENA_SAMN03201632,TET,Susceptible,Susceptible,0.25,0.25
SRS751092,Neisseria gonorrhoeae,Neisseria gonorrhoeae,0.9974968562444928,SRR1661287,ENA_SAMN03201633,TET,Susceptible,Susceptible,0.25,0.25
SRS751093,Neisseria gonorrhoeae,Neisseria gonorrhoeae,0.997495407115732,SRR1661288,ENA_SAMN03201634,TET,Susceptible,Susceptible,0.25,0.25
SRS751094,Neisseria gonorrhoeae,Neisseria gonorrhoeae,0.996896857423221,SRR1661289,ENA_SAMN03201635,TET,Susceptible,Susceptible,0.25,0.25
SRS751096,Neisseria gonorrhoeae,Neisseria gonorrhoeae,0.9972881186250968,SRR1661291,ENA_SAMN03201637,TET,Intermediate,Susceptible,1.0,1.0
SRS751107,Neisseria gonorrhoeae,Neisseria gonorrhoeae,0.996966220992729,SRR1661301,ENA_SAMN03201647,TET,Resistant,Resistant,4.0,4.0
SRS751109,Neisseria gonorrhoeae,Neisseria gonorrhoeae,0.9970263493962782,SRR1661304,ENA_SAMN03201650,TET,Resistant,Resistant,4.0,4.0
SRS751119,Neisseria gonorrhoeae,Neisseria gonorrhoeae,0.9972769354887168,SRR1661314,ENA_SAMN03201660,TET,Resistant,Resistant,2.0,2.0
SRS751122,Neisseria gonorrhoeae,Neisseria gonorrhoeae,0.9967551268384244,SRR1661317,ENA_SAMN03201663,TET,Intermediate,Susceptible,0.5,0.5
SRS751123,Neisseria gonorrhoeae,Neisseria gonorrhoeae,0.9972562446752752,SRR1661320,ENA_SAMN03201666,TET,Intermediate,Susceptible,1.0,1.0
SRS751124,Neisseria gonorrhoeae,Neisseria gonorrhoeae,0.9970098434302618,SRR1661319,ENA_SAMN03201665,TET,Intermediate,Susceptible,1.0,1.0
SRS751126,Neisseria gonorrhoeae,Neisseria gonorrhoeae,0.998113079873064,SRR1661318,ENA_SAMN03201664,TET,Susceptible,Susceptible,0.25,0.25
SRS751129,Neisseria gonorrhoeae,Neisseria gonorrhoeae,0.9971583207736696,SRR1661324,ENA_SAMN03201670,TET,Susceptible,Susceptible,0.25,0.25
SRS751133,Neisseria gonorrhoeae,Neisseria gonorrhoeae,0.996509547926958,SRR1661328,ENA_SAMN03201674,TET,Resistant,Resistant,2.0,2.0
SRS751135,Neisseria gonorrhoeae,Neisseria gonorrhoeae,0.996661822763676,SRR1661331,ENA_SAMN03201677,TET,Intermediate,Susceptible,1.0,1.0
SRS751136,Neisseria gonorrhoeae,Neisseria gonorrhoeae,0.9967269310481816,SRR1661330,ENA_SAMN03201676,TET,Resistant,Resistant,4.0,4.0
SRS753405,Salmonella enterica,Salmonella enterica,0.9914548091178904,SRR1664211,ENA_SAMN02894054,GEN,Resistant,Resistant,16.0,16.0
SRS781759,Salmonella enterica,Salmonella enterica,0.9950510032807088,SRR1695774,ENA_SAMN02777708,GEN,Susceptible,Susceptible,0.5,0.5
SRS783173,Salmonella enterica,Salmonella enterica,0.9938682943639012,SRR1698188,ENA_SAMN02777710,GEN,Resistant,Resistant,8.0,8.0
SRS791449,Salmonella enterica,Salmonella enterica,0.9902522560978152,SRR1713636,ENA_SAMN02777727,GEN,Susceptible,Susceptible,0.5,0.5
SRS791453,Salmonella enterica,Salmonella enterica,0.9851103846355794,SRR1713641,ENA_SAMN02777722,GEN,Resistant,Resistant,16.0,16.0
SRS815459,Acinetobacter baumannii,Acinetobacter baumannii,0.9831877869141856,SRR1819800,ENA_SAMN03277092,CAZ,Intermediate,Resistant,16.0,16.0
SRS829597,Salmonella enterica,Salmonella enterica,0.9874647168396574,SRR1778032,ENA_SAMN02777761,GEN,Susceptible,Susceptible,0.5,0.5
SRS833485,Salmonella enterica,Salmonella enterica,0.98985184949061,SRR1783182,ENA_SAMN02777781,GEN,Susceptible,Susceptible,0.25,0.25
SRS833490,Salmonella enterica,Salmonella enterica,0.9912323607926392,SRR1783194,ENA_SAMN02777777,GEN,Susceptible,Susceptible,0.25,0.25
SRS833510,Salmonella enterica,Salmonella enterica,0.9938635749897408,SRR1783224,ENA_SAMN02777784,GEN,Resistant,Resistant,16.0,16.0
SRS846495,Salmonella enterica,Salmonella enterica,0.994479700022867,SRR1805624,ENA_SAMN02782639,GEN,Resistant,Resistant,16.0,16.0
SRS852764,Salmonella enterica,Salmonella enterica,0.9906674021098502,SRR1813435,ENA_SAMN02777764,GEN,Resistant,Resistant,16.0,16.0
SRS858083,Salmonella enterica,Salmonella enterica,0.9935761288336984,SRR1820097,ENA_SAMN03291521,GEN,Susceptible,Susceptible,0.25,0.25
SRS870960,Salmonella enterica,Salmonella enterica,0.9915683796747534,SRR1908939,ENA_SAMN03275943,GEN,Resistant,Resistant,16.0,16.0
SRS879133,Salmonella enterica,Salmonella enterica,0.997861665873813,SRR1923642,ENA_SAMN03291548,GEN,Susceptible,Susceptible,0.25,0.25
SRS888771,Salmonella enterica,Salmonella enterica,0.9872290344506344,SRR1946913,ENA_SAMN03275960,GEN,Susceptible,Susceptible,0.25,0.25
SRS888809,Salmonella enterica,Salmonella enterica,0.9988845457939048,SRR1946947,BVBRC_590.15171,GEN,Susceptible,Susceptible,0.5,0.5
SRS889826,Salmonella enterica,Salmonella enterica,0.986944397134802,SRR1791386,ENA_SAMN03269446,GEN,Resistant,Resistant,16.0,16.0
SRS892902,Salmonella enterica,Salmonella enterica,0.9871254150051676,SRR1951846,ENA_SAMN03275995,GEN,Susceptible,Susceptible,0.5,0.5
SRS892910,Salmonella enterica,Salmonella enterica,0.9901834123704348,SRR1951871,ENA_SAMN03275956,GEN,Resistant,Resistant,16.0,16.0
SRS892911,Salmonella enterica,Salmonella enterica,0.9871187221674792,SRR1951877,ENA_SAMN03275992,GEN,Resistant,Resistant,16.0,16.0
SRS892925,Salmonella enterica,Salmonella enterica,0.9908856699995804,SRR1951852,ENA_SAMN03275977,GEN,Susceptible,Susceptible,0.5,0.5
SRS892934,Salmonella enterica,Salmonella enterica,0.9908965727235052,SRR1951881,ENA_SAMN03275976,GEN,Resistant,Resistant,16.0,16.0
SRS901608,Salmonella enterica,Salmonella enterica,0.9988335601507804,SRR1767789,ENA_SAMN03269512,GEN,Susceptible,Susceptible,0.5,0.5
SRS901609,Salmonella enterica,Salmonella enterica,0.998978156786962,SRR1767784,ENA_SAMN03269513,GEN,Susceptible,Susceptible,0.25,0.25
SRS909401,Salmonella enterica,Salmonella enterica,0.9879867588996346,SRR1973650,ENA_SAMN03275999,GEN,Susceptible,Susceptible,1.0,1.0
SRS909452,Salmonella enterica,Salmonella enterica,0.9896812221279956,SRR1973721,ENA_SAMN03291558,GEN,Susceptible,Susceptible,0.5,0.5
SRS909456,Salmonella enterica,Salmonella enterica,0.9898228479835628,SRR1973720,ENA_SAMN03291555,GEN,Resistant,Resistant,16.0,16.0
SRS913566,Salmonella enterica,Salmonella enterica,0.9872678102784987,SRR1980610,ENA_SAMN03291582,GEN,Resistant,Resistant,16.0,16.0
SRS915053,Salmonella enterica,Salmonella enterica,0.9909230300286168,SRR1982193,ENA_SAMN03276000,GEN,Susceptible,Susceptible,0.5,0.5
SRS923020,Salmonella enterica,Salmonella enterica,0.9873784081464588,SRR1998972,ENA_SAMN03276020,GEN,Resistant,Resistant,16.0,16.0
SRS925735,Salmonella enterica,Salmonella enterica,0.9850762728969046,SRR2002476,ENA_SAMN03291587,GEN,Susceptible,Susceptible,0.5,0.5
SRS925742,Salmonella enterica,Salmonella enterica,0.9914185802774542,SRR2002479,ENA_SAMN03291588,GEN,Resistant,Resistant,16.0,16.0
SRS926093,Acinetobacter baumannii,Acinetobacter baumannii,0.9824339793145336,SRR2075877,ENA_SAMN03575972,CAZ,Resistant,Resistant,256.0,64.0
SRS927354,Salmonella enterica,Salmonella enterica,0.991546544669271,SRR2005891,ENA_SAMN03291572,GEN,Susceptible,Susceptible,0.5,0.5
SRS927393,Acinetobacter baumannii,Acinetobacter baumannii,0.9827159312540374,SRR2075882,ENA_SAMN03576361,CAZ,Resistant,Resistant,256.0,64.0
SRS927397,Acinetobacter baumannii,Acinetobacter baumannii,0.9824372831352386,SRR2075887,ENA_SAMN03576365,CAZ,Resistant,Resistant,256.0,64.0
SRS927398,Acinetobacter baumannii,Acinetobacter baumannii,0.9823345921948964,SRR2075890,ENA_SAMN03576366,CAZ,Resistant,Resistant,256.0,64.0
SRS927404,Acinetobacter baumannii,Acinetobacter baumannii,0.9806229528503684,SRR2075898,ENA_SAMN03576449,CAZ,Resistant,Resistant,256.0,64.0
SRS927405,Acinetobacter baumannii,Acinetobacter baumannii,0.9808265185501815,SRR2075899,ENA_SAMN03576505,CAZ,Resistant,Resistant,256.0,64.0
SRS927407,Acinetobacter baumannii,Acinetobacter baumannii,0.9833567012912964,SRR2075902,ENA_SAMN03576512,CAZ,Resistant,Resistant,256.0,64.0
SRS927408,Acinetobacter baumannii,Acinetobacter baumannii,0.980468145000562,SRR2075903,ENA_SAMN03577725,CAZ,Resistant,Resistant,256.0,64.0
SRS927409,Acinetobacter baumannii,Acinetobacter baumannii,0.98062293371568,SRR2075906,ENA_SAMN03577726,CAZ,Resistant,Resistant,256.0,64.0
SRS934012,Salmonella enterica,Salmonella enterica,0.9914198560445326,SRR2017874,ENA_SAMN03276051,GEN,Susceptible,Susceptible,0.25,0.25
SRS9410710,Campylobacter jejuni,Campylobacter jejuni,0.9814105616623198,SRR15054108,ENA_SAMN20084229,TET,Susceptible,Susceptible,4.0,4.0
SRS9410712,Campylobacter jejuni,Campylobacter jejuni,0.9810637785849124,SRR15054106,ENA_SAMN20084231,TET,Susceptible,Susceptible,4.0,4.0
SRS9410715,Campylobacter jejuni,Campylobacter jejuni,0.9823548349326734,SRR15054102,ENA_SAMN20084234,TET,Susceptible,Susceptible,4.0,4.0
SRS9410716,Campylobacter jejuni,Campylobacter jejuni,0.981038322534249,SRR15054103,ENA_SAMN20084233,TET,Susceptible,Susceptible,4.0,4.0
SRS9410721,Campylobacter jejuni,Campylobacter jejuni,0.981370665796368,SRR15054097,ENA_SAMN20084252,TET,Susceptible,Susceptible,4.0,4.0
SRS9410722,Campylobacter jejuni,Campylobacter jejuni,0.9822070767723362,SRR15054096,ENA_SAMN20084253,TET,Susceptible,Susceptible,4.0,4.0
SRS9410724,Campylobacter jejuni,Campylobacter jejuni,0.9819767554817064,SRR15054094,ENA_SAMN20084255,TET,Susceptible,Susceptible,4.0,4.0
SRS9410727,Campylobacter jejuni,Campylobacter jejuni,0.9815463776904654,SRR15054091,ENA_SAMN20084258,TET,Susceptible,Susceptible,4.0,4.0
SRS9410730,Campylobacter jejuni,Campylobacter jejuni,0.9809218665848942,SRR15054088,ENA_SAMN20084261,TET,Susceptible,Susceptible,4.0,4.0
SRS9410734,Campylobacter jejuni,Campylobacter jejuni,0.980920815804289,SRR15054084,ENA_SAMN20084264,TET,Susceptible,Susceptible,4.0,4.0
SRS9410736,Campylobacter jejuni,Campylobacter jejuni,0.9806014446732862,SRR15054082,ENA_SAMN20084266,TET,Susceptible,Susceptible,4.0,4.0
SRS9410738,Campylobacter jejuni,Campylobacter jejuni,0.9807914847517868,SRR15054080,ENA_SAMN20084282,TET,Susceptible,Susceptible,4.0,4.0
SRS9410739,Campylobacter jejuni,Campylobacter jejuni,0.980677029712838,SRR15054079,ENA_SAMN20084283,TET,Susceptible,Susceptible,4.0,4.0
SRS9410743,Campylobacter jejuni,Campylobacter jejuni,0.9808388515928778,SRR15054075,ENA_SAMN20084287,TET,Susceptible,Susceptible,4.0,4.0
SRS9410745,Campylobacter jejuni,Campylobacter jejuni,0.9818496610682896,SRR15054073,ENA_SAMN20084289,TET,Susceptible,Susceptible,4.0,4.0
SRS9410746,Campylobacter jejuni,Campylobacter jejuni,0.9809022354706504,SRR15054072,ENA_SAMN20084290,TET,Susceptible,Susceptible,4.0,4.0
SRS9410748,Campylobacter jejuni,Campylobacter jejuni,0.9814068189876234,SRR15054071,ENA_SAMN20084291,TET,Susceptible,Susceptible,4.0,4.0
SRS9410749,Campylobacter jejuni,Campylobacter jejuni,0.98182682803545,SRR15054069,ENA_SAMN20084292,TET,Susceptible,Susceptible,4.0,4.0
SRS9410753,Campylobacter jejuni,Campylobacter jejuni,0.9810307203312912,SRR15054065,ENA_SAMN20084311,TET,Susceptible,Susceptible,4.0,4.0
SRS9410755,Campylobacter jejuni,Campylobacter jejuni,0.9822823073225564,SRR15054063,ENA_SAMN20084312,TET,Susceptible,Susceptible,4.0,4.0
SRS9410756,Campylobacter jejuni,Campylobacter jejuni,0.9774419628229034,SRR15054062,ENA_SAMN20084313,TET,Susceptible,Susceptible,4.0,4.0
SRS9410759,Campylobacter jejuni,Campylobacter jejuni,0.9807199492989328,SRR15054059,ENA_SAMN20084316,TET,Susceptible,Susceptible,4.0,4.0
SRS9410762,Campylobacter jejuni,Campylobacter jejuni,0.9813159232429888,SRR15054056,ENA_SAMN20084319,TET,Susceptible,Susceptible,4.0,4.0
SRS9410763,Campylobacter jejuni,Campylobacter jejuni,0.9805766649291158,SRR15054055,ENA_SAMN20084320,TET,Susceptible,Susceptible,4.0,4.0
SRS9410764,Campylobacter jejuni,Campylobacter jejuni,0.9814014878362634,SRR15054054,ENA_SAMN20084321,TET,Susceptible,Susceptible,4.0,4.0
SRS9410769,Campylobacter jejuni,Campylobacter jejuni,0.9823513811301946,SRR15054049,ENA_SAMN20084096,TET,Susceptible,Susceptible,4.0,4.0
SRS9410770,Campylobacter jejuni,Campylobacter jejuni,0.9814252358476708,SRR15054048,ENA_SAMN20084097,TET,Susceptible,Susceptible,4.0,4.0
SRS9410772,Campylobacter jejuni,Campylobacter jejuni,0.9816875755913462,SRR15054046,ENA_SAMN20084099,TET,Susceptible,Susceptible,4.0,4.0
SRS9410777,Campylobacter jejuni,Campylobacter jejuni,0.9823287333210234,SRR15054041,ENA_SAMN20084103,TET,Susceptible,Susceptible,4.0,4.0
SRS9410778,Campylobacter jejuni,Campylobacter jejuni,0.9815612530315896,SRR15054040,ENA_SAMN20084104,TET,Susceptible,Susceptible,4.0,4.0
SRS9410780,Campylobacter jejuni,Campylobacter jejuni,0.9808244178272768,SRR15054038,ENA_SAMN20084106,TET,Susceptible,Susceptible,4.0,4.0
SRS9410782,Campylobacter jejuni,Campylobacter jejuni,0.9819470168325451,SRR15054036,ENA_SAMN20084108,TET,Susceptible,Susceptible,4.0,4.0
SRS9410784,Campylobacter jejuni,Campylobacter jejuni,0.9819242851286202,SRR15054034,ENA_SAMN20084110,TET,Susceptible,Susceptible,4.0,4.0
SRS9410785,Campylobacter jejuni,Campylobacter jejuni,0.9814160260352334,SRR15054033,ENA_SAMN20084125,TET,Susceptible,Susceptible,4.0,4.0
SRS9410786,Campylobacter jejuni,Campylobacter jejuni,0.98198776410935,SRR15054032,ENA_SAMN20084126,TET,Susceptible,Susceptible,4.0,4.0
SRS9410788,Campylobacter jejuni,Campylobacter jejuni,0.9807291633010394,SRR15054030,ENA_SAMN20084128,TET,Susceptible,Susceptible,4.0,4.0
SRS9410790,Campylobacter jejuni,Campylobacter jejuni,0.9542744891807208,SRR15054028,ENA_SAMN20084130,TET,Susceptible,Susceptible,4.0,4.0
SRS9410793,Campylobacter jejuni,Campylobacter jejuni,0.9820036976045928,SRR15054025,ENA_SAMN20084132,TET,Susceptible,Susceptible,4.0,4.0
SRS9410794,Campylobacter jejuni,Campylobacter jejuni,0.982480982497332,SRR15054024,ENA_SAMN20084133,TET,Susceptible,Susceptible,4.0,4.0
SRS9410797,Campylobacter jejuni,Campylobacter jejuni,0.9816866982539666,SRR15054021,ENA_SAMN20084136,TET,Susceptible,Susceptible,4.0,4.0
SRS9410803,Campylobacter jejuni,Campylobacter jejuni,0.9813530454414432,SRR15054015,ENA_SAMN20084153,TET,Susceptible,Susceptible,4.0,4.0
SRS9410804,Campylobacter jejuni,Campylobacter jejuni,0.981325199580632,SRR15054014,ENA_SAMN20084154,TET,Susceptible,Susceptible,4.0,4.0
SRS9410805,Campylobacter jejuni,Campylobacter jejuni,0.9820499242235232,SRR15054013,ENA_SAMN20084155,TET,Susceptible,Susceptible,4.0,4.0
SRS9410807,Campylobacter jejuni,Campylobacter jejuni,0.9804953865714864,SRR15054011,ENA_SAMN20084157,TET,Susceptible,Susceptible,4.0,4.0
SRS9410808,Campylobacter jejuni,Campylobacter jejuni,0.9807199492989328,SRR15054010,ENA_SAMN20084158,TET,Susceptible,Susceptible,4.0,4.0
SRS9410809,Campylobacter jejuni,Campylobacter jejuni,0.9818571416181392,SRR15054009,ENA_SAMN20084159,TET,Susceptible,Susceptible,4.0,4.0
SRS9410810,Campylobacter jejuni,Campylobacter jejuni,0.98184799163586,SRR15054008,ENA_SAMN20084160,TET,Susceptible,Susceptible,4.0,4.0
SRS9410813,Campylobacter jejuni,Campylobacter jejuni,0.9814475907366492,SRR15054003,ENA_SAMN20084164,TET,Susceptible,Susceptible,4.0,4.0
SRS9410816,Campylobacter jejuni,Campylobacter jejuni,0.9814224062065832,SRR15054002,ENA_SAMN20084165,TET,Susceptible,Susceptible,4.0,4.0
SRS9410817,Campylobacter jejuni,Campylobacter jejuni,0.9810903724325716,SRR15054001,ENA_SAMN20084181,TET,Susceptible,Susceptible,4.0,4.0
SRS9410826,Campylobacter jejuni,Campylobacter jejuni,0.9823005181390144,SRR15053992,ENA_SAMN20084189,TET,Susceptible,Susceptible,4.0,4.0
SRS9410832,Campylobacter jejuni,Campylobacter jejuni,0.98171506651659,SRR15053987,ENA_SAMN20084193,TET,Susceptible,Susceptible,4.0,4.0
SRS9410833,Campylobacter jejuni,Campylobacter jejuni,0.9816866982539666,SRR15053985,ENA_SAMN20084210,TET,Susceptible,Susceptible,4.0,4.0
SRS9410834,Campylobacter jejuni,Campylobacter jejuni,0.9816773610396142,SRR15053984,ENA_SAMN20084211,TET,Susceptible,Susceptible,4.0,4.0
SRS9410837,Campylobacter jejuni,Campylobacter jejuni,0.9813446812755086,SRR15053980,ENA_SAMN20084214,TET,Susceptible,Susceptible,4.0,4.0
SRS9410838,Campylobacter jejuni,Campylobacter jejuni,0.9808947226996246,SRR15053979,ENA_SAMN20084215,TET,Susceptible,Susceptible,4.0,4.0
SRS9410839,Campylobacter jejuni,Campylobacter jejuni,0.98163733574965,SRR15053981,ENA_SAMN20084213,TET,Susceptible,Susceptible,4.0,4.0
SRS9410840,Campylobacter jejuni,Campylobacter jejuni,0.9816555503111476,SRR15053978,ENA_SAMN20084216,TET,Susceptible,Susceptible,4.0,4.0
SRS9410841,Campylobacter jejuni,Campylobacter jejuni,0.9824704344250312,SRR15053977,ENA_SAMN20084217,TET,Susceptible,Susceptible,4.0,4.0
SRS941642,Salmonella enterica,Salmonella enterica,0.9857030369807008,SRR2033920,ENA_SAMN03276022,GEN,Resistant,Resistant,16.0,16.0
SRS950775,Salmonella enterica,Salmonella enterica,0.9868799035976422,SRR2047289,ENA_SAMN03291607,GEN,Resistant,Resistant,16.0,16.0
SRS960595,Salmonella enterica,Salmonella enterica,0.985013222685285,SRR2062220,ENA_SAMN03291614,GEN,Susceptible,Susceptible,0.5,0.5
SRS961913,Salmonella enterica,Salmonella enterica,0.9912962260434698,SRR2064116,ENA_SAMN03291619,GEN,Susceptible,Susceptible,0.5,0.5
SRS962785,Salmonella enterica,Salmonella enterica,0.9943392082871808,SRR1763808,ENA_SAMN03269421,GEN,Resistant,Resistant,16.0,16.0
SRS965878,Salmonella enterica,Salmonella enterica,0.9872261216198268,SRR1823711,ENA_SAMN03269462,GEN,Susceptible,Susceptible,0.5,0.5
SRS965885,Salmonella enterica,Salmonella enterica,0.9872486103757,SRR1849407,ENA_SAMN03269467,GEN,Susceptible,Susceptible,0.5,0.5
SRS965928,Salmonella enterica,Salmonella enterica,0.9900978603124408,SRR1793268,ENA_SAMN03269480,GEN,Susceptible,Susceptible,0.5,0.5
SRS965967,Salmonella enterica,Salmonella enterica,0.9904878811231644,SRR1801552,ENA_SAMN03269359,GEN,Resistant,Resistant,16.0,16.0
SRS966007,Salmonella enterica,Salmonella enterica,0.9907529402792676,SRR1763828,ENA_SAMN03269352,GEN,Susceptible,Susceptible,0.5,0.5
SRS966024,Salmonella enterica,Salmonella enterica,0.9931813330552156,SRR1783212,ENA_SAMN03269495,GEN,Resistant,Resistant,16.0,16.0
SRS966030,Salmonella enterica,Salmonella enterica,0.9931828676969944,SRR1783173,ENA_SAMN03269496,GEN,Resistant,Resistant,16.0,16.0
SRS966032,Salmonella enterica,Salmonella enterica,0.9936940133032396,SRR1777697,ENA_SAMN03269493,GEN,Resistant,Resistant,16.0,16.0
SRS966033,Salmonella enterica,Salmonella enterica,0.993722896318346,SRR1777683,ENA_SAMN03269494,GEN,Resistant,Resistant,16.0,16.0
SRS966035,Salmonella enterica,Salmonella enterica,0.9937044801261988,SRR1777672,ENA_SAMN03269491,GEN,Resistant,Resistant,8.0,8.0
SRS966128,Salmonella enterica,Salmonella enterica,0.9903694203311362,SRR1812825,ENA_SAMN03269397,GEN,Resistant,Resistant,16.0,16.0
SRS966133,Salmonella enterica,Salmonella enterica,0.9943370531633824,SRR1793263,ENA_SAMN03269425,GEN,Resistant,Resistant,8.0,8.0
SRS966134,Salmonella enterica,Salmonella enterica,0.9914388875307326,SRR1793262,ENA_SAMN03269391,GEN,Resistant,Resistant,16.0,16.0
SRS966135,Salmonella enterica,Salmonella enterica,0.9912487157115336,SRR1791383,ENA_SAMN03269388,GEN,Resistant,Resistant,16.0,16.0
SRS966139,Salmonella enterica,Salmonella enterica,0.991380111970442,SRR1777705,ENA_SAMN03269383,GEN,Resistant,Resistant,16.0,16.0
SRS966148,Salmonella enterica,Salmonella enterica,0.991554477696006,SRR1773836,ENA_SAMN03269374,GEN,Susceptible,Susceptible,0.5,0.5
SRS966153,Salmonella enterica,Salmonella enterica,0.9875328677183904,SRR1763849,ENA_SAMN03269371,GEN,Resistant,Resistant,16.0,16.0
SRS966157,Salmonella enterica,Salmonella enterica,0.9906879684528268,SRR1849358,ENA_SAMN03269364,GEN,Susceptible,Susceptible,0.5,0.5
SRS966190,Salmonella enterica,Salmonella enterica,0.9871230311049898,SRR1849406,ENA_SAMN03269328,GEN,Resistant,Resistant,16.0,16.0
SRS966191,Salmonella enterica,Salmonella enterica,0.98969498678163,SRR1849399,ENA_SAMN03269335,GEN,Resistant,Resistant,16.0,16.0
SRS966198,Salmonella enterica,Salmonella enterica,0.9899529168686142,SRR1767753,ENA_SAMN03269331,GEN,Susceptible,Susceptible,0.25,0.25
SRS967225,Streptococcus pneumoniae,Streptococcus pneumoniae,0.991318325793147,SRR2072210,ENA_SAMN03764930,ERY,Susceptible,Susceptible,0.06,0.06
SRS967226,Streptococcus pneumoniae,Streptococcus pneumoniae,0.9901074887784272,SRR2072344,ENA_SAMN03765045,ERY,Susceptible,Susceptible,0.03,0.06
SRS967234,Streptococcus pneumoniae,Streptococcus pneumoniae,0.9899454820895645,SRR2072381,ENA_SAMN03765051,ERY,Resistant,Resistant,8.0,8.0
SRS967235,Streptococcus pneumoniae,Streptococcus pneumoniae,0.9901679379907032,SRR2072380,ENA_SAMN03765014,ERY,Susceptible,Susceptible,0.06,0.06
SRS967238,Streptococcus pneumoniae,Streptococcus pneumoniae,0.9898077157524768,SRR2072377,ENA_SAMN03765068,ERY,Resistant,Resistant,4.0,4.0
SRS967240,Streptococcus pneumoniae,Streptococcus pneumoniae,0.989621271122084,SRR2072374,ENA_SAMN03764968,ERY,Resistant,Resistant,16.0,16.0
SRS967241,Streptococcus pneumoniae,Streptococcus pneumoniae,0.9896757853796242,SRR2072373,ENA_SAMN03765012,ERY,Resistant,Resistant,8.0,8.0
SRS967242,Streptococcus pneumoniae,Streptococcus pneumoniae,0.9897304682833428,SRR2072372,ENA_SAMN03764958,ERY,Susceptible,Susceptible,0.03,0.06
SRS967243,Streptococcus pneumoniae,Streptococcus pneumoniae,0.9892928884796548,SRR2072371,ENA_SAMN03764998,ERY,Resistant,Resistant,8.0,8.0
SRS967244,Streptococcus pneumoniae,Streptococcus pneumoniae,0.9900272273617334,SRR2072370,ENA_SAMN03765028,ERY,Susceptible,Susceptible,0.06,0.06
SRS967246,Streptococcus pneumoniae,Streptococcus pneumoniae,0.9898901572057854,SRR2072368,ENA_SAMN03765057,ERY,Susceptible,Susceptible,0.06,0.06
SRS967253,Streptococcus pneumoniae,Streptococcus pneumoniae,0.9904707211577296,SRR2072361,ENA_SAMN03764972,ERY,Susceptible,Susceptible,0.06,0.06
SRS967257,Streptococcus pneumoniae,Streptococcus pneumoniae,0.9907352165824423,SRR2072357,ENA_SAMN03764948,ERY,Susceptible,Susceptible,0.06,0.06
SRS967262,Streptococcus pneumoniae,Streptococcus pneumoniae,0.9895253035043688,SRR2072352,ENA_SAMN03765078,ERY,Resistant,Resistant,8.0,8.0
SRS967263,Streptococcus pneumoniae,Streptococcus pneumoniae,0.9898583363817788,SRR2072351,ENA_SAMN03764946,ERY,Susceptible,Susceptible,0.03,0.06
SRS967270,Streptococcus pneumoniae,Streptococcus pneumoniae,0.9897208537350114,SRR2072343,ENA_SAMN03764939,ERY,Susceptible,Susceptible,0.06,0.06
SRS967271,Streptococcus pneumoniae,Streptococcus pneumoniae,0.988915077559724,SRR2072342,ENA_SAMN03764987,ERY,Susceptible,Susceptible,0.06,0.06
SRS967272,Streptococcus pneumoniae,Streptococcus pneumoniae,0.9904623303340868,SRR2072341,ENA_SAMN03765077,ERY,Resistant,Resistant,4.0,4.0
SRS967274,Streptococcus pneumoniae,Streptococcus pneumoniae,0.9901001106526656,SRR2072339,ENA_SAMN03764971,ERY,Resistant,Resistant,8.0,8.0
SRS967275,Streptococcus pneumoniae,Streptococcus pneumoniae,0.9911034555593616,SRR2072338,ENA_SAMN03765017,ERY,Susceptible,Susceptible,0.06,0.06
SRS967277,Streptococcus pneumoniae,Streptococcus pneumoniae,0.9895961390457976,SRR2072336,ENA_SAMN03764966,ERY,Susceptible,Susceptible,0.03,0.06
SRS967278,Streptococcus pneumoniae,Streptococcus pneumoniae,0.99114097870533,SRR2072335,ENA_SAMN03764931,ERY,Susceptible,Susceptible,0.06,0.06
SRS967279,Streptococcus pneumoniae,Streptococcus pneumoniae,0.990028267269814,SRR2072334,ENA_SAMN03765005,ERY,Susceptible,Susceptible,0.06,0.06
SRS967281,Streptococcus pneumoniae,Streptococcus pneumoniae,0.9904190541055842,SRR2072332,ENA_SAMN03765084,ERY,Resistant,Resistant,4.0,4.0
SRS967289,Streptococcus pneumoniae,Streptococcus pneumoniae,0.989983676498212,SRR2072323,ENA_SAMN03765052,ERY,Resistant,Resistant,8.0,8.0
SRS967290,Streptococcus pneumoniae,Streptococcus pneumoniae,0.9893695937325012,SRR2072324,ENA_SAMN03764956,ERY,Susceptible,Susceptible,0.06,0.06
SRS967292,Streptococcus pneumoniae,Streptococcus pneumoniae,0.9898064539431176,SRR2072321,ENA_SAMN03764983,ERY,Resistant,Resistant,32.0,32.0
SRS967294,Streptococcus pneumoniae,Streptococcus pneumoniae,0.9899056954019604,SRR2072319,ENA_SAMN03765031,ERY,Susceptible,Susceptible,0.06,0.06
SRS967297,Streptococcus pneumoniae,Streptococcus pneumoniae,0.990670612997159,SRR2072316,ENA_SAMN03764992,ERY,Susceptible,Susceptible,0.06,0.06
SRS967301,Streptococcus pneumoniae,Streptococcus pneumoniae,0.9893999539217292,SRR2072312,ENA_SAMN03765000,ERY,Resistant,Resistant,8.0,8.0
SRS967305,Streptococcus pneumoniae,Streptococcus pneumoniae,0.9900347680233004,SRR2072308,ENA_SAMN03765086,ERY,Resistant,Resistant,8.0,8.0
SRS967309,Streptococcus pneumoniae,Streptococcus pneumoniae,0.9900268475972676,SRR2072303,ENA_SAMN03764989,ERY,Susceptible,Susceptible,0.03,0.06
SRS967313,Streptococcus pneumoniae,Streptococcus pneumoniae,0.9896582294015324,SRR2072300,ENA_SAMN03764955,ERY,Susceptible,Susceptible,0.06,0.06
SRS967314,Streptococcus pneumoniae,Streptococcus pneumoniae,0.9907130869942794,SRR2072299,ENA_SAMN03764926,ERY,Susceptible,Susceptible,0.03,0.06
SRS967318,Streptococcus pneumoniae,Streptococcus pneumoniae,0.9896673478332676,SRR2072296,ENA_SAMN03764965,ERY,Susceptible,Susceptible,0.03,0.06
SRS967320,Streptococcus pneumoniae,Streptococcus pneumoniae,0.989349925524818,SRR2072293,ENA_SAMN03764993,ERY,Susceptible,Susceptible,0.06,0.06
SRS967321,Streptococcus pneumoniae,Streptococcus pneumoniae,0.9904576556891728,SRR2072292,ENA_SAMN03765059,ERY,Susceptible,Susceptible,0.03,0.06
SRS967322,Streptococcus pneumoniae,Streptococcus pneumoniae,0.9902768848783984,SRR2072291,ENA_SAMN03764934,ERY,Susceptible,Susceptible,0.06,0.06
SRS967323,Streptococcus pneumoniae,Streptococcus pneumoniae,0.9898624855404162,SRR2072290,ENA_SAMN03765094,ERY,Resistant,Resistant,8.0,8.0
SRS967325,Streptococcus pneumoniae,Streptococcus pneumoniae,0.9906076650879754,SRR2072288,ENA_SAMN03764947,ERY,Susceptible,Susceptible,0.06,0.06
SRS967326,Streptococcus pneumoniae,Streptococcus pneumoniae,0.9904523917343204,SRR2072287,ENA_SAMN03765082,ERY,Resistant,Resistant,8.0,8.0
SRS967327,Streptococcus pneumoniae,Streptococcus pneumoniae,0.9893445805741916,SRR2072286,ENA_SAMN03765003,ERY,Resistant,Resistant,4.0,4.0
SRS967331,Streptococcus pneumoniae,Streptococcus pneumoniae,0.9898099761619356,SRR2072281,ENA_SAMN03765027,ERY,Susceptible,Susceptible,0.06,0.06
SRS967333,Streptococcus pneumoniae,Streptococcus pneumoniae,0.9902932789363812,SRR2072280,ENA_SAMN03765083,ERY,Resistant,Resistant,8.0,8.0
SRS967335,Streptococcus pneumoniae,Streptococcus pneumoniae,0.99077570843801,SRR2072278,ENA_SAMN03764938,ERY,Susceptible,Susceptible,0.03,0.06
SRS967339,Streptococcus pneumoniae,Streptococcus pneumoniae,0.990016127161782,SRR2072274,ENA_SAMN03764949,ERY,Susceptible,Susceptible,0.06,0.06
SRS967348,Streptococcus pneumoniae,Streptococcus pneumoniae,0.9899970311170316,SRR2072265,ENA_SAMN03765029,ERY,Susceptible,Susceptible,0.03,0.06
SRS967349,Streptococcus pneumoniae,Streptococcus pneumoniae,0.989407181482029,SRR2072263,ENA_SAMN03765101,ERY,Susceptible,Susceptible,0.03,0.06
SRS967358,Streptococcus pneumoniae,Streptococcus pneumoniae,0.990018405031271,SRR2072254,ENA_SAMN03765033,ERY,Susceptible,Susceptible,0.03,0.06
SRS967359,Streptococcus pneumoniae,Streptococcus pneumoniae,0.9892989135908604,SRR2072253,ENA_SAMN03764997,ERY,Resistant,Resistant,4.0,4.0
SRS967361,Streptococcus pneumoniae,Streptococcus pneumoniae,0.989653777260588,SRR2072250,ENA_SAMN03764959,ERY,Susceptible,Susceptible,0.06,0.06
SRS967362,Streptococcus pneumoniae,Streptococcus pneumoniae,0.9913260397323782,SRR2072248,ENA_SAMN03764932,ERY,Susceptible,Susceptible,0.06,0.06
SRS967364,Streptococcus pneumoniae,Streptococcus pneumoniae,0.990918640708218,SRR2072246,ENA_SAMN03765018,ERY,Resistant,Resistant,8.0,8.0
SRS967367,Streptococcus pneumoniae,Streptococcus pneumoniae,0.9903436843788735,SRR2072243,ENA_SAMN03765079,ERY,Resistant,Resistant,2.0,2.0
SRS967368,Streptococcus pneumoniae,Streptococcus pneumoniae,0.9906605290808368,SRR2072242,ENA_SAMN03764945,ERY,Susceptible,Susceptible,0.03,0.06
SRS967369,Streptococcus pneumoniae,Streptococcus pneumoniae,0.9902060589118948,SRR2072240,ENA_SAMN03765042,ERY,Susceptible,Susceptible,0.03,0.06
SRS967371,Streptococcus pneumoniae,Streptococcus pneumoniae,0.9905528992155292,SRR2072239,ENA_SAMN03764944,ERY,Susceptible,Susceptible,0.03,0.06
SRS967374,Streptococcus pneumoniae,Streptococcus pneumoniae,0.9893608591747106,SRR2072235,ENA_SAMN03764984,ERY,Susceptible,Susceptible,0.06,0.06
SRS967377,Streptococcus pneumoniae,Streptococcus pneumoniae,0.9894387045453354,SRR2072233,ENA_SAMN03765092,ERY,Resistant,Resistant,4.0,4.0
SRS967378,Streptococcus pneumoniae,Streptococcus pneumoniae,0.990173177456013,SRR2072232,ENA_SAMN03765069,ERY,Resistant,Resistant,4.0,4.0
SRS967381,Streptococcus pneumoniae,Streptococcus pneumoniae,0.9896939010062872,SRR2072229,ENA_SAMN03764952,ERY,Susceptible,Susceptible,0.06,0.06
SRS967382,Streptococcus pneumoniae,Streptococcus pneumoniae,0.9889505301028908,SRR2072228,ENA_SAMN03765062,ERY,Susceptible,Susceptible,0.03,0.06
SRS967383,Streptococcus pneumoniae,Streptococcus pneumoniae,0.9897247355586344,SRR2072227,ENA_SAMN03764951,ERY,Susceptible,Susceptible,0.03,0.06
SRS967386,Streptococcus pneumoniae,Streptococcus pneumoniae,0.990120671641718,SRR2072224,ENA_SAMN03765038,ERY,Susceptible,Susceptible,0.03,0.06
SRS967394,Streptococcus pneumoniae,Streptococcus pneumoniae,0.9903962689143836,SRR2072216,ENA_SAMN03765080,ERY,Resistant,Resistant,4.0,4.0
SRS967396,Streptococcus pneumoniae,Streptococcus pneumoniae,0.9902468913745228,SRR2072214,ENA_SAMN03764975,ERY,Susceptible,Susceptible,0.06,0.06
SRS967397,Streptococcus pneumoniae,Streptococcus pneumoniae,0.9898585345652194,SRR2072213,ENA_SAMN03765095,ERY,Resistant,Resistant,16.0,16.0
SRS967398,Streptococcus pneumoniae,Streptococcus pneumoniae,0.9898462230226308,SRR2072212,ENA_SAMN03765024,ERY,Resistant,Resistant,32.0,32.0
SRS967399,Streptococcus pneumoniae,Streptococcus pneumoniae,0.9893555627652508,SRR2072211,ENA_SAMN03765060,ERY,Susceptible,Susceptible,0.06,0.06
SRS967552,Streptococcus pneumoniae,Streptococcus pneumoniae,0.9903689644490477,SRR2072272,ENA_SAMN03765081,ERY,Resistant,Resistant,4.0,4.0
SRS967553,Streptococcus pneumoniae,Streptococcus pneumoniae,0.9893120460633256,SRR2072251,ENA_SAMN03765088,ERY,Resistant,Resistant,8.0,8.0
SRS970790,Streptococcus pneumoniae,Streptococcus pneumoniae,0.9906377094180472,SRR2076740,ENA_SAMN03764980,ERY,Resistant,Resistant,8.0,8.0
SRS975622,Salmonella enterica,Salmonella enterica,0.98694117689871,SRR2082955,ENA_SAMN03291651,GEN,Susceptible,Susceptible,0.25,0.25
SRS979539,Acinetobacter baumannii,Acinetobacter baumannii,0.98312557389018,SRR2075951,ENA_SAMN03577730,CAZ,Resistant,Resistant,256.0,64.0
SRS992290,Salmonella enterica,Salmonella enterica,0.9901968773990782,SRR2102393,ENA_SAMN03276109,GEN,Resistant,Resistant,16.0,16.0
SRS992319,Salmonella enterica,Salmonella enterica,0.9976714041752608,SRR2102423,ENA_SAMN03276111,GEN,Susceptible,Susceptible,0.25,0.25
ERS002787,Streptococcus pneumoniae,Streptococcus pneumoniae,0.9888456219770094,ERR023439,ENA_SAMEA677568,ERY,Resistant,Resistant,16.0,16.0
ERS002788,Streptococcus pneumoniae,Streptococcus pneumoniae,0.9890112455286408,ERR023439,ENA_SAMEA677573,ERY,Resistant,Resistant,16.0,16.0
ERS002789,Streptococcus pneumoniae,Streptococcus pneumoniae,0.9891201104980988,ERR023439,ENA_SAMEA677574,ERY,Resistant,Resistant,16.0,16.0
ERS002791,Streptococcus pneumoniae,Streptococcus pneumoniae,0.9887710583088576,ERR023451,ENA_SAMEA677522,ERY,Resistant,Resistant,16.0,16.0
ERS002792,Streptococcus pneumoniae,Streptococcus pneumoniae,0.9890777099384318,ERR023428,ENA_SAMEA677521,ERY,Resistant,Resistant,16.0,16.0
ERS002793,Streptococcus pneumoniae,Streptococcus pneumoniae,0.989051758767956,ERR023428,ENA_SAMEA677520,ERY,Resistant,Resistant,1.0,1.0
ERS002794,Streptococcus pneumoniae,Streptococcus pneumoniae,0.9889906668666704,ERR023428,ENA_SAMEA677527,ERY,Resistant,Resistant,4.0,4.0
ERS002795,Streptococcus pneumoniae,Streptococcus pneumoniae,0.9888780725552032,ERR023428,ENA_SAMEA677526,ERY,Susceptible,Susceptible,0.125,0.12
ERS002796,Streptococcus pneumoniae,Streptococcus pneumoniae,0.9891458967767864,ERR023428,ENA_SAMEA677525,ERY,Susceptible,Susceptible,0.125,0.12
ERS002797,Streptococcus pneumoniae,Streptococcus pneumoniae,0.9891806225441894,ERR023428,ENA_SAMEA677518,ERY,Susceptible,Susceptible,0.125,0.12
ERS002798,Streptococcus pneumoniae,Streptococcus pneumoniae,0.9890706095360308,ERR023428,ENA_SAMEA677531,ERY,Susceptible,Susceptible,0.125,0.12
ERS002799,Streptococcus pneumoniae,Streptococcus pneumoniae,0.9888981417051576,ERR023428,ENA_SAMEA677530,ERY,Resistant,Resistant,2.0,2.0
ERS002800,Streptococcus pneumoniae,Streptococcus pneumoniae,0.9890748639239128,ERR023428,ENA_SAMEA677517,ERY,Resistant,Resistant,8.0,8.0
ERS004753,Streptococcus pneumoniae,Streptococcus pneumoniae,0.9891370146451302,ERR019700,ENA_SAMEA677702,ERY,Resistant,Resistant,256.0,64.0
ERS004756,Streptococcus pneumoniae,Streptococcus pneumoniae,0.9890470164472912,ERR019700,ENA_SAMEA677707,ERY,Resistant,Resistant,256.0,64.0
ERS004759,Streptococcus pneumoniae,Streptococcus pneumoniae,0.988990610827366,ERR019700,ENA_SAMEA677708,ERY,Resistant,Resistant,256.0,64.0
ERS004761,Streptococcus pneumoniae,Streptococcus pneumoniae,0.9892863685263106,ERR019700,ENA_SAMEA677579,ERY,Resistant,Resistant,512.0,64.0
ERS004762,Streptococcus pneumoniae,Streptococcus pneumoniae,0.9891345086069452,ERR019700,ENA_SAMEA677580,ERY,Resistant,Resistant,128.0,64.0
ERS004765,Streptococcus pneumoniae,Streptococcus pneumoniae,0.9872242058025574,ERR016633,ENA_SAMEA677583,ERY,Resistant,Resistant,256.0,64.0
ERS004767,Streptococcus pneumoniae,Streptococcus pneumoniae,0.9891137116285298,ERR016633,ENA_SAMEA677585,ERY,Resistant,Resistant,128.0,64.0
ERS004769,Streptococcus pneumoniae,Streptococcus pneumoniae,0.9890303884463472,ERR016633,ENA_SAMEA677577,ERY,Resistant,Resistant,512.0,64.0
ERS004771,Streptococcus pneumoniae,Streptococcus pneumoniae,0.9891000095026096,ERR016633,ENA_SAMEA677456,ERY,Resistant,Resistant,128.0,64.0
ERS004774,Streptococcus pneumoniae,Streptococcus pneumoniae,0.9889432900540308,ERR016633,ENA_SAMEA677453,ERY,Resistant,Resistant,256.0,64.0
ERS004773,Streptococcus pneumoniae,Streptococcus pneumoniae,0.988931531862101,ERR016691,ENA_SAMEA677454,ERY,Resistant,Resistant,16.0,16.0
ERS004775,Streptococcus pneumoniae,Streptococcus pneumoniae,0.9892169312743728,ERR016691,ENA_SAMEA677452,ERY,Resistant,Resistant,2.0,2.0
ERS004776,Streptococcus pneumoniae,Streptococcus pneumoniae,0.9891111179604684,ERR016691,ENA_SAMEA677451,ERY,Resistant,Resistant,2.0,2.0
ERS004777,Streptococcus pneumoniae,Streptococcus pneumoniae,0.9890777099384318,ERR016691,ENA_SAMEA677450,ERY,Resistant,Resistant,2.0,2.0
ERS004778,Streptococcus pneumoniae,Streptococcus pneumoniae,0.9891093573085772,ERR016691,ENA_SAMEA677460,ERY,Resistant,Resistant,4.0,4.0
ERS004779,Streptococcus pneumoniae,Streptococcus pneumoniae,0.989030496153042,ERR016691,ENA_SAMEA677459,ERY,Resistant,Resistant,4.0,4.0
ERS004780,Streptococcus pneumoniae,Streptococcus pneumoniae,0.9890748639239128,ERR016691,ENA_SAMEA677603,ERY,Resistant,Resistant,8.0,8.0
ERS004781,Streptococcus pneumoniae,Streptococcus pneumoniae,0.989019551858701,ERR016691,ENA_SAMEA677712,ERY,Resistant,Resistant,4.0,4.0
ERS004782,Streptococcus pneumoniae,Streptococcus pneumoniae,0.98898173835823,ERR016691,ENA_SAMEA677601,ERY,Resistant,Resistant,2.0,2.0
ERS004783,Streptococcus pneumoniae,Streptococcus pneumoniae,0.989103243235064,ERR016691,ENA_SAMEA677656,ERY,Resistant,Resistant,4.0,4.0
ERS004784,Streptococcus pneumoniae,Streptococcus pneumoniae,0.9890503504054704,ERR016691,ENA_SAMEA677664,ERY,Resistant,Resistant,1.0,1.0
ERS004785,Streptococcus pneumoniae,Streptococcus pneumoniae,0.989051758767956,ERR016691,ENA_SAMEA677638,ERY,Resistant,Resistant,4.0,4.0
ERS004786,Streptococcus pneumoniae,Streptococcus pneumoniae,0.98920322484603,ERR016645,ENA_SAMEA677597,ERY,Resistant,Resistant,4.0,4.0
ERS004787,Streptococcus pneumoniae,Streptococcus pneumoniae,0.9889167891838084,ERR016644,ENA_SAMEA677608,ERY,Resistant,Resistant,128.0,64.0
ERS004788,Streptococcus pneumoniae,Streptococcus pneumoniae,0.988611955562992,ERR016644,ENA_SAMEA677691,ERY,Resistant,Resistant,2.0,2.0
ERS004789,Streptococcus pneumoniae,Streptococcus pneumoniae,0.989288434925453,ERR016644,ENA_SAMEA677611,ERY,Resistant,Resistant,4.0,4.0
ERS004790,Streptococcus pneumoniae,Streptococcus pneumoniae,0.9886618476864532,ERR016644,ENA_SAMEA677558,ERY,Resistant,Resistant,128.0,64.0
ERS004791,Streptococcus pneumoniae,Streptococcus pneumoniae,0.9886309732657408,ERR016644,ENA_SAMEA677557,ERY,Resistant,Resistant,4.0,4.0
ERS004792,Streptococcus pneumoniae,Streptococcus pneumoniae,0.9891895569630756,ERR016644,ENA_SAMEA677560,ERY,Resistant,Resistant,4.0,4.0
ERS004793,Streptococcus pneumoniae,Streptococcus pneumoniae,0.988691996591616,ERR016644,ENA_SAMEA677559,ERY,Resistant,Resistant,128.0,64.0
ERS004794,Streptococcus pneumoniae,Streptococcus pneumoniae,0.989262054099604,ERR016644,ENA_SAMEA677554,ERY,Resistant,Resistant,128.0,64.0
ERS004795,Streptococcus pneumoniae,Streptococcus pneumoniae,0.9892538039260578,ERR016644,ENA_SAMEA677553,ERY,Resistant,Resistant,8.0,8.0
ERS004796,Streptococcus pneumoniae,Streptococcus pneumoniae,0.989239787137041,ERR016644,ENA_SAMEA677556,ERY,Resistant,Resistant,4.0,4.0
ERS004798,Streptococcus pneumoniae,Streptococcus pneumoniae,0.989296977694482,ERR016644,ENA_SAMEA677563,ERY,Resistant,Resistant,4.0,4.0
ERS004797,Streptococcus pneumoniae,Streptococcus pneumoniae,0.9888030355742132,ERR016658,ENA_SAMEA677555,ERY,Resistant,Resistant,128.0,64.0
ERS004799,Streptococcus pneumoniae,Streptococcus pneumoniae,0.9893036750288784,ERR016657,ENA_SAMEA677562,ERY,Resistant,Resistant,4.0,4.0
ERS004800,Streptococcus pneumoniae,Streptococcus pneumoniae,0.9891909283888513,ERR016657,ENA_SAMEA677693,ERY,Resistant,Resistant,8.0,8.0
ERS004801,Streptococcus pneumoniae,Streptococcus pneumoniae,0.989361914523774,ERR016657,ENA_SAMEA677692,ERY,Resistant,Resistant,32.0,32.0
ERS004802,Streptococcus pneumoniae,Streptococcus pneumoniae,0.98929218280265,ERR016657,ENA_SAMEA677695,ERY,Resistant,Resistant,128.0,64.0
ERS004803,Streptococcus pneumoniae,Streptococcus pneumoniae,0.9892321666383864,ERR016657,ENA_SAMEA677694,ERY,Resistant,Resistant,1.0,1.0
ERS004804,Streptococcus pneumoniae,Streptococcus pneumoniae,0.9893204684353756,ERR016657,ENA_SAMEA677659,ERY,Resistant,Resistant,2.0,2.0
ERS004805,Streptococcus pneumoniae,Streptococcus pneumoniae,0.989263246614492,ERR016657,ENA_SAMEA677696,ERY,Resistant,Resistant,2.0,2.0
ERS004806,Streptococcus pneumoniae,Streptococcus pneumoniae,0.9886807126515356,ERR016657,ENA_SAMEA677699,ERY,Resistant,Resistant,1.0,1.0
ERS004807,Streptococcus pneumoniae,Streptococcus pneumoniae,0.9892472674025604,ERR016657,ENA_SAMEA677698,ERY,Resistant,Resistant,128.0,64.0
ERS004808,Streptococcus pneumoniae,Streptococcus pneumoniae,0.9891120805648542,ERR016657,ENA_SAMEA677690,ERY,Resistant,Resistant,128.0,64.0
ERS004809,Streptococcus pneumoniae,Streptococcus pneumoniae,0.98933785220843,ERR016670,ENA_SAMEA677689,ERY,Resistant,Resistant,32.0,32.0
ERS004810,Streptococcus pneumoniae,Streptococcus pneumoniae,0.9894676195544376,ERR016669,ENA_SAMEA677751,ERY,Resistant,Resistant,4.0,4.0
ERS004815,Streptococcus pneumoniae,Streptococcus pneumoniae,0.9890920582990722,ERR016669,ENA_SAMEA677756,ERY,Resistant,Resistant,32.0,32.0
ERS004816,Streptococcus pneumoniae,Streptococcus pneumoniae,0.9893347360500204,ERR016669,ENA_SAMEA677753,ERY,Resistant,Resistant,32.0,32.0
ERS004817,Streptococcus pneumoniae,Streptococcus pneumoniae,0.9893806952560326,ERR016669,ENA_SAMEA677754,ERY,Resistant,Resistant,32.0,32.0
ERS004818,Streptococcus pneumoniae,Streptococcus pneumoniae,0.9893131069913228,ERR016669,ENA_SAMEA677747,ERY,Resistant,Resistant,32.0,32.0
ERS004819,Streptococcus pneumoniae,Streptococcus pneumoniae,0.9892818776303324,ERR019725,ENA_SAMEA677748,ERY,Resistant,Resistant,32.0,32.0
ERS004821,Streptococcus pneumoniae,Streptococcus pneumoniae,0.989022942207768,ERR016850,ENA_SAMEA677448,ERY,Resistant,Resistant,2.0,2.0
ERS004823,Streptococcus pneumoniae,Streptococcus pneumoniae,0.9890730076786096,ERR016850,ENA_SAMEA677445,ERY,Resistant,Resistant,4.0,4.0
ERS004824,Streptococcus pneumoniae,Streptococcus pneumoniae,0.9890503504054704,ERR016850,ENA_SAMEA677443,ERY,Resistant,Resistant,4.0,4.0
ERS004825,Streptococcus pneumoniae,Streptococcus pneumoniae,0.9893237519590063,ERR016850,ENA_SAMEA677441,ERY,Resistant,Resistant,32.0,32.0
ERS004826,Streptococcus pneumoniae,Streptococcus pneumoniae,0.9893468692238938,ERR016850,ENA_SAMEA677440,ERY,Resistant,Resistant,32.0,32.0
ERS004827,Streptococcus pneumoniae,Streptococcus pneumoniae,0.989203234962257,ERR016850,ENA_SAMEA677438,ERY,Resistant,Resistant,32.0,32.0
ERS004828,Streptococcus pneumoniae,Streptococcus pneumoniae,0.9892183725459978,ERR016850,ENA_SAMEA677436,ERY,Resistant,Resistant,32.0,32.0
ERS004881,Streptococcus pneumoniae,Streptococcus pneumoniae,0.9893134042180478,ERR016713,ENA_SAMEA677684,ERY,Resistant,Resistant,32.0,32.0
ERS004882,Streptococcus pneumoniae,Streptococcus pneumoniae,0.9892698525715689,ERR016713,ENA_SAMEA677686,ERY,Resistant,Resistant,32.0,32.0
ERS005185,Streptococcus pneumoniae,Streptococcus pneumoniae,0.9886883257239968,ERR016747,ENA_SAMEA677421,ERY,Resistant,Resistant,64.0,64.0
ERS005188,Streptococcus pneumoniae,Streptococcus pneumoniae,0.9886279020643332,ERR016746,ENA_SAMEA677410,ERY,Resistant,Resistant,64.0,64.0
ERS005189,Streptococcus pneumoniae,Streptococcus pneumoniae,0.9881357572863368,ERR016746,ENA_SAMEA677486,ERY,Resistant,Resistant,64.0,64.0
ERS005190,Streptococcus pneumoniae,Streptococcus pneumoniae,0.9886923044336504,ERR016746,ENA_SAMEA677473,ERY,Resistant,Resistant,64.0,64.0
ERS005191,Streptococcus pneumoniae,Streptococcus pneumoniae,0.9888433966961544,ERR016746,ENA_SAMEA677474,ERY,Resistant,Resistant,4.0,4.0
ERS005192,Streptococcus pneumoniae,Streptococcus pneumoniae,0.9886652712630376,ERR016746,ENA_SAMEA677433,ERY,Resistant,Resistant,64.0,64.0
ERS005193,Streptococcus pneumoniae,Streptococcus pneumoniae,0.9890363727204894,ERR016746,ENA_SAMEA677681,ERY,Resistant,Resistant,64.0,64.0
ERS005194,Streptococcus pneumoniae,Streptococcus pneumoniae,0.9884338903224176,ERR016746,ENA_SAMEA677469,ERY,Resistant,Resistant,64.0,64.0
ERS005195,Streptococcus pneumoniae,Streptococcus pneumoniae,0.9886285350415716,ERR016746,ENA_SAMEA677470,ERY,Resistant,Resistant,64.0,64.0
ERS005196,Streptococcus pneumoniae,Streptococcus pneumoniae,0.9886649382083176,ERR016746,ENA_SAMEA677471,ERY,Resistant,Resistant,64.0,64.0
ERS005199,Streptococcus pneumoniae,Streptococcus pneumoniae,0.9885697982564526,ERR016759,ENA_SAMEA677540,ERY,Resistant,Resistant,256.0,64.0
ERS005201,Streptococcus pneumoniae,Streptococcus pneumoniae,0.988859768611856,ERR016759,ENA_SAMEA677507,ERY,Resistant,Resistant,256.0,64.0
ERS005202,Streptococcus pneumoniae,Streptococcus pneumoniae,0.988641599283945,ERR016759,ENA_SAMEA677508,ERY,Resistant,Resistant,256.0,64.0
ERS005204,Streptococcus pneumoniae,Streptococcus pneumoniae,0.989079135884564,ERR016759,ENA_SAMEA677510,ERY,Resistant,Resistant,256.0,64.0
ERS005206,Streptococcus pneumoniae,Streptococcus pneumoniae,0.9889706915797744,ERR016759,ENA_SAMEA677512,ERY,Resistant,Resistant,256.0,64.0
ERS005209,Streptococcus pneumoniae,Streptococcus pneumoniae,0.988655487664388,ERR016772,ENA_SAMEA677503,ERY,Resistant,Resistant,256.0,64.0
ERS005210,Streptococcus pneumoniae,Streptococcus pneumoniae,0.9887281979401358,ERR016772,ENA_SAMEA677468,ERY,Resistant,Resistant,256.0,64.0
ERS005213,Streptococcus pneumoniae,Streptococcus pneumoniae,0.988849619347411,ERR016772,ENA_SAMEA677750,ERY,Resistant,Resistant,256.0,64.0
ERS005219,Streptococcus pneumoniae,Streptococcus pneumoniae,0.9884722936538068,ERR016772,ENA_SAMEA677475,ERY,Resistant,Resistant,256.0,64.0
ERS005227,Streptococcus pneumoniae,Streptococcus pneumoniae,0.9887997507517476,ERR016785,ENA_SAMEA677412,ERY,Resistant,Resistant,3.0,4.0
ERS005228,Streptococcus pneumoniae,Streptococcus pneumoniae,0.988692836050533,ERR016785,ENA_SAMEA677417,ERY,Resistant,Resistant,256.0,64.0
ERS005235,Streptococcus pneumoniae,Streptococcus pneumoniae,0.9887860154401206,ERR016798,ENA_SAMEA677716,ERY,Resistant,Resistant,256.0,64.0
ERS005236,Streptococcus pneumoniae,Streptococcus pneumoniae,0.9885305049615885,ERR016798,ENA_SAMEA677613,ERY,Resistant,Resistant,4.0,4.0
ERS005244,Streptococcus pneumoniae,Streptococcus pneumoniae,0.9885869858910352,ERR016798,ENA_SAMEA677662,ERY,Resistant,Resistant,256.0,64.0
ERS005269,Streptococcus pneumoniae,Streptococcus pneumoniae,0.9890673292635296,ERR016837,ENA_SAMEA677588,ERY,Resistant,Resistant,2.0,2.0
ERS005270,Streptococcus pneumoniae,Streptococcus pneumoniae,0.9891685187536456,ERR016837,ENA_SAMEA677550,ERY,Resistant,Resistant,32.0,32.0
ERS005271,Streptococcus pneumoniae,Streptococcus pneumoniae,0.9890386042680256,ERR016837,ENA_SAMEA677549,ERY,Susceptible,Susceptible,0.12,0.12
ERS005272,Streptococcus pneumoniae,Streptococcus pneumoniae,0.9888808409756308,ERR016837,ENA_SAMEA677552,ERY,Susceptible,Susceptible,0.12,0.12
ERS005273,Streptococcus pneumoniae,Streptococcus pneumoniae,0.989103243235064,ERR016837,ENA_SAMEA677551,ERY,Susceptible,Susceptible,0.06,0.06
ERS005274,Streptococcus pneumoniae,Streptococcus pneumoniae,0.9885172585155276,ERR016837,ENA_SAMEA677546,ERY,Susceptible,Susceptible,0.06,0.06
ERS005275,Streptococcus pneumoniae,Streptococcus pneumoniae,0.9885813773271616,ERR016837,ENA_SAMEA677545,ERY,Susceptible,Susceptible,0.12,0.12
ERS005276,Streptococcus pneumoniae,Streptococcus pneumoniae,0.9888682453038572,ERR016837,ENA_SAMEA677548,ERY,Susceptible,Susceptible,0.06,0.06
ERS005277,Streptococcus pneumoniae,Streptococcus pneumoniae,0.9888757166930848,ERR016837,ENA_SAMEA677547,ERY,Susceptible,Susceptible,0.12,0.12
ERS005278,Streptococcus pneumoniae,Streptococcus pneumoniae,0.9886958579140338,ERR016837,ENA_SAMEA677544,ERY,Resistant,Resistant,128.0,64.0
ERS005279,Streptococcus pneumoniae,Streptococcus pneumoniae,0.989085257154152,ERR016837,ENA_SAMEA677543,ERY,Susceptible,Susceptible,0.12,0.12
ERS005281,Streptococcus pneumoniae,Streptococcus pneumoniae,0.9885909102657282,ERR016837,ENA_SAMEA677714,ERY,Susceptible,Susceptible,0.06,0.06
ERS005280,Streptococcus pneumoniae,Streptococcus pneumoniae,0.9890762859528957,ERR016733,ENA_SAMEA677569,ERY,Resistant,Resistant,128.0,64.0
ERS005282,Streptococcus pneumoniae,Streptococcus pneumoniae,0.9884926087212512,ERR016733,ENA_SAMEA677575,ERY,Susceptible,Susceptible,0.12,0.12
ERS005283,Streptococcus pneumoniae,Streptococcus pneumoniae,0.9887971781771154,ERR016733,ENA_SAMEA677516,ERY,Resistant,Resistant,64.0,64.0
ERS005284,Streptococcus pneumoniae,Streptococcus pneumoniae,0.9888508819231784,ERR016733,ENA_SAMEA677524,ERY,Susceptible,Susceptible,0.12,0.12
ERS005285,Streptococcus pneumoniae,Streptococcus pneumoniae,0.9892334223027414,ERR016733,ENA_SAMEA677670,ERY,Resistant,Resistant,8.0,8.0
ERS005286,Streptococcus pneumoniae,Streptococcus pneumoniae,0.988974181206748,ERR016733,ENA_SAMEA677737,ERY,Intermediate,Susceptible,0.5,0.5
ERS005287,Streptococcus pneumoniae,Streptococcus pneumoniae,0.9887360653948978,ERR016733,ENA_SAMEA677744,ERY,Susceptible,Susceptible,0.12,0.12
ERS005288,Streptococcus pneumoniae,Streptococcus pneumoniae,0.9891851057187246,ERR016733,ENA_SAMEA677528,ERY,Resistant,Resistant,4.0,4.0
ERS005289,Streptococcus pneumoniae,Streptococcus pneumoniae,0.98887462865901,ERR016733,ENA_SAMEA677529,ERY,Resistant,Resistant,32.0,32.0
ERS005290,Streptococcus pneumoniae,Streptococcus pneumoniae,0.9891067893403762,ERR016733,ENA_SAMEA677488,ERY,Resistant,Resistant,32.0,32.0
ERS005294,Streptococcus pneumoniae,Streptococcus pneumoniae,0.9890762859528957,ERR024211,ENA_SAMEA677484,ERY,Resistant,Resistant,64.0,64.0
ERS005295,Streptococcus pneumoniae,Streptococcus pneumoniae,0.9887035239549098,ERR024211,ENA_SAMEA677483,ERY,Resistant,Resistant,64.0,64.0
ERS005296,Streptococcus pneumoniae,Streptococcus pneumoniae,0.988777322715378,ERR024211,ENA_SAMEA677482,ERY,Resistant,Resistant,64.0,64.0
ERS005297,Streptococcus pneumoniae,Streptococcus pneumoniae,0.9890140066791402,ERR024211,ENA_SAMEA677481,ERY,Resistant,Resistant,64.0,64.0
ERS005298,Streptococcus pneumoniae,Streptococcus pneumoniae,0.9887910508143944,ERR024211,ENA_SAMEA677480,ERY,Resistant,Resistant,64.0,64.0
ERS005299,Streptococcus pneumoniae,Streptococcus pneumoniae,0.9890720257194948,ERR024211,ENA_SAMEA677479,ERY,Resistant,Resistant,32.0,32.0
ERS005300,Streptococcus pneumoniae,Streptococcus pneumoniae,0.9886935400207458,ERR024211,ENA_SAMEA677685,ERY,Resistant,Resistant,64.0,64.0
ERS005301,Streptococcus pneumoniae,Streptococcus pneumoniae,0.9892850127501182,ERR024211,ENA_SAMEA677477,ERY,Resistant,Resistant,64.0,64.0
ERS005302,Streptococcus pneumoniae,Streptococcus pneumoniae,0.9893137651186946,ERR024211,ENA_SAMEA677661,ERY,Resistant,Resistant,64.0,64.0
ERS005303,Streptococcus pneumoniae,Streptococcus pneumoniae,0.9890235444479658,ERR024211,ENA_SAMEA677616,ERY,Resistant,Resistant,8.0,8.0
ERS005305,Streptococcus pneumoniae,Streptococcus pneumoniae,0.9890762859528957,ERR024211,ENA_SAMEA677658,ERY,Resistant,Resistant,64.0,64.0
ERS005304,Streptococcus pneumoniae,Streptococcus pneumoniae,0.9884772819764794,ERR024229,BVBRC_1313.9819,ERY,Resistant,Resistant,1.0,1.0
ERS005306,Streptococcus pneumoniae,Streptococcus pneumoniae,0.9884937057606418,ERR024229,BVBRC_1313.9724,ERY,Resistant,Resistant,2.0,2.0
ERS005310,Streptococcus pneumoniae,Streptococcus pneumoniae,0.9885667363400747,ERR024229,BVBRC_1313.9741,ERY,Resistant,Resistant,64.0,64.0
ERS005311,Streptococcus pneumoniae,Streptococcus pneumoniae,0.9889722419698146,ERR024229,BVBRC_1313.9820,ERY,Resistant,Resistant,4.0,4.0
ERS005312,Streptococcus pneumoniae,Streptococcus pneumoniae,0.988903942112914,ERR024229,BVBRC_1313.9731,ERY,Resistant,Resistant,4.0,4.0
ERS005313,Streptococcus pneumoniae,Streptococcus pneumoniae,0.9883738469274428,ERR024229,BVBRC_1313.9821,ERY,Resistant,Resistant,64.0,64.0
ERS005314,Streptococcus pneumoniae,Streptococcus pneumoniae,0.9885237598424848,ERR024229,BVBRC_1313.9822,ERY,Resistant,Resistant,64.0,64.0
ERS005315,Streptococcus pneumoniae,Streptococcus pneumoniae,0.9887456037572178,ERR024229,BVBRC_1313.9733,ERY,Resistant,Resistant,4.0,4.0
ERS005317,Streptococcus pneumoniae,Streptococcus pneumoniae,0.988573171912352,ERR024229,BVBRC_1313.9823,ERY,Resistant,Resistant,64.0,64.0
ERS005318,Streptococcus pneumoniae,Streptococcus pneumoniae,0.9890668725243796,ERR018818,ENA_SAMEA677639,ERY,Resistant,Resistant,32.0,32.0
ERS005319,Streptococcus pneumoniae,Streptococcus pneumoniae,0.9889839428755428,ERR018818,ENA_SAMEA677722,ERY,Resistant,Resistant,32.0,32.0
ERS005322,Streptococcus pneumoniae,Streptococcus pneumoniae,0.989086688470797,ERR018818,ENA_SAMEA677678,ERY,Resistant,Resistant,32.0,32.0
ERS005323,Streptococcus pneumoniae,Streptococcus pneumoniae,0.9890396980060993,ERR018818,ENA_SAMEA677677,ERY,Resistant,Resistant,32.0,32.0
ERS005324,Streptococcus pneumoniae,Streptococcus pneumoniae,0.989103579463406,ERR018818,ENA_SAMEA677676,ERY,Resistant,Resistant,32.0,32.0
ERS005325,Streptococcus pneumoniae,Streptococcus pneumoniae,0.989071585143364,ERR018818,ENA_SAMEA677675,ERY,Resistant,Resistant,32.0,32.0
ERS005327,Streptococcus pneumoniae,Streptococcus pneumoniae,0.9890899387571316,ERR018818,ENA_SAMEA677674,ERY,Resistant,Resistant,32.0,32.0
ERS005331,Streptococcus pneumoniae,Streptococcus pneumoniae,0.9890106016821768,ERR018818,ENA_SAMEA677514,ERY,Resistant,Resistant,32.0,32.0
ERS005339,Streptococcus pneumoniae,Streptococcus pneumoniae,0.9889412623649227,ERR016723,ENA_SAMEA677701,ERY,Susceptible,Susceptible,0.125,0.12
ERS005340,Streptococcus pneumoniae,Streptococcus pneumoniae,0.9889425809144904,ERR016723,ENA_SAMEA677404,ERY,Resistant,Resistant,256.0,64.0
ERS005341,Streptococcus pneumoniae,Streptococcus pneumoniae,0.9759386362553796,ERR016723,ENA_SAMEA677403,ERY,Susceptible,Susceptible,0.125,0.12
ERS005342,Streptococcus pneumoniae,Streptococcus pneumoniae,0.9889652744142547,ERR016723,ENA_SAMEA677406,ERY,Resistant,Resistant,256.0,64.0
ERS005343,Streptococcus pneumoniae,Streptococcus pneumoniae,0.9885148014257484,ERR016723,ENA_SAMEA677405,ERY,Susceptible,Susceptible,0.125,0.12
ERS005344,Streptococcus pneumoniae,Streptococcus pneumoniae,0.9889350931264514,ERR016723,ENA_SAMEA677400,ERY,Resistant,Resistant,256.0,64.0
ERS005345,Streptococcus pneumoniae,Streptococcus pneumoniae,0.9884926087212512,ERR016723,ENA_SAMEA677399,ERY,Susceptible,Susceptible,0.125,0.12
ERS005347,Streptococcus pneumoniae,Streptococcus pneumoniae,0.9885338890179144,ERR016723,ENA_SAMEA677401,ERY,Susceptible,Susceptible,0.125,0.12
ERS009779,Streptococcus pneumoniae,Streptococcus pneumoniae,0.9890989170343454,ERR024271,ENA_SAMEA677642,ERY,Intermediate,Susceptible,0.5,0.5
ERS009780,Streptococcus pneumoniae,Streptococcus pneumoniae,0.9890960428044552,ERR024271,ENA_SAMEA677657,ERY,Resistant,Resistant,2.0,2.0
ERS009781,Streptococcus pneumoniae,Streptococcus pneumoniae,0.9891308246513032,ERR024271,ENA_SAMEA677564,ERY,Resistant,Resistant,1.0,1.0
ERS016465,Staphylococcus aureus,Staphylococcus aureus,0.9880054730357084,ERR029341,ENA_SAMEA800387,ERY,Resistant,Resistant,,
ERS016466,Staphylococcus aureus,Staphylococcus aureus,0.9880286777973508,ERR029341,ENA_SAMEA800388,ERY,Susceptible,Susceptible,,
ERS016467,Staphylococcus aureus,Staphylococcus aureus,0.9880111506407586,ERR029341,ENA_SAMEA800389,ERY,Resistant,Resistant,,
ERS016468,Staphylococcus aureus,Staphylococcus aureus,0.9880230446359328,ERR029341,ENA_SAMEA800348,ERY,Susceptible,Susceptible,,
ERS016469,Staphylococcus aureus,Staphylococcus aureus,0.9880003199685964,ERR029341,ENA_SAMEA800349,ERY,Resistant,Resistant,,
ERS016470,Staphylococcus aureus,Staphylococcus aureus,0.9879786363396984,ERR029341,ENA_SAMEA800313,ERY,Resistant,Resistant,,
ERS016471,Staphylococcus aureus,Staphylococcus aureus,0.9878734410811728,ERR029341,ENA_SAMEA800312,ERY,Susceptible,Susceptible,,
ERS016472,Staphylococcus aureus,Staphylococcus aureus,0.9879884464821902,ERR029341,ENA_SAMEA800311,ERY,Resistant,Resistant,,
ERS016473,Staphylococcus aureus,Staphylococcus aureus,0.98801736190088,ERR029341,ENA_SAMEA800310,ERY,Susceptible,Susceptible,,
ERS016474,Staphylococcus aureus,Staphylococcus aureus,0.9880168292900442,ERR029341,ENA_SAMEA800309,ERY,Resistant,Resistant,,
ERS016475,Staphylococcus aureus,Staphylococcus aureus,0.9880003199685964,ERR029341,ENA_SAMEA800308,ERY,Resistant,Resistant,,
ERS016476,Staphylococcus aureus,Staphylococcus aureus,0.9879951624199964,ERR029341,ENA_SAMEA800307,ERY,Resistant,Resistant,,
ERS016477,Staphylococcus aureus,Staphylococcus aureus,0.9880111506407586,ERR029354,ENA_SAMEA800306,ERY,Resistant,Resistant,,
ERS016478,Staphylococcus aureus,Staphylococcus aureus,0.9878620131804317,ERR029354,ENA_SAMEA800315,ERY,Resistant,Resistant,,
ERS016479,Staphylococcus aureus,Staphylococcus aureus,0.9879652542478506,ERR029354,ENA_SAMEA800314,ERY,Resistant,Resistant,,
ERS016480,Staphylococcus aureus,Staphylococcus aureus,0.9878242202716646,ERR029354,ENA_SAMEA800193,ERY,Resistant,Resistant,,
ERS016481,Staphylococcus aureus,Staphylococcus aureus,0.9878791566183384,ERR029354,ENA_SAMEA800243,ERY,Resistant,Resistant,,
ERS016482,Staphylococcus aureus,Staphylococcus aureus,0.9878229160107096,ERR029354,ENA_SAMEA800191,ERY,Resistant,Resistant,,
ERS016483,Staphylococcus aureus,Staphylococcus aureus,0.9879946414141986,ERR029354,ENA_SAMEA800192,ERY,Resistant,Resistant,,
ERS016486,Staphylococcus aureus,Staphylococcus aureus,0.9880457860410452,ERR029354,ENA_SAMEA800187,ERY,Resistant,Resistant,,
ERS016487,Staphylococcus aureus,Staphylococcus aureus,0.9880059995675904,ERR029354,ENA_SAMEA800188,ERY,Resistant,Resistant,,
ERS016488,Staphylococcus aureus,Staphylococcus aureus,0.9880081112529566,ERR029354,ENA_SAMEA800197,ERY,Susceptible,Susceptible,,
ERS016489,Staphylococcus aureus,Staphylococcus aureus,0.9878791566183384,ERR029354,ENA_SAMEA800198,ERY,Resistant,Resistant,,
ERS016490,Staphylococcus aureus,Staphylococcus aureus,0.9879522387639054,ERR029354,ENA_SAMEA800366,ERY,Resistant,Resistant,,
ERS016484,Staphylococcus aureus,Staphylococcus aureus,0.9879631112573878,ERR029367,ENA_SAMEA800189,ERY,Resistant,Resistant,,
ERS016485,Staphylococcus aureus,Staphylococcus aureus,0.987844879257517,ERR029367,ENA_SAMEA800190,ERY,Resistant,Resistant,,
ERS016491,Staphylococcus aureus,Staphylococcus aureus,0.9878910611467102,ERR029367,ENA_SAMEA800365,ERY,Susceptible,Susceptible,,
ERS016492,Staphylococcus aureus,Staphylococcus aureus,0.9879889639040186,ERR029367,ENA_SAMEA800368,ERY,Resistant,Resistant,,
ERS016493,Staphylococcus aureus,Staphylococcus aureus,0.9877458134631716,ERR029367,ENA_SAMEA800367,ERY,Resistant,Resistant,,
ERS016494,Staphylococcus aureus,Staphylococcus aureus,0.9881540370383988,ERR029367,ENA_SAMEA800362,ERY,Resistant,Resistant,,
ERS016495,Staphylococcus aureus,Staphylococcus aureus,0.9881540370383988,ERR029367,ENA_SAMEA800361,ERY,Resistant,Resistant,,
ERS016496,Staphylococcus aureus,Staphylococcus aureus,0.9881489336248542,ERR029367,ENA_SAMEA800364,ERY,Resistant,Resistant,,
ERS016497,Staphylococcus aureus,Staphylococcus aureus,0.9880235808525974,ERR029367,ENA_SAMEA800363,ERY,Resistant,Resistant,,
ERS016499,Staphylococcus aureus,Staphylococcus aureus,0.9879946414141986,ERR029367,ENA_SAMEA800373,ERY,Resistant,Resistant,,
ERS016500,Staphylococcus aureus,Staphylococcus aureus,0.9880168292900442,ERR029367,ENA_SAMEA800242,ERY,Resistant,Resistant,,
ERS016501,Staphylococcus aureus,Staphylococcus aureus,0.987834341410486,ERR029367,ENA_SAMEA800241,ERY,Resistant,Resistant,,
ERS016498,Staphylococcus aureus,Staphylococcus aureus,0.9880292676792942,ERR029388,ENA_SAMEA800374,ERY,Resistant,Resistant,,
ERS016502,Staphylococcus aureus,Staphylococcus aureus,0.9872821132986882,ERR029380,ENA_SAMEA800240,ERY,Susceptible,Susceptible,,
ERS016503,Staphylococcus aureus,Staphylococcus aureus,0.9876445955099163,ERR029380,ENA_SAMEA800239,ERY,Resistant,Resistant,,
ERS016504,Staphylococcus aureus,Staphylococcus aureus,0.9882048130184006,ERR029380,ENA_SAMEA800238,ERY,Susceptible,Susceptible,,
ERS016505,Staphylococcus aureus,Staphylococcus aureus,0.987873902117223,ERR029380,ENA_SAMEA800237,ERY,Resistant,Resistant,,
ERS016507,Staphylococcus aureus,Staphylococcus aureus,0.9880241176348304,ERR029380,ENA_SAMEA800235,ERY,Resistant,Resistant,,
ERS016508,Staphylococcus aureus,Staphylococcus aureus,0.9880571630278554,ERR029380,ENA_SAMEA800245,ERY,Resistant,Resistant,,
ERS016509,Staphylococcus aureus,Staphylococcus aureus,0.9880003199685964,ERR029380,ENA_SAMEA800244,ERY,Resistant,Resistant,,
ERS016510,Staphylococcus aureus,Staphylococcus aureus,0.98801736190088,ERR029380,ENA_SAMEA800298,ERY,Resistant,Resistant,,
ERS016512,Staphylococcus aureus,Staphylococcus aureus,0.9880225089839432,ERR029380,ENA_SAMEA800300,ERY,Resistant,Resistant,,
ERS016513,Staphylococcus aureus,Staphylococcus aureus,0.9877852658130428,ERR029380,ENA_SAMEA800301,ERY,Resistant,Resistant,,
ERS016506,Staphylococcus aureus,Staphylococcus aureus,0.9877848569335892,ERR030145,ENA_SAMEA800236,ERY,Resistant,Resistant,,
ERS016514,Staphylococcus aureus,Staphylococcus aureus,0.9879951624199964,ERR030145,ENA_SAMEA800302,ERY,Resistant,Resistant,,
ERS016515,Staphylococcus aureus,Staphylococcus aureus,0.9880116802115586,ERR030145,ENA_SAMEA800303,ERY,Resistant,Resistant,,
ERS016516,Staphylococcus aureus,Staphylococcus aureus,0.9877968912620212,ERR030145,ENA_SAMEA800304,ERY,Resistant,Resistant,,
ERS016517,Staphylococcus aureus,Staphylococcus aureus,0.987956922942866,ERR030145,ENA_SAMEA800305,ERY,Susceptible,Susceptible,,
ERS016518,Staphylococcus aureus,Staphylococcus aureus,0.9879554205078692,ERR030145,ENA_SAMEA800296,ERY,Resistant,Resistant,,
ERS016519,Staphylococcus aureus,Staphylococcus aureus,0.9948196713931478,ERR030145,ENA_SAMEA800297,ERY,Resistant,Resistant,,
ERS016520,Staphylococcus aureus,Staphylococcus aureus,0.9879667701207924,ERR030145,ENA_SAMEA800178,ERY,Resistant,Resistant,,
ERS016521,Staphylococcus aureus,Staphylococcus aureus,0.994541547788232,ERR030145,ENA_SAMEA800177,ERY,Resistant,Resistant,,
ERS016522,Staphylococcus aureus,Staphylococcus aureus,0.9880008440143296,ERR030145,ENA_SAMEA800180,ERY,Resistant,Resistant,,
ERS016523,Staphylococcus aureus,Staphylococcus aureus,0.9881540370383988,ERR030145,ENA_SAMEA800179,ERY,Resistant,Resistant,,
ERS016524,Staphylococcus aureus,Staphylococcus aureus,0.9879843178389964,ERR030145,ENA_SAMEA800182,ERY,Resistant,Resistant,,
ERS016525,Staphylococcus aureus,Staphylococcus aureus,0.9948864588738698,ERR030159,ENA_SAMEA800181,ERY,Resistant,Resistant,,
ERS016526,Staphylococcus aureus,Staphylococcus aureus,0.9880344132447504,ERR030158,ENA_SAMEA800184,ERY,Resistant,Resistant,,
ERS016527,Staphylococcus aureus,Staphylococcus aureus,0.9880338715070954,ERR030158,ENA_SAMEA800183,ERY,Resistant,Resistant,,
ERS016528,Staphylococcus aureus,Staphylococcus aureus,0.9880235808525974,ERR030158,ENA_SAMEA800186,ERY,Resistant,Resistant,,
ERS016529,Staphylococcus aureus,Staphylococcus aureus,0.9947230555629848,ERR030158,ENA_SAMEA800185,ERY,Resistant,Resistant,,
ERS016532,Staphylococcus aureus,Staphylococcus aureus,0.9879781239074944,ERR030158,ENA_SAMEA800209,ERY,Resistant,Resistant,,
ERS016536,Staphylococcus aureus,Staphylococcus aureus,0.994676607753048,ERR030158,ENA_SAMEA800213,ERY,Resistant,Resistant,,
ERS016537,Staphylococcus aureus,Staphylococcus aureus,0.9879894818709982,ERR030158,ENA_SAMEA800214,ERY,Resistant,Resistant,,
ERS016538,Staphylococcus aureus,Staphylococcus aureus,0.9878339014333656,ERR030158,ENA_SAMEA800217,ERY,Resistant,Resistant,,
ERS016539,Staphylococcus aureus,Staphylococcus aureus,0.9882569418507324,ERR030158,ENA_SAMEA800218,ERY,Resistant,Resistant,,
ERS016533,Staphylococcus aureus,Staphylococcus aureus,0.99470398167343,ERR030172,ENA_SAMEA800210,ERY,Resistant,Resistant,,
ERS016534,Staphylococcus aureus,Staphylococcus aureus,0.994734177927011,ERR030171,ENA_SAMEA800215,ERY,Resistant,Resistant,,
ERS016535,Staphylococcus aureus,Staphylococcus aureus,0.994630689571241,ERR030171,ENA_SAMEA800216,ERY,Resistant,Resistant,,
ERS016540,Staphylococcus aureus,Staphylococcus aureus,0.994793464340286,ERR030171,ENA_SAMEA800380,ERY,Resistant,Resistant,,
ERS016541,Staphylococcus aureus,Staphylococcus aureus,0.9947987457155386,ERR030171,ENA_SAMEA800379,ERY,Resistant,Resistant,,
ERS016542,Staphylococcus aureus,Staphylococcus aureus,0.9877992352351772,ERR030171,ENA_SAMEA800378,ERY,Resistant,Resistant,,
ERS016543,Staphylococcus aureus,Staphylococcus aureus,0.9880349555536022,ERR030171,ENA_SAMEA800377,ERY,Resistant,Resistant,,
ERS016544,Staphylococcus aureus,Staphylococcus aureus,0.987828191278772,ERR030171,ENA_SAMEA800384,ERY,Resistant,Resistant,,
ERS016545,Staphylococcus aureus,Staphylococcus aureus,0.9946024630817504,ERR030171,ENA_SAMEA800383,ERY,Resistant,Resistant,,
ERS016546,Staphylococcus aureus,Staphylococcus aureus,0.9947099505478422,ERR030171,ENA_SAMEA800382,ERY,Resistant,Resistant,,
ERS016547,Staphylococcus aureus,Staphylococcus aureus,0.994767236558914,ERR030171,ENA_SAMEA800381,ERY,Resistant,Resistant,,
ERS016548,Staphylococcus aureus,Staphylococcus aureus,0.9880235808525974,ERR030171,ENA_SAMEA800386,ERY,Resistant,Resistant,,
ERS016549,Staphylococcus aureus,Staphylococcus aureus,0.9877092670107908,ERR030184,ENA_SAMEA800385,ERY,Resistant,Resistant,,
ERS016550,Staphylococcus aureus,Staphylococcus aureus,0.9947744546886992,ERR030184,ENA_SAMEA800203,ERY,Resistant,Resistant,,
ERS016551,Staphylococcus aureus,Staphylococcus aureus,0.9947744546886992,ERR030184,ENA_SAMEA800204,ERY,Resistant,Resistant,,
ERS016552,Staphylococcus aureus,Staphylococcus aureus,0.9948553014089117,ERR030184,ENA_SAMEA800205,ERY,Resistant,Resistant,,
ERS016553,Staphylococcus aureus,Staphylococcus aureus,0.9946433006860724,ERR030184,ENA_SAMEA800206,ERY,Resistant,Resistant,,
ERS016554,Staphylococcus aureus,Staphylococcus aureus,0.9946821624023784,ERR030184,ENA_SAMEA800199,ERY,Resistant,Resistant,,
ERS016555,Staphylococcus aureus,Staphylococcus aureus,0.9948194025443832,ERR030184,ENA_SAMEA800200,ERY,Resistant,Resistant,,
ERS016556,Staphylococcus aureus,Staphylococcus aureus,0.9948400393351604,ERR030184,ENA_SAMEA800201,ERY,Resistant,Resistant,,
ERS016557,Staphylococcus aureus,Staphylococcus aureus,0.994604487496826,ERR030184,ENA_SAMEA800202,ERY,Resistant,Resistant,,
ERS016558,Staphylococcus aureus,Staphylococcus aureus,0.9948422213616434,ERR030184,ENA_SAMEA800207,ERY,Resistant,Resistant,,
ERS016562,Staphylococcus aureus,Staphylococcus aureus,0.9946797258709714,ERR030184,ENA_SAMEA800335,ERY,Resistant,Resistant,,
ERS016563,Staphylococcus aureus,Staphylococcus aureus,0.9948101940556288,ERR030184,ENA_SAMEA800334,ERY,Resistant,Resistant,,
ERS016559,Staphylococcus aureus,Staphylococcus aureus,0.994741716158392,ERR030197,ENA_SAMEA800208,ERY,Resistant,Resistant,,
ERS016560,Staphylococcus aureus,Staphylococcus aureus,0.9947377635567384,ERR030197,ENA_SAMEA800333,ERY,Resistant,Resistant,,
ERS016561,Staphylococcus aureus,Staphylococcus aureus,0.9948271923648604,ERR030197,ENA_SAMEA800332,ERY,Resistant,Resistant,,
ERS016564,Staphylococcus aureus,Staphylococcus aureus,0.994628675806416,ERR030197,ENA_SAMEA800327,ERY,Resistant,Resistant,,
ERS016565,Staphylococcus aureus,Staphylococcus aureus,0.9945590196390744,ERR030197,ENA_SAMEA800325,ERY,Resistant,Resistant,,
ERS016566,Staphylococcus aureus,Staphylococcus aureus,0.9948308238301042,ERR030197,ENA_SAMEA800331,ERY,Resistant,Resistant,,
ERS016567,Staphylococcus aureus,Staphylococcus aureus,0.9948233003914504,ERR030197,ENA_SAMEA800329,ERY,Resistant,Resistant,,
ERS016570,Staphylococcus aureus,Staphylococcus aureus,0.9880111506407586,ERR030197,ENA_SAMEA800359,ERY,Susceptible,Susceptible,,
ERS016571,Staphylococcus aureus,Staphylococcus aureus,0.9947472779110988,ERR030197,ENA_SAMEA800360,ERY,Resistant,Resistant,,
ERS016572,Staphylococcus aureus,Staphylococcus aureus,0.9946584090615528,ERR030197,ENA_SAMEA800357,ERY,Resistant,Resistant,,
ERS016573,Staphylococcus aureus,Staphylococcus aureus,0.994828879037998,ERR030210,ENA_SAMEA800358,ERY,Resistant,Resistant,,
ERS016574,Staphylococcus aureus,Staphylococcus aureus,0.9951652888221396,ERR030210,ENA_SAMEA800355,ERY,Resistant,Resistant,,
ERS016575,Staphylococcus aureus,Staphylococcus aureus,0.9946936963988684,ERR030210,ENA_SAMEA800356,ERY,Resistant,Resistant,,
ERS016576,Staphylococcus aureus,Staphylococcus aureus,0.9948138210401608,ERR030210,ENA_SAMEA800353,ERY,Resistant,Resistant,,
ERS016577,Staphylococcus aureus,Staphylococcus aureus,0.9949107618472226,ERR030210,ENA_SAMEA800354,ERY,Resistant,Resistant,,
ERS016578,Staphylococcus aureus,Staphylococcus aureus,0.9947970825375936,ERR030210,ENA_SAMEA800351,ERY,Resistant,Resistant,,
ERS016579,Staphylococcus aureus,Staphylococcus aureus,0.9948009958105676,ERR030210,ENA_SAMEA800352,ERY,Resistant,Resistant,,
ERS016580,Staphylococcus aureus,Staphylococcus aureus,0.9948677475098164,ERR030210,ENA_SAMEA800261,ERY,Resistant,Resistant,,
ERS016581,Staphylococcus aureus,Staphylococcus aureus,0.9948085229555412,ERR030210,ENA_SAMEA800260,ERY,Resistant,Resistant,,
ERS016582,Staphylococcus aureus,Staphylococcus aureus,0.9947859285407606,ERR030210,ENA_SAMEA800259,ERY,Resistant,Resistant,,
ERS016583,Staphylococcus aureus,Staphylococcus aureus,0.994782001644168,ERR030210,ENA_SAMEA800258,ERY,Resistant,Resistant,,
ERS016584,Staphylococcus aureus,Staphylococcus aureus,0.994675720738804,ERR029456,ENA_SAMEA800257,ERY,Resistant,Resistant,,
ERS016585,Staphylococcus aureus,Staphylococcus aureus,0.9944772986414984,ERR029456,ENA_SAMEA800256,ERY,Resistant,Resistant,,
ERS016586,Staphylococcus aureus,Staphylococcus aureus,0.9948196713931478,ERR029456,ENA_SAMEA800255,ERY,Resistant,Resistant,,
ERS016587,Staphylococcus aureus,Staphylococcus aureus,0.9878695613561992,ERR029456,ENA_SAMEA800254,ERY,Resistant,Resistant,,
ERS016588,Staphylococcus aureus,Staphylococcus aureus,0.9947675689163396,ERR029456,ENA_SAMEA800253,ERY,Resistant,Resistant,,
ERS016589,Staphylococcus aureus,Staphylococcus aureus,0.9947993333906188,ERR029456,ENA_SAMEA800252,ERY,Resistant,Resistant,,
ERS016590,Staphylococcus aureus,Staphylococcus aureus,0.9948157726286804,ERR029456,ENA_SAMEA800273,ERY,Resistant,Resistant,,
ERS016591,Staphylococcus aureus,Staphylococcus aureus,0.9947823161963688,ERR029456,ENA_SAMEA800274,ERY,Resistant,Resistant,,
ERS016592,Staphylococcus aureus,Staphylococcus aureus,0.9947728119834128,ERR029456,ENA_SAMEA800275,ERY,Resistant,Resistant,,
ERS016596,Staphylococcus aureus,Staphylococcus aureus,0.9946634979956696,ERR029456,ENA_SAMEA800279,ERY,Resistant,Resistant,,
ERS016597,Staphylococcus aureus,Staphylococcus aureus,0.9947783884080492,ERR029456,ENA_SAMEA800280,ERY,Resistant,Resistant,,
ERS016593,Staphylococcus aureus,Staphylococcus aureus,0.9947987457155386,ERR029468,ENA_SAMEA800276,ERY,Resistant,Resistant,,
ERS016594,Staphylococcus aureus,Staphylococcus aureus,0.9950059178868312,ERR029468,ENA_SAMEA800277,ERY,Resistant,Resistant,,
ERS016595,Staphylococcus aureus,Staphylococcus aureus,0.9947990399117852,ERR029468,ENA_SAMEA800278,ERY,Resistant,Resistant,,
ERS016598,Staphylococcus aureus,Staphylococcus aureus,0.9944290130136136,ERR029468,ENA_SAMEA800281,ERY,Resistant,Resistant,,
ERS016599,Staphylococcus aureus,Staphylococcus aureus,0.9947234957285848,ERR029468,ENA_SAMEA800282,ERY,Resistant,Resistant,,
ERS016600,Staphylococcus aureus,Staphylococcus aureus,0.9945566959237472,ERR029468,ENA_SAMEA800289,ERY,Resistant,Resistant,,
ERS016602,Staphylococcus aureus,Staphylococcus aureus,0.9878581109157744,ERR029468,ENA_SAMEA800291,ERY,Susceptible,Susceptible,,
ERS016603,Staphylococcus aureus,Staphylococcus aureus,0.9947970825375936,ERR029468,ENA_SAMEA800292,ERY,Resistant,Resistant,,
ERS016606,Staphylococcus aureus,Staphylococcus aureus,0.9948529126298692,ERR029468,ENA_SAMEA800287,ERY,Resistant,Resistant,,
ERS016607,Staphylococcus aureus,Staphylococcus aureus,0.994733056393514,ERR029468,ENA_SAMEA800288,ERY,Resistant,Resistant,,
ERS016604,Staphylococcus aureus,Staphylococcus aureus,0.9946634979956696,ERR030222,ENA_SAMEA800285,ERY,Resistant,Resistant,,
ERS016605,Staphylococcus aureus,Staphylococcus aureus,0.9947377635567384,ERR030222,ENA_SAMEA800286,ERY,Resistant,Resistant,,
ERS016608,Staphylococcus aureus,Staphylococcus aureus,0.9948957249845478,ERR030222,ENA_SAMEA800283,ERY,Resistant,Resistant,,
ERS016609,Staphylococcus aureus,Staphylococcus aureus,0.9880168292900442,ERR030222,ENA_SAMEA800284,ERY,Susceptible,Susceptible,,
ERS016610,Staphylococcus aureus,Staphylococcus aureus,0.9945505713658122,ERR030222,ENA_SAMEA800268,ERY,Resistant,Resistant,,
ERS016611,Staphylococcus aureus,Staphylococcus aureus,0.9949518632035168,ERR030222,ENA_SAMEA800267,ERY,Resistant,Resistant,,
ERS016612,Staphylococcus aureus,Staphylococcus aureus,0.9949668629328206,ERR030222,ENA_SAMEA800266,ERY,Resistant,Resistant,,
ERS016613,Staphylococcus aureus,Staphylococcus aureus,0.9947990399117852,ERR030222,ENA_SAMEA800265,ERY,Resistant,Resistant,,
ERS016614,Staphylococcus aureus,Staphylococcus aureus,0.9947436902284222,ERR030222,ENA_SAMEA800272,ERY,Resistant,Resistant,,
ERS016615,Staphylococcus aureus,Staphylococcus aureus,0.9945863897417174,ERR030222,ENA_SAMEA800271,ERY,Resistant,Resistant,,
ERS016616,Staphylococcus aureus,Staphylococcus aureus,0.9948473251066868,ERR030222,ENA_SAMEA800270,ERY,Resistant,Resistant,,
ERS016617,Staphylococcus aureus,Staphylococcus aureus,0.9948436805193864,ERR030234,ENA_SAMEA800269,ERY,Resistant,Resistant,,
ERS016618,Staphylococcus aureus,Staphylococcus aureus,0.994826932778811,ERR030234,ENA_SAMEA800264,ERY,Resistant,Resistant,,
ERS016619,Staphylococcus aureus,Staphylococcus aureus,0.9946907226202208,ERR030234,ENA_SAMEA800263,ERY,Resistant,Resistant,,
ERS016620,Staphylococcus aureus,Staphylococcus aureus,0.9947751016106096,ERR030234,ENA_SAMEA800336,ERY,Resistant,Resistant,,
ERS016622,Staphylococcus aureus,Staphylococcus aureus,0.9947875819992807,ERR030234,ENA_SAMEA800250,ERY,Resistant,Resistant,,
ERS016623,Staphylococcus aureus,Staphylococcus aureus,0.9948308238301042,ERR030234,ENA_SAMEA800251,ERY,Resistant,Resistant,,
ERS016624,Staphylococcus aureus,Staphylococcus aureus,0.9948196713931478,ERR030234,ENA_SAMEA800248,ERY,Resistant,Resistant,,
ERS016625,Staphylococcus aureus,Staphylococcus aureus,0.994726635366765,ERR030234,ENA_SAMEA800249,ERY,Resistant,Resistant,,
ERS016626,Staphylococcus aureus,Staphylococcus aureus,0.9948062855456702,ERR030234,ENA_SAMEA800246,ERY,Resistant,Resistant,,
ERS016627,Staphylococcus aureus,Staphylococcus aureus,0.9880065266543776,ERR030234,ENA_SAMEA800247,ERY,Resistant,Resistant,,
ERS016630,Staphylococcus aureus,Staphylococcus aureus,0.994840282885495,ERR030234,ENA_SAMEA800224,ERY,Resistant,Resistant,,
ERS016628,Staphylococcus aureus,Staphylococcus aureus,0.9880008440143296,ERR030246,ENA_SAMEA800350,ERY,Resistant,Resistant,,
ERS016629,Staphylococcus aureus,Staphylococcus aureus,0.987868184559506,ERR030246,ENA_SAMEA800320,ERY,Resistant,Resistant,,
ERS016631,Staphylococcus aureus,Staphylococcus aureus,0.9950566031400752,ERR030246,ENA_SAMEA800223,ERY,Resistant,Resistant,,
ERS016632,Staphylococcus aureus,Staphylococcus aureus,0.994559318121696,ERR030246,ENA_SAMEA800226,ERY,Resistant,Resistant,,
ERS016633,Staphylococcus aureus,Staphylococcus aureus,0.9880168292900442,ERR030246,ENA_SAMEA800225,ERY,Resistant,Resistant,,
ERS016634,Staphylococcus aureus,Staphylococcus aureus,0.9878853404104386,ERR030246,ENA_SAMEA800220,ERY,Resistant,Resistant,,
ERS016635,Staphylococcus aureus,Staphylococcus aureus,0.9948424755923952,ERR030246,ENA_SAMEA800219,ERY,Resistant,Resistant,,
ERS016636,Staphylococcus aureus,Staphylococcus aureus,0.9947951236863194,ERR030246,ENA_SAMEA800222,ERY,Resistant,Resistant,,
ERS016639,Staphylococcus aureus,Staphylococcus aureus,0.9880219738957372,ERR030246,ENA_SAMEA800227,ERY,Resistant,Resistant,,
ERS016640,Staphylococcus aureus,Staphylococcus aureus,0.9948138210401608,ERR030246,ENA_SAMEA800229,ERY,Resistant,Resistant,,
ERS016637,Staphylococcus aureus,Staphylococcus aureus,0.994817722745787,ERR030258,ENA_SAMEA800221,ERY,Resistant,Resistant,,
ERS016638,Staphylococcus aureus,Staphylococcus aureus,0.9944931950643098,ERR030258,ENA_SAMEA800228,ERY,Resistant,Resistant,,
ERS016641,Staphylococcus aureus,Staphylococcus aureus,0.994817722745787,ERR030258,ENA_SAMEA800230,ERY,Resistant,Resistant,,
ERS016642,Staphylococcus aureus,Staphylococcus aureus,0.9880679841866692,ERR030258,ENA_SAMEA800231,ERY,Susceptible,Susceptible,,
ERS016643,Staphylococcus aureus,Staphylococcus aureus,0.9948101940556288,ERR030258,ENA_SAMEA800232,ERY,Resistant,Resistant,,
ERS016644,Staphylococcus aureus,Staphylococcus aureus,0.9948252471115308,ERR030258,ENA_SAMEA800233,ERY,Resistant,Resistant,,
ERS016645,Staphylococcus aureus,Staphylococcus aureus,0.9948233003914504,ERR030258,ENA_SAMEA800234,ERY,Resistant,Resistant,,
ERS016646,Staphylococcus aureus,Staphylococcus aureus,0.9879946414141986,ERR030258,ENA_SAMEA800294,ERY,Susceptible,Susceptible,,
ERS016647,Staphylococcus aureus,Staphylococcus aureus,0.9878563008160856,ERR030258,ENA_SAMEA800194,ERY,Resistant,Resistant,,
ERS016648,Staphylococcus aureus,Staphylococcus aureus,0.9948213522029564,ERR030258,ENA_SAMEA800195,ERY,Resistant,Resistant,,
ERS016649,Staphylococcus aureus,Staphylococcus aureus,0.9947079624219128,ERR030258,ENA_SAMEA800196,ERY,Resistant,Resistant,,
ERS016650,Staphylococcus aureus,Staphylococcus aureus,0.9877255887087056,ERR030270,ENA_SAMEA800376,ERY,Resistant,Resistant,,
ERS016651,Staphylococcus aureus,Staphylococcus aureus,0.9880127410285215,ERR030270,ENA_SAMEA800375,ERY,Resistant,Resistant,,
ERS016652,Staphylococcus aureus,Staphylococcus aureus,0.994864305165344,ERR030270,ENA_SAMEA800295,ERY,Resistant,Resistant,,
ERS016653,Staphylococcus aureus,Staphylococcus aureus,0.9947361554005985,ERR030270,ENA_SAMEA800293,ERY,Resistant,Resistant,,
ERS016654,Staphylococcus aureus,Staphylococcus aureus,0.994617076863773,ERR030270,ENA_SAMEA800372,ERY,Resistant,Resistant,,
ERS016655,Staphylococcus aureus,Staphylococcus aureus,0.9947115372439204,ERR030270,ENA_SAMEA800371,ERY,Resistant,Resistant,,
ERS016656,Staphylococcus aureus,Staphylococcus aureus,0.9948157726286804,ERR030270,ENA_SAMEA800370,ERY,Resistant,Resistant,,
ERS016657,Staphylococcus aureus,Staphylococcus aureus,0.9947931633562862,ERR030270,ENA_SAMEA800369,ERY,Resistant,Resistant,,
ERS016658,Staphylococcus aureus,Staphylococcus aureus,0.9948252471115308,ERR030270,ENA_SAMEA800316,ERY,Resistant,Resistant,,
ERS016661,Staphylococcus aureus,Staphylococcus aureus,0.9879894818709982,ERR030270,ENA_SAMEA800343,ERY,Resistant,Resistant,,
ERS016662,Staphylococcus aureus,Staphylococcus aureus,0.9948327671567914,ERR031661,ENA_SAMEA800340,ERY,Resistant,Resistant,,
ERS016663,Staphylococcus aureus,Staphylococcus aureus,0.99480266103712,ERR031661,ENA_SAMEA800341,ERY,Resistant,Resistant,,
ERS016664,Staphylococcus aureus,Staphylococcus aureus,0.9948827937021478,ERR031661,ENA_SAMEA800346,ERY,Resistant,Resistant,,
ERS016665,Staphylococcus aureus,Staphylococcus aureus,0.9948007041150418,ERR031661,ENA_SAMEA800347,ERY,Resistant,Resistant,,
ERS016666,Staphylococcus aureus,Staphylococcus aureus,0.9948419802692362,ERR031661,ENA_SAMEA800344,ERY,Resistant,Resistant,,
ERS016667,Staphylococcus aureus,Staphylococcus aureus,0.9948062855456702,ERR031661,ENA_SAMEA800345,ERY,Resistant,Resistant,,
ERS016668,Staphylococcus aureus,Staphylococcus aureus,0.99480266103712,ERR031661,ENA_SAMEA800338,ERY,Resistant,Resistant,,
ERS016669,Staphylococcus aureus,Staphylococcus aureus,0.9878752881694792,ERR031661,ENA_SAMEA800339,ERY,Resistant,Resistant,,
ERS016671,Staphylococcus aureus,Staphylococcus aureus,0.987862468060535,ERR031661,ENA_SAMEA800317,ERY,Resistant,Resistant,,
ERS254039,Neisseria gonorrhoeae,Neisseria gonorrhoeae,0.9973523903113096,ERR388285,ENA_SAMEA2076719,TET,Resistant,Resistant,128.0,64.0
ERS254050,Neisseria gonorrhoeae,Neisseria gonorrhoeae,0.9971040639996536,ERR388296,ENA_SAMEA2076402,TET,Resistant,Resistant,2.0,2.0
ERS254060,Neisseria gonorrhoeae,Neisseria gonorrhoeae,0.9975664984894864,ERR388306,ENA_SAMEA2076726,TET,Susceptible,Susceptible,0.25,0.25
ERS254068,Neisseria gonorrhoeae,Neisseria gonorrhoeae,0.997003787644106,ERR350014,ENA_SAMEA2076407,TET,Resistant,Resistant,2.0,2.0
ERS254073,Neisseria gonorrhoeae,Neisseria gonorrhoeae,0.9971732889632676,ERR350019,ENA_SAMEA2080312,TET,Intermediate,Resistant,1.5,2.0
ERS254077,Neisseria gonorrhoeae,Neisseria gonorrhoeae,0.9978388463255492,ERR350023,ENA_SAMEA2076410,TET,Resistant,Resistant,2.0,2.0
ERS254081,Neisseria gonorrhoeae,Neisseria gonorrhoeae,0.9973773444943158,ERR388327,ENA_SAMEA2076733,TET,Susceptible,Susceptible,0.016,0.06
ERS254086,Neisseria gonorrhoeae,Neisseria gonorrhoeae,0.9974627734974728,ERR388332,ENA_SAMEA2076413,TET,Susceptible,Susceptible,0.125,0.12
ERS254087,Neisseria gonorrhoeae,Neisseria gonorrhoeae,0.996721533230596,ERR350033,ENA_SAMEA2076735,TET,Susceptible,Susceptible,0.25,0.25
ERS254094,Neisseria gonorrhoeae,Neisseria gonorrhoeae,0.9971297992582352,ERR350040,ENA_SAMEA2080319,TET,Resistant,Resistant,16.0,16.0
ERS254109,Neisseria gonorrhoeae,Neisseria gonorrhoeae,0.9973407604597032,ERR350055,ENA_SAMEA2080323,TET,Resistant,Resistant,24.0,32.0
ERS254114,Neisseria gonorrhoeae,Neisseria gonorrhoeae,0.997232265956091,ERR350060,ENA_SAMEA2077003,TET,Susceptible,Susceptible,0.008,0.06
ERS254131,Neisseria gonorrhoeae,Neisseria gonorrhoeae,0.9971614685522217,ERR388377,ENA_SAMEA2076684,TET,Resistant,Resistant,32.0,32.0
ERS254133,Neisseria gonorrhoeae,Neisseria gonorrhoeae,0.997086192868798,ERR388379,ENA_SAMEA2080391,TET,Intermediate,Susceptible,0.75,1.0
ERS254141,Neisseria gonorrhoeae,Neisseria gonorrhoeae,0.997506596051913,ERR388387,ENA_SAMEA2077012,TET,Resistant,Resistant,16.0,16.0
ERS254147,Neisseria gonorrhoeae,Neisseria gonorrhoeae,0.997109284418656,ERR388393,ENA_SAMEA2077014,TET,Resistant,Resistant,32.0,32.0
ERS254152,Neisseria gonorrhoeae,Neisseria gonorrhoeae,0.9962938694133812,ERR388398,ENA_SAMEA2076691,TET,Susceptible,Susceptible,0.094,0.12
ERS254164,Neisseria gonorrhoeae,Neisseria gonorrhoeae,0.9969797652211788,ERR352732,ENA_SAMEA2076953,TET,Resistant,Resistant,2.0,2.0
ERS254166,Neisseria gonorrhoeae,Neisseria gonorrhoeae,0.9970006720467416,ERR352736,ENA_SAMEA2080402,TET,Resistant,Resistant,24.0,32.0
ERS254173,Neisseria gonorrhoeae,Neisseria gonorrhoeae,0.9970814014877312,ERR388419,ENA_SAMEA2076956,TET,Resistant,Resistant,24.0,32.0
ERS254175,Neisseria gonorrhoeae,Neisseria gonorrhoeae,0.9967496191692566,ERR352753,ENA_SAMEA2080405,TET,Resistant,Resistant,32.0,32.0
ERS254176,Neisseria gonorrhoeae,Neisseria gonorrhoeae,0.9968603801293974,ERR352755,ENA_SAMEA2076957,TET,Intermediate,Susceptible,1.0,1.0
ERS254182,Neisseria gonorrhoeae,Neisseria gonorrhoeae,0.9969286800943052,ERR352767,ENA_SAMEA2076959,TET,Susceptible,Susceptible,0.25,0.25
ERS254183,Neisseria gonorrhoeae,Neisseria gonorrhoeae,0.9971693189654628,ERR388429,ENA_SAMEA1972984,TET,Susceptible,Susceptible,0.125,0.12
ERS254184,Neisseria gonorrhoeae,Neisseria gonorrhoeae,0.9970001030948594,ERR388430,ENA_SAMEA2080408,TET,Resistant,Resistant,24.0,32.0
ERS254194,Neisseria gonorrhoeae,Neisseria gonorrhoeae,0.9964697578460768,ERR352792,ENA_SAMEA2076963,TET,Susceptible,Susceptible,0.125,0.12
ERS254203,Neisseria gonorrhoeae,Neisseria gonorrhoeae,0.9970966869610698,ERR388449,ENA_SAMEA2076966,TET,Susceptible,Susceptible,0.19,0.25
ERS254206,Neisseria gonorrhoeae,Neisseria gonorrhoeae,0.9969763323993704,ERR352817,ENA_SAMEA2076967,TET,Resistant,Resistant,3.0,4.0
ERS254208,Neisseria gonorrhoeae,Neisseria gonorrhoeae,0.996488887287808,ERR388454,ENA_SAMEA2080473,TET,Susceptible,Susceptible,0.25,0.25
ERS397553,Staphylococcus aureus,Staphylococcus aureus,0.9879371457607342,ERR418365,ENA_SAMEA2339882,ERY,Resistant,Resistant,,
ERS397893,Staphylococcus aureus,Staphylococcus aureus,0.992433390997848,ERR418705,ENA_SAMEA2340222,ERY,Susceptible,Susceptible,,
ERS397899,Staphylococcus aureus,Staphylococcus aureus,0.987766659974046,ERR418711,ENA_SAMEA2340228,ERY,Susceptible,Susceptible,,
ERS397954,Staphylococcus aureus,Staphylococcus aureus,0.9827577008675396,ERR418766,ENA_SAMEA2340283,ERY,Resistant,Resistant,,
ERS398251,Staphylococcus aureus,Staphylococcus aureus,0.9834656459099408,ERR419063,ENA_SAMEA2340580,ERY,Susceptible,Susceptible,,
SRS1069090,Salmonella enterica,Salmonella enterica,0.990758534431982,SRR2407762,ENA_SAMN03988442,GEN,Resistant,Resistant,16.0,16.0
SRS1069251,Salmonella enterica,Salmonella enterica,0.9906266977366406,SRR10992702,ENA_SAMN03988280,GEN,Resistant,Resistant,16.0,16.0
SRS1101996,Salmonella enterica,Salmonella enterica,0.9896255270244104,SRR2567132,ENA_SAMN03894330,GEN,Intermediate,Resistant,8.0,8.0
SRS1102174,Salmonella enterica,Salmonella enterica,0.9913184046877828,SRR2566966,ENA_SAMN03894164,GEN,Resistant,Resistant,16.0,16.0
SRS1102277,Salmonella enterica,Salmonella enterica,0.9913298341437152,SRR2566864,ENA_SAMN03894062,GEN,Resistant,Resistant,16.0,16.0
SRS1502039,Salmonella enterica,Salmonella enterica,0.99707770035593,SRR3664630,ENA_SAMN02699289,GEN,Intermediate,Resistant,8.0,8.0
SRS1502070,Salmonella enterica,Salmonella enterica,0.986905746150572,SRR3664666,ENA_SAMN02699299,GEN,Resistant,Resistant,16.0,16.0
SRS1502305,Salmonella enterica,Salmonella enterica,0.987204445476248,SRR3664901,ENA_SAMN02699349,GEN,Resistant,Resistant,16.0,16.0
SRS1502323,Salmonella enterica,Salmonella enterica,0.9866864834009093,SRR3664919,ENA_SAMN02699356,GEN,Resistant,Resistant,16.0,16.0
SRS1502491,Salmonella enterica,Salmonella enterica,0.9913679857387868,SRR3665086,ENA_SAMN02699221,GEN,Resistant,Resistant,16.0,16.0
SRS1502591,Salmonella enterica,Salmonella enterica,0.9913462494443728,SRR3665187,ENA_SAMN02699250,GEN,Resistant,Resistant,16.0,16.0
SRS1502664,Salmonella enterica,Salmonella enterica,0.991331082425272,SRR3665260,ENA_SAMN02699264,GEN,Resistant,Resistant,16.0,16.0
SRS1572154,Salmonella enterica,Salmonella enterica,0.9907875835717416,SRR10992710,ENA_SAMN05416424,GEN,Resistant,Resistant,16.0,16.0
SRS1739263,Streptococcus pneumoniae,Streptococcus pneumoniae,0.9904475715648492,SRR4417288,ENA_SAMN05898633,ERY,Susceptible,Susceptible,0.25,0.25
SRS1739264,Streptococcus pneumoniae,Streptococcus pneumoniae,0.9900768670528316,SRR4417289,ENA_SAMN05898634,ERY,Resistant,Resistant,2.0,2.0
SRS1739282,Streptococcus pneumoniae,Streptococcus pneumoniae,0.9904214285279436,SRR4417309,ENA_SAMN05898651,ERY,Susceptible,Susceptible,0.25,0.25
SRS1739335,Streptococcus pneumoniae,Streptococcus pneumoniae,0.9903851916253612,SRR4417367,ENA_SAMN05898576,ERY,Susceptible,Susceptible,0.25,0.25
SRS1739359,Streptococcus pneumoniae,Streptococcus pneumoniae,0.9903582819103672,SRR4417391,ENA_SAMN05898598,ERY,Susceptible,Susceptible,0.25,0.25
SRS1739383,Streptococcus pneumoniae,Streptococcus pneumoniae,0.9902604760890584,SRR4417415,ENA_SAMN05898620,ERY,Susceptible,Susceptible,0.25,0.25
SRS2403184,Acinetobacter baumannii,Acinetobacter baumannii,0.9832416553063648,SRR5891473,ENA_SAMN07445127,CAZ,Resistant,Resistant,64.0,64.0
SRS2403190,Acinetobacter baumannii,Acinetobacter baumannii,0.9832606781700852,SRR5891481,ENA_SAMN07445123,CAZ,Resistant,Resistant,64.0,64.0
SRS2403195,Acinetobacter baumannii,Acinetobacter baumannii,0.9834171649591454,SRR5891487,ENA_SAMN07445118,CAZ,Resistant,Resistant,64.0,64.0
SRS2403199,Acinetobacter baumannii,Acinetobacter baumannii,0.9837299023982092,SRR5891493,ENA_SAMN07445113,CAZ,Resistant,Resistant,64.0,64.0
SRS565117,Escherichia coli,Escherichia coli,0.986087734898385,SRR1180761,ENA_SAMN02581258,GEN,Resistant,Resistant,16.0,16.0
SRS693339,Salmonella enterica,Salmonella enterica,0.9834402077748234,SRR1562599,ENA_SAMN02782579,GEN,Resistant,Resistant,16.0,16.0
